SET NAMES utf8mb4;
SET FOREIGN_KEY_CHECKS = 0;

-- ----------------------------
-- Table structure for admin
-- ----------------------------
DROP TABLE IF EXISTS `admin`;
CREATE TABLE `admin`  (
  `id` bigint NOT NULL AUTO_INCREMENT COMMENT 'pk_id',
  `name` varchar(30) CHARACTER SET utf8mb4 COLLATE utf8mb4_0900_ai_ci NULL DEFAULT NULL COMMENT '管理员姓名',
  `number` char(11) CHARACTER SET utf8mb4 COLLATE utf8mb4_0900_ai_ci NULL DEFAULT NULL COMMENT '工号',
  `password` varchar(255) CHARACTER SET utf8mb4 COLLATE utf8mb4_0900_ai_ci NULL DEFAULT NULL COMMENT '密码',
  `salt` varchar(255) CHARACTER SET utf8mb4 COLLATE utf8mb4_0900_ai_ci NULL DEFAULT NULL COMMENT '密码盐值',
  `is_deleted` datetime NULL DEFAULT NULL COMMENT '逻辑删除(1为已删除 默认为0)',
  `gmt_create` datetime NOT NULL DEFAULT CURRENT_TIMESTAMP COMMENT '创建时间',
  `gmt_modified` datetime NOT NULL DEFAULT CURRENT_TIMESTAMP ON UPDATE CURRENT_TIMESTAMP COMMENT '修改时间',
  PRIMARY KEY (`id`) USING BTREE
) ENGINE = InnoDB AUTO_INCREMENT = 5 CHARACTER SET = utf8mb4 COLLATE = utf8mb4_0900_ai_ci ROW_FORMAT = Dynamic;

-- ----------------------------
-- Records of admin
-- ----------------------------
INSERT INTO `admin` VALUES (1, 'wzf', '20201002959', '57c3cb70f14ca167abc6dc3bde5d1cd8', 'hXFkAGtHgP', NULL, '2022-12-11 03:33:34', '2022-12-26 23:53:08');
INSERT INTO `admin` VALUES (2, 'hzq', '20201003198', '57c3cb70f14ca167abc6dc3bde5d1cd8', 'hXFkAGtHgP', NULL, '2022-12-11 03:33:47', '2022-12-26 23:53:08');
INSERT INTO `admin` VALUES (3, 'mqh', '20201003044', '57c3cb70f14ca167abc6dc3bde5d1cd8', 'hXFkAGtHgP', NULL, '2022-12-11 03:34:30', '2022-12-26 23:53:08');
INSERT INTO `admin` VALUES (4, 'zjx', '20201002968', '57c3cb70f14ca167abc6dc3bde5d1cd8', 'hXFkAGtHgP', NULL, '2022-12-11 03:34:46', '2022-12-26 23:53:08');

-- ----------------------------
-- Table structure for class
-- ----------------------------
DROP TABLE IF EXISTS `class`;
CREATE TABLE `class`  (
  `id` bigint NOT NULL AUTO_INCREMENT COMMENT 'pk_id',
  `name` varchar(255) CHARACTER SET utf8mb4 COLLATE utf8mb4_0900_ai_ci NOT NULL COMMENT '班级名称',
  `capacity` int NOT NULL COMMENT '班级人数',
  `is_deleted` tinyint NOT NULL DEFAULT 0 COMMENT '逻辑删除(1为已删除 默认为0)',
  `teacher_id` bigint NOT NULL COMMENT '授课教师id',
  `usual_percentage` decimal(5, 2) NOT NULL COMMENT '平时成绩百分比 ',
  `final_percentage` decimal(5, 2) NOT NULL COMMENT '期末成绩百分比',
  `gmt_create` datetime NOT NULL DEFAULT CURRENT_TIMESTAMP COMMENT '创建时间',
  `gmt_modified` datetime NOT NULL DEFAULT CURRENT_TIMESTAMP ON UPDATE CURRENT_TIMESTAMP COMMENT '修改时间',
  `is_closed` tinyint NOT NULL DEFAULT 0 COMMENT '是否结课 0 为未结课 1为已结课',
  `term` char(9) CHARACTER SET utf8mb4 COLLATE utf8mb4_0900_ai_ci NOT NULL COMMENT '学期',
  PRIMARY KEY (`id`) USING BTREE
) ENGINE = InnoDB AUTO_INCREMENT = 17 CHARACTER SET = utf8mb4 COLLATE = utf8mb4_0900_ai_ci ROW_FORMAT = Dynamic;

-- ----------------------------
-- Records of class
-- ----------------------------
INSERT INTO `class` VALUES (1, '软件工程1班', 50, 0, 56, 0.60, 0.40, '2022-12-24 03:24:09', '2022-12-26 22:42:41', 1, '202220231');
INSERT INTO `class` VALUES (2, '软件工程2班', 50, 0, 56, 0.60, 0.40, '2022-12-24 03:33:54', '2022-12-24 03:33:54', 0, '202220231');
INSERT INTO `class` VALUES (3, '高等数学(上)1班', 50, 0, 56, 0.60, 0.40, '2022-12-24 16:07:16', '2022-12-26 22:24:15', 0, '202220231');
INSERT INTO `class` VALUES (4, '互联网程序设计1班', 50, 0, 56, 0.60, 0.40, '2022-12-24 16:56:57', '2022-12-24 16:56:57', 0, '202220231');
INSERT INTO `class` VALUES (5, '高等数学(上)2班', 100, 0, 57, 0.60, 0.40, '2022-12-25 14:52:51', '2022-12-26 22:24:08', 0, '202220231');
INSERT INTO `class` VALUES (6, '高等数学(下)1班', 100, 0, 57, 0.60, 0.40, '2022-12-25 16:33:09', '2022-12-26 22:24:33', 0, '202220231');
INSERT INTO `class` VALUES (7, '互联网程序设计2班', 50, 0, 56, 0.60, 0.40, '2022-12-26 02:10:22', '2022-12-26 02:10:22', 0, '202220231');
INSERT INTO `class` VALUES (8, '软件测试1班', 50, 1, 56, 0.60, 0.40, '2022-12-27 03:21:22', '2022-12-27 03:28:56', 1, '202220231');
INSERT INTO `class` VALUES (9, '并发测试1班', 100, 1, 56, 0.60, 0.40, '2022-12-27 05:27:48', '2022-12-27 05:57:56', 0, '202220231');
INSERT INTO `class` VALUES (10, '并发测试2班', 100, 1, 56, 0.60, 0.40, '2022-12-27 05:54:47', '2022-12-27 05:57:54', 0, '202220231');
INSERT INTO `class` VALUES (11, '并发测试1班', 100, 0, 56, 0.60, 0.40, '2022-12-27 05:58:13', '2022-12-27 05:58:13', 0, '202220231');
INSERT INTO `class` VALUES (12, '软件测试1班', 50, 1, 56, 0.60, 0.40, '2022-12-27 15:59:08', '2022-12-27 15:59:19', 0, '202220231');
INSERT INTO `class` VALUES (13, '软件测试1班', 100, 1, 56, 0.60, 0.40, '2022-12-27 16:00:01', '2022-12-27 16:00:12', 0, '202220231');
INSERT INTO `class` VALUES (14, '软件测试1班', 200, 1, 56, 0.60, 0.40, '2022-12-27 16:01:52', '2022-12-27 16:02:17', 0, '202220231');
INSERT INTO `class` VALUES (15, '高等数学(上) 3班', 100, 0, 56, 0.60, 0.40, '2022-12-27 16:41:44', '2022-12-27 16:41:44', 0, '202220231');
INSERT INTO `class` VALUES (16, '软件测试1班', 100, 0, 56, 0.60, 0.40, '2022-12-27 17:01:53', '2022-12-27 17:01:53', 0, '202220231');

-- ----------------------------
-- Table structure for class_student
-- ----------------------------
DROP TABLE IF EXISTS `class_student`;
CREATE TABLE `class_student`  (
  `id` bigint NOT NULL AUTO_INCREMENT COMMENT 'pk_id',
  `student_id` bigint NOT NULL COMMENT '学生id',
  `class_id` bigint NOT NULL COMMENT '课程id',
  `usual_score` decimal(10, 2) NOT NULL COMMENT '平时创建',
  `final_score` decimal(10, 2) NOT NULL COMMENT '期末成绩',
  `is_deleted` tinyint NOT NULL DEFAULT 0 COMMENT '逻辑删除(1为已删除 默认为0)',
  `gmt_create` datetime NOT NULL DEFAULT CURRENT_TIMESTAMP COMMENT '创建时间',
  `gmt_modified` datetime NOT NULL DEFAULT CURRENT_TIMESTAMP ON UPDATE CURRENT_TIMESTAMP COMMENT '修改时间',
  PRIMARY KEY (`id`) USING BTREE
) ENGINE = InnoDB AUTO_INCREMENT = 629 CHARACTER SET = utf8mb4 COLLATE = utf8mb4_0900_ai_ci ROW_FORMAT = Dynamic;

-- ----------------------------
-- Records of class_student
-- ----------------------------
INSERT INTO `class_student` VALUES (1, 1008, 10, 100.00, 100.00, 1, '2022-12-24 03:13:03', '2022-12-27 05:57:54');
INSERT INTO `class_student` VALUES (2, 1009, 10, 100.00, 100.00, 1, '2022-12-24 03:13:18', '2022-12-27 05:57:54');
INSERT INTO `class_student` VALUES (3, 1008, 1, 100.00, 100.00, 1, '2022-12-24 03:24:17', '2023-01-04 02:13:05');
INSERT INTO `class_student` VALUES (4, 1009, 1, 100.00, 100.00, 0, '2022-12-24 03:24:25', '2022-12-24 03:41:24');
INSERT INTO `class_student` VALUES (5, 1008, 3, 100.00, 100.00, 1, '2022-12-24 16:07:22', '2022-12-25 16:23:57');
INSERT INTO `class_student` VALUES (6, 1008, 4, 0.00, 0.00, 1, '2022-12-24 16:57:02', '2022-12-25 16:22:41');
INSERT INTO `class_student` VALUES (7, 1008, 4, 0.00, 0.00, 1, '2022-12-25 16:22:47', '2022-12-25 16:23:40');
INSERT INTO `class_student` VALUES (8, 1008, 4, 0.00, 0.00, 1, '2022-12-25 16:23:42', '2022-12-25 16:23:55');
INSERT INTO `class_student` VALUES (9, 1008, 4, 100.00, 100.00, 0, '2022-12-25 16:24:01', '2022-12-27 16:19:19');
INSERT INTO `class_student` VALUES (10, 1008, 3, 0.00, 0.00, 0, '2022-12-25 16:24:03', '2022-12-25 16:24:03');
INSERT INTO `class_student` VALUES (11, 1, 7, 100.00, 100.00, 0, '2022-12-26 21:51:27', '2022-12-27 16:21:12');
INSERT INTO `class_student` VALUES (12, 1, 6, 0.00, 0.00, 1, '2022-12-26 21:52:23', '2022-12-26 21:54:33');
INSERT INTO `class_student` VALUES (13, 1, 5, 60.00, 60.00, 1, '2022-12-26 21:52:26', '2022-12-27 16:33:16');
INSERT INTO `class_student` VALUES (14, 1008, 6, 0.00, 0.00, 1, '2022-12-26 22:23:16', '2022-12-27 03:30:34');
INSERT INTO `class_student` VALUES (15, 1008, 6, 0.00, 0.00, 0, '2022-12-27 03:30:36', '2022-12-27 03:32:58');
INSERT INTO `class_student` VALUES (326, 231, 9, 0.00, 0.00, 1, '2022-12-27 05:42:59', '2022-12-27 05:57:56');
INSERT INTO `class_student` VALUES (327, 580, 9, 0.00, 0.00, 1, '2022-12-27 05:42:59', '2022-12-27 05:57:56');
INSERT INTO `class_student` VALUES (328, 130, 9, 0.00, 0.00, 1, '2022-12-27 05:42:59', '2022-12-27 05:57:56');
INSERT INTO `class_student` VALUES (329, 260, 9, 0.00, 0.00, 1, '2022-12-27 05:43:00', '2022-12-27 05:57:56');
INSERT INTO `class_student` VALUES (330, 985, 9, 0.00, 0.00, 1, '2022-12-27 05:43:00', '2022-12-27 05:57:56');
INSERT INTO `class_student` VALUES (331, 396, 9, 0.00, 0.00, 1, '2022-12-27 05:43:00', '2022-12-27 05:57:56');
INSERT INTO `class_student` VALUES (332, 619, 9, 0.00, 0.00, 1, '2022-12-27 05:43:00', '2022-12-27 05:57:56');
INSERT INTO `class_student` VALUES (333, 693, 9, 0.00, 0.00, 1, '2022-12-27 05:43:01', '2022-12-27 05:57:56');
INSERT INTO `class_student` VALUES (334, 406, 9, 0.00, 0.00, 1, '2022-12-27 05:43:02', '2022-12-27 05:57:56');
INSERT INTO `class_student` VALUES (335, 534, 9, 0.00, 0.00, 1, '2022-12-27 05:43:02', '2022-12-27 05:57:56');
INSERT INTO `class_student` VALUES (336, 893, 9, 0.00, 0.00, 1, '2022-12-27 05:43:02', '2022-12-27 05:57:56');
INSERT INTO `class_student` VALUES (337, 221, 9, 0.00, 0.00, 1, '2022-12-27 05:43:02', '2022-12-27 05:57:56');
INSERT INTO `class_student` VALUES (338, 834, 9, 0.00, 0.00, 1, '2022-12-27 05:43:02', '2022-12-27 05:57:56');
INSERT INTO `class_student` VALUES (339, 627, 9, 0.00, 0.00, 1, '2022-12-27 05:43:02', '2022-12-27 05:57:56');
INSERT INTO `class_student` VALUES (340, 636, 9, 0.00, 0.00, 1, '2022-12-27 05:43:02', '2022-12-27 05:57:56');
INSERT INTO `class_student` VALUES (341, 643, 9, 0.00, 0.00, 1, '2022-12-27 05:43:02', '2022-12-27 05:57:56');
INSERT INTO `class_student` VALUES (342, 515, 9, 0.00, 0.00, 1, '2022-12-27 05:43:02', '2022-12-27 05:57:56');
INSERT INTO `class_student` VALUES (343, 948, 9, 0.00, 0.00, 1, '2022-12-27 05:43:03', '2022-12-27 05:57:56');
INSERT INTO `class_student` VALUES (344, 557, 9, 0.00, 0.00, 1, '2022-12-27 05:43:03', '2022-12-27 05:57:56');
INSERT INTO `class_student` VALUES (345, 651, 9, 0.00, 0.00, 1, '2022-12-27 05:43:03', '2022-12-27 05:57:56');
INSERT INTO `class_student` VALUES (346, 570, 9, 0.00, 0.00, 1, '2022-12-27 05:43:03', '2022-12-27 05:57:56');
INSERT INTO `class_student` VALUES (347, 954, 9, 0.00, 0.00, 1, '2022-12-27 05:43:03', '2022-12-27 05:57:56');
INSERT INTO `class_student` VALUES (348, 361, 9, 0.00, 0.00, 1, '2022-12-27 05:43:03', '2022-12-27 05:57:56');
INSERT INTO `class_student` VALUES (349, 902, 9, 0.00, 0.00, 1, '2022-12-27 05:43:03', '2022-12-27 05:57:56');
INSERT INTO `class_student` VALUES (350, 689, 9, 0.00, 0.00, 1, '2022-12-27 05:43:03', '2022-12-27 05:57:56');
INSERT INTO `class_student` VALUES (351, 990, 9, 0.00, 0.00, 1, '2022-12-27 05:43:03', '2022-12-27 05:57:56');
INSERT INTO `class_student` VALUES (352, 888, 9, 0.00, 0.00, 1, '2022-12-27 05:43:03', '2022-12-27 05:57:56');
INSERT INTO `class_student` VALUES (353, 654, 9, 0.00, 0.00, 1, '2022-12-27 05:43:03', '2022-12-27 05:57:56');
INSERT INTO `class_student` VALUES (354, 204, 9, 0.00, 0.00, 1, '2022-12-27 05:43:03', '2022-12-27 05:57:56');
INSERT INTO `class_student` VALUES (355, 268, 9, 0.00, 0.00, 1, '2022-12-27 05:43:03', '2022-12-27 05:57:56');
INSERT INTO `class_student` VALUES (356, 597, 9, 0.00, 0.00, 1, '2022-12-27 05:43:03', '2022-12-27 05:57:56');
INSERT INTO `class_student` VALUES (357, 120, 9, 0.00, 0.00, 1, '2022-12-27 05:43:03', '2022-12-27 05:57:56');
INSERT INTO `class_student` VALUES (358, 996, 9, 0.00, 0.00, 1, '2022-12-27 05:43:03', '2022-12-27 05:57:56');
INSERT INTO `class_student` VALUES (359, 374, 9, 0.00, 0.00, 1, '2022-12-27 05:43:03', '2022-12-27 05:57:56');
INSERT INTO `class_student` VALUES (360, 807, 9, 0.00, 0.00, 1, '2022-12-27 05:43:03', '2022-12-27 05:57:56');
INSERT INTO `class_student` VALUES (361, 520, 9, 0.00, 0.00, 1, '2022-12-27 05:43:03', '2022-12-27 05:57:56');
INSERT INTO `class_student` VALUES (362, 925, 9, 0.00, 0.00, 1, '2022-12-27 05:43:03', '2022-12-27 05:57:56');
INSERT INTO `class_student` VALUES (363, 403, 9, 0.00, 0.00, 1, '2022-12-27 05:43:03', '2022-12-27 05:57:56');
INSERT INTO `class_student` VALUES (364, 467, 9, 0.00, 0.00, 1, '2022-12-27 05:43:03', '2022-12-27 05:57:56');
INSERT INTO `class_student` VALUES (365, 459, 9, 0.00, 0.00, 1, '2022-12-27 05:43:03', '2022-12-27 05:57:56');
INSERT INTO `class_student` VALUES (366, 56, 9, 0.00, 0.00, 1, '2022-12-27 05:43:03', '2022-12-27 05:57:56');
INSERT INTO `class_student` VALUES (367, 21, 9, 0.00, 0.00, 1, '2022-12-27 05:43:03', '2022-12-27 05:57:56');
INSERT INTO `class_student` VALUES (368, 138, 9, 0.00, 0.00, 1, '2022-12-27 05:43:03', '2022-12-27 05:57:56');
INSERT INTO `class_student` VALUES (369, 640, 9, 0.00, 0.00, 1, '2022-12-27 05:43:03', '2022-12-27 05:57:56');
INSERT INTO `class_student` VALUES (370, 445, 9, 0.00, 0.00, 1, '2022-12-27 05:43:03', '2022-12-27 05:57:56');
INSERT INTO `class_student` VALUES (371, 671, 9, 0.00, 0.00, 1, '2022-12-27 05:43:03', '2022-12-27 05:57:56');
INSERT INTO `class_student` VALUES (372, 724, 9, 0.00, 0.00, 1, '2022-12-27 05:43:03', '2022-12-27 05:57:56');
INSERT INTO `class_student` VALUES (373, 34, 9, 0.00, 0.00, 1, '2022-12-27 05:43:03', '2022-12-27 05:57:56');
INSERT INTO `class_student` VALUES (374, 144, 9, 0.00, 0.00, 1, '2022-12-27 05:43:03', '2022-12-27 05:57:56');
INSERT INTO `class_student` VALUES (375, 430, 9, 0.00, 0.00, 1, '2022-12-27 05:43:03', '2022-12-27 05:57:56');
INSERT INTO `class_student` VALUES (376, 214, 9, 0.00, 0.00, 1, '2022-12-27 05:43:03', '2022-12-27 05:57:56');
INSERT INTO `class_student` VALUES (377, 425, 9, 0.00, 0.00, 1, '2022-12-27 05:43:03', '2022-12-27 05:57:56');
INSERT INTO `class_student` VALUES (378, 264, 9, 0.00, 0.00, 1, '2022-12-27 05:43:03', '2022-12-27 05:57:56');
INSERT INTO `class_student` VALUES (379, 521, 9, 0.00, 0.00, 1, '2022-12-27 05:43:03', '2022-12-27 05:57:56');
INSERT INTO `class_student` VALUES (380, 511, 9, 0.00, 0.00, 1, '2022-12-27 05:43:03', '2022-12-27 05:57:56');
INSERT INTO `class_student` VALUES (381, 761, 9, 0.00, 0.00, 1, '2022-12-27 05:43:03', '2022-12-27 05:57:56');
INSERT INTO `class_student` VALUES (382, 513, 9, 0.00, 0.00, 1, '2022-12-27 05:43:03', '2022-12-27 05:57:56');
INSERT INTO `class_student` VALUES (383, 397, 9, 0.00, 0.00, 1, '2022-12-27 05:43:03', '2022-12-27 05:57:56');
INSERT INTO `class_student` VALUES (384, 408, 9, 0.00, 0.00, 1, '2022-12-27 05:43:03', '2022-12-27 05:57:56');
INSERT INTO `class_student` VALUES (385, 775, 9, 0.00, 0.00, 1, '2022-12-27 05:43:03', '2022-12-27 05:57:56');
INSERT INTO `class_student` VALUES (386, 729, 9, 0.00, 0.00, 1, '2022-12-27 05:43:03', '2022-12-27 05:57:56');
INSERT INTO `class_student` VALUES (387, 789, 9, 0.00, 0.00, 1, '2022-12-27 05:43:03', '2022-12-27 05:57:56');
INSERT INTO `class_student` VALUES (388, 628, 9, 0.00, 0.00, 1, '2022-12-27 05:43:03', '2022-12-27 05:57:56');
INSERT INTO `class_student` VALUES (389, 3, 9, 0.00, 0.00, 1, '2022-12-27 05:43:03', '2022-12-27 05:57:56');
INSERT INTO `class_student` VALUES (390, 827, 9, 0.00, 0.00, 1, '2022-12-27 05:43:04', '2022-12-27 05:57:56');
INSERT INTO `class_student` VALUES (391, 939, 9, 0.00, 0.00, 1, '2022-12-27 05:43:04', '2022-12-27 05:57:56');
INSERT INTO `class_student` VALUES (392, 802, 9, 0.00, 0.00, 1, '2022-12-27 05:43:04', '2022-12-27 05:57:56');
INSERT INTO `class_student` VALUES (393, 571, 9, 0.00, 0.00, 1, '2022-12-27 05:43:04', '2022-12-27 05:57:56');
INSERT INTO `class_student` VALUES (394, 100, 9, 0.00, 0.00, 1, '2022-12-27 05:43:04', '2022-12-27 05:57:56');
INSERT INTO `class_student` VALUES (395, 16, 9, 0.00, 0.00, 1, '2022-12-27 05:43:04', '2022-12-27 05:57:56');
INSERT INTO `class_student` VALUES (396, 500, 9, 0.00, 0.00, 1, '2022-12-27 05:43:04', '2022-12-27 05:57:56');
INSERT INTO `class_student` VALUES (397, 798, 9, 0.00, 0.00, 1, '2022-12-27 05:43:04', '2022-12-27 05:57:56');
INSERT INTO `class_student` VALUES (398, 190, 9, 0.00, 0.00, 1, '2022-12-27 05:43:04', '2022-12-27 05:57:56');
INSERT INTO `class_student` VALUES (399, 586, 9, 0.00, 0.00, 1, '2022-12-27 05:43:04', '2022-12-27 05:57:56');
INSERT INTO `class_student` VALUES (400, 24, 9, 0.00, 0.00, 1, '2022-12-27 05:43:04', '2022-12-27 05:57:56');
INSERT INTO `class_student` VALUES (401, 522, 9, 0.00, 0.00, 1, '2022-12-27 05:43:04', '2022-12-27 05:57:56');
INSERT INTO `class_student` VALUES (402, 184, 9, 0.00, 0.00, 1, '2022-12-27 05:43:04', '2022-12-27 05:57:56');
INSERT INTO `class_student` VALUES (403, 81, 9, 0.00, 0.00, 1, '2022-12-27 05:43:04', '2022-12-27 05:57:56');
INSERT INTO `class_student` VALUES (404, 108, 9, 0.00, 0.00, 1, '2022-12-27 05:43:04', '2022-12-27 05:57:56');
INSERT INTO `class_student` VALUES (405, 301, 9, 0.00, 0.00, 1, '2022-12-27 05:43:04', '2022-12-27 05:57:56');
INSERT INTO `class_student` VALUES (406, 538, 9, 0.00, 0.00, 1, '2022-12-27 05:43:04', '2022-12-27 05:57:56');
INSERT INTO `class_student` VALUES (407, 364, 9, 0.00, 0.00, 1, '2022-12-27 05:43:04', '2022-12-27 05:57:56');
INSERT INTO `class_student` VALUES (408, 35, 9, 0.00, 0.00, 1, '2022-12-27 05:43:04', '2022-12-27 05:57:56');
INSERT INTO `class_student` VALUES (409, 414, 9, 0.00, 0.00, 1, '2022-12-27 05:43:04', '2022-12-27 05:57:56');
INSERT INTO `class_student` VALUES (410, 903, 9, 0.00, 0.00, 1, '2022-12-27 05:43:04', '2022-12-27 05:57:56');
INSERT INTO `class_student` VALUES (411, 870, 9, 0.00, 0.00, 1, '2022-12-27 05:43:04', '2022-12-27 05:57:56');
INSERT INTO `class_student` VALUES (412, 427, 9, 0.00, 0.00, 1, '2022-12-27 05:43:04', '2022-12-27 05:57:56');
INSERT INTO `class_student` VALUES (413, 255, 9, 0.00, 0.00, 1, '2022-12-27 05:43:04', '2022-12-27 05:57:56');
INSERT INTO `class_student` VALUES (414, 795, 9, 0.00, 0.00, 1, '2022-12-27 05:43:04', '2022-12-27 05:57:56');
INSERT INTO `class_student` VALUES (415, 335, 9, 0.00, 0.00, 1, '2022-12-27 05:43:04', '2022-12-27 05:57:56');
INSERT INTO `class_student` VALUES (416, 411, 9, 0.00, 0.00, 1, '2022-12-27 05:43:04', '2022-12-27 05:57:56');
INSERT INTO `class_student` VALUES (417, 38, 9, 0.00, 0.00, 1, '2022-12-27 05:43:04', '2022-12-27 05:57:56');
INSERT INTO `class_student` VALUES (418, 811, 9, 0.00, 0.00, 1, '2022-12-27 05:43:04', '2022-12-27 05:57:56');
INSERT INTO `class_student` VALUES (419, 477, 9, 0.00, 0.00, 1, '2022-12-27 05:43:04', '2022-12-27 05:57:56');
INSERT INTO `class_student` VALUES (420, 471, 9, 0.00, 0.00, 1, '2022-12-27 05:43:04', '2022-12-27 05:57:56');
INSERT INTO `class_student` VALUES (421, 121, 9, 0.00, 0.00, 1, '2022-12-27 05:43:04', '2022-12-27 05:57:56');
INSERT INTO `class_student` VALUES (422, 678, 9, 0.00, 0.00, 1, '2022-12-27 05:43:04', '2022-12-27 05:57:56');
INSERT INTO `class_student` VALUES (423, 577, 9, 0.00, 0.00, 1, '2022-12-27 05:43:04', '2022-12-27 05:57:56');
INSERT INTO `class_student` VALUES (424, 711, 9, 0.00, 0.00, 1, '2022-12-27 05:43:04', '2022-12-27 05:57:56');
INSERT INTO `class_student` VALUES (425, 219, 9, 0.00, 0.00, 1, '2022-12-27 05:43:04', '2022-12-27 05:57:56');
INSERT INTO `class_student` VALUES (426, 855, 10, 0.00, 0.00, 1, '2022-12-27 05:56:25', '2022-12-27 05:57:54');
INSERT INTO `class_student` VALUES (427, 375, 10, 0.00, 0.00, 1, '2022-12-27 05:56:25', '2022-12-27 05:57:54');
INSERT INTO `class_student` VALUES (428, 730, 10, 0.00, 0.00, 1, '2022-12-27 05:56:26', '2022-12-27 05:57:54');
INSERT INTO `class_student` VALUES (429, 17, 10, 0.00, 0.00, 1, '2022-12-27 05:56:26', '2022-12-27 05:57:54');
INSERT INTO `class_student` VALUES (430, 31, 10, 0.00, 0.00, 1, '2022-12-27 05:56:26', '2022-12-27 05:57:54');
INSERT INTO `class_student` VALUES (431, 217, 10, 0.00, 0.00, 1, '2022-12-27 05:56:27', '2022-12-27 05:57:54');
INSERT INTO `class_student` VALUES (432, 645, 10, 0.00, 0.00, 1, '2022-12-27 05:56:27', '2022-12-27 05:57:54');
INSERT INTO `class_student` VALUES (433, 402, 10, 0.00, 0.00, 1, '2022-12-27 05:56:27', '2022-12-27 05:57:54');
INSERT INTO `class_student` VALUES (434, 344, 10, 0.00, 0.00, 1, '2022-12-27 05:56:27', '2022-12-27 05:57:54');
INSERT INTO `class_student` VALUES (435, 603, 10, 0.00, 0.00, 1, '2022-12-27 05:56:28', '2022-12-27 05:57:54');
INSERT INTO `class_student` VALUES (436, 181, 10, 0.00, 0.00, 1, '2022-12-27 05:56:28', '2022-12-27 05:57:54');
INSERT INTO `class_student` VALUES (437, 749, 10, 0.00, 0.00, 1, '2022-12-27 05:56:28', '2022-12-27 05:57:54');
INSERT INTO `class_student` VALUES (438, 1012, 10, 0.00, 0.00, 1, '2022-12-27 05:56:28', '2022-12-27 05:57:54');
INSERT INTO `class_student` VALUES (439, 384, 10, 0.00, 0.00, 1, '2022-12-27 05:56:29', '2022-12-27 05:57:54');
INSERT INTO `class_student` VALUES (440, 363, 10, 0.00, 0.00, 1, '2022-12-27 05:56:29', '2022-12-27 05:57:54');
INSERT INTO `class_student` VALUES (441, 545, 10, 0.00, 0.00, 1, '2022-12-27 05:56:29', '2022-12-27 05:57:54');
INSERT INTO `class_student` VALUES (442, 109, 10, 0.00, 0.00, 1, '2022-12-27 05:56:29', '2022-12-27 05:57:54');
INSERT INTO `class_student` VALUES (443, 839, 10, 0.00, 0.00, 1, '2022-12-27 05:56:29', '2022-12-27 05:57:54');
INSERT INTO `class_student` VALUES (444, 662, 10, 0.00, 0.00, 1, '2022-12-27 05:56:30', '2022-12-27 05:57:54');
INSERT INTO `class_student` VALUES (445, 395, 10, 0.00, 0.00, 1, '2022-12-27 05:56:30', '2022-12-27 05:57:54');
INSERT INTO `class_student` VALUES (446, 10, 10, 0.00, 0.00, 1, '2022-12-27 05:56:30', '2022-12-27 05:57:54');
INSERT INTO `class_student` VALUES (447, 215, 10, 0.00, 0.00, 1, '2022-12-27 05:56:30', '2022-12-27 05:57:54');
INSERT INTO `class_student` VALUES (448, 901, 10, 0.00, 0.00, 1, '2022-12-27 05:56:30', '2022-12-27 05:57:54');
INSERT INTO `class_student` VALUES (449, 407, 10, 0.00, 0.00, 1, '2022-12-27 05:56:30', '2022-12-27 05:57:54');
INSERT INTO `class_student` VALUES (450, 752, 10, 0.00, 0.00, 1, '2022-12-27 05:56:30', '2022-12-27 05:57:54');
INSERT INTO `class_student` VALUES (451, 347, 10, 0.00, 0.00, 1, '2022-12-27 05:56:30', '2022-12-27 05:57:54');
INSERT INTO `class_student` VALUES (452, 79, 10, 0.00, 0.00, 1, '2022-12-27 05:56:30', '2022-12-27 05:57:54');
INSERT INTO `class_student` VALUES (453, 965, 10, 0.00, 0.00, 1, '2022-12-27 05:56:30', '2022-12-27 05:57:54');
INSERT INTO `class_student` VALUES (454, 894, 10, 0.00, 0.00, 1, '2022-12-27 05:56:30', '2022-12-27 05:57:54');
INSERT INTO `class_student` VALUES (455, 223, 10, 0.00, 0.00, 1, '2022-12-27 05:56:30', '2022-12-27 05:57:54');
INSERT INTO `class_student` VALUES (456, 44, 10, 0.00, 0.00, 1, '2022-12-27 05:56:30', '2022-12-27 05:57:54');
INSERT INTO `class_student` VALUES (457, 83, 10, 0.00, 0.00, 1, '2022-12-27 05:56:30', '2022-12-27 05:57:54');
INSERT INTO `class_student` VALUES (458, 313, 10, 0.00, 0.00, 1, '2022-12-27 05:56:30', '2022-12-27 05:57:54');
INSERT INTO `class_student` VALUES (459, 927, 10, 0.00, 0.00, 1, '2022-12-27 05:56:30', '2022-12-27 05:57:54');
INSERT INTO `class_student` VALUES (460, 794, 10, 0.00, 0.00, 1, '2022-12-27 05:56:30', '2022-12-27 05:57:54');
INSERT INTO `class_student` VALUES (461, 238, 10, 0.00, 0.00, 1, '2022-12-27 05:56:30', '2022-12-27 05:57:54');
INSERT INTO `class_student` VALUES (462, 676, 10, 0.00, 0.00, 1, '2022-12-27 05:56:30', '2022-12-27 05:57:54');
INSERT INTO `class_student` VALUES (463, 334, 10, 0.00, 0.00, 1, '2022-12-27 05:56:30', '2022-12-27 05:57:54');
INSERT INTO `class_student` VALUES (464, 665, 10, 0.00, 0.00, 1, '2022-12-27 05:56:30', '2022-12-27 05:57:54');
INSERT INTO `class_student` VALUES (465, 783, 10, 0.00, 0.00, 1, '2022-12-27 05:56:30', '2022-12-27 05:57:54');
INSERT INTO `class_student` VALUES (466, 936, 10, 0.00, 0.00, 1, '2022-12-27 05:56:30', '2022-12-27 05:57:54');
INSERT INTO `class_student` VALUES (467, 825, 10, 0.00, 0.00, 1, '2022-12-27 05:56:30', '2022-12-27 05:57:54');
INSERT INTO `class_student` VALUES (468, 801, 10, 0.00, 0.00, 1, '2022-12-27 05:56:30', '2022-12-27 05:57:54');
INSERT INTO `class_student` VALUES (469, 46, 10, 0.00, 0.00, 1, '2022-12-27 05:56:30', '2022-12-27 05:57:54');
INSERT INTO `class_student` VALUES (470, 410, 10, 0.00, 0.00, 1, '2022-12-27 05:56:30', '2022-12-27 05:57:54');
INSERT INTO `class_student` VALUES (471, 831, 10, 0.00, 0.00, 1, '2022-12-27 05:56:30', '2022-12-27 05:57:54');
INSERT INTO `class_student` VALUES (472, 150, 10, 0.00, 0.00, 1, '2022-12-27 05:56:30', '2022-12-27 05:57:54');
INSERT INTO `class_student` VALUES (473, 978, 10, 0.00, 0.00, 1, '2022-12-27 05:56:30', '2022-12-27 05:57:54');
INSERT INTO `class_student` VALUES (474, 210, 10, 0.00, 0.00, 1, '2022-12-27 05:56:30', '2022-12-27 05:57:54');
INSERT INTO `class_student` VALUES (475, 706, 10, 0.00, 0.00, 1, '2022-12-27 05:56:30', '2022-12-27 05:57:54');
INSERT INTO `class_student` VALUES (476, 1010, 10, 0.00, 0.00, 1, '2022-12-27 05:56:30', '2022-12-27 05:57:54');
INSERT INTO `class_student` VALUES (477, 485, 10, 0.00, 0.00, 1, '2022-12-27 05:56:30', '2022-12-27 05:57:54');
INSERT INTO `class_student` VALUES (478, 718, 10, 0.00, 0.00, 1, '2022-12-27 05:56:30', '2022-12-27 05:57:54');
INSERT INTO `class_student` VALUES (479, 117, 10, 0.00, 0.00, 1, '2022-12-27 05:56:30', '2022-12-27 05:57:54');
INSERT INTO `class_student` VALUES (480, 338, 10, 0.00, 0.00, 1, '2022-12-27 05:56:30', '2022-12-27 05:57:54');
INSERT INTO `class_student` VALUES (481, 805, 10, 0.00, 0.00, 1, '2022-12-27 05:56:30', '2022-12-27 05:57:54');
INSERT INTO `class_student` VALUES (482, 683, 10, 0.00, 0.00, 1, '2022-12-27 05:56:30', '2022-12-27 05:57:54');
INSERT INTO `class_student` VALUES (483, 796, 10, 0.00, 0.00, 1, '2022-12-27 05:56:30', '2022-12-27 05:57:54');
INSERT INTO `class_student` VALUES (484, 234, 10, 0.00, 0.00, 1, '2022-12-27 05:56:30', '2022-12-27 05:57:54');
INSERT INTO `class_student` VALUES (485, 80, 10, 0.00, 0.00, 1, '2022-12-27 05:56:30', '2022-12-27 05:57:54');
INSERT INTO `class_student` VALUES (486, 122, 10, 0.00, 0.00, 1, '2022-12-27 05:56:30', '2022-12-27 05:57:54');
INSERT INTO `class_student` VALUES (487, 860, 10, 0.00, 0.00, 1, '2022-12-27 05:56:30', '2022-12-27 05:57:54');
INSERT INTO `class_student` VALUES (488, 288, 10, 0.00, 0.00, 1, '2022-12-27 05:56:30', '2022-12-27 05:57:54');
INSERT INTO `class_student` VALUES (489, 309, 10, 0.00, 0.00, 1, '2022-12-27 05:56:30', '2022-12-27 05:57:54');
INSERT INTO `class_student` VALUES (490, 657, 10, 0.00, 0.00, 1, '2022-12-27 05:56:30', '2022-12-27 05:57:54');
INSERT INTO `class_student` VALUES (491, 781, 10, 0.00, 0.00, 1, '2022-12-27 05:56:30', '2022-12-27 05:57:54');
INSERT INTO `class_student` VALUES (492, 417, 10, 0.00, 0.00, 1, '2022-12-27 05:56:30', '2022-12-27 05:57:54');
INSERT INTO `class_student` VALUES (493, 72, 10, 0.00, 0.00, 1, '2022-12-27 05:56:30', '2022-12-27 05:57:54');
INSERT INTO `class_student` VALUES (494, 58, 10, 0.00, 0.00, 1, '2022-12-27 05:56:30', '2022-12-27 05:57:54');
INSERT INTO `class_student` VALUES (495, 351, 10, 0.00, 0.00, 1, '2022-12-27 05:56:30', '2022-12-27 05:57:54');
INSERT INTO `class_student` VALUES (496, 701, 10, 0.00, 0.00, 1, '2022-12-27 05:56:30', '2022-12-27 05:57:54');
INSERT INTO `class_student` VALUES (497, 923, 10, 0.00, 0.00, 1, '2022-12-27 05:56:30', '2022-12-27 05:57:54');
INSERT INTO `class_student` VALUES (498, 158, 10, 0.00, 0.00, 1, '2022-12-27 05:56:30', '2022-12-27 05:57:54');
INSERT INTO `class_student` VALUES (499, 454, 10, 0.00, 0.00, 1, '2022-12-27 05:56:30', '2022-12-27 05:57:54');
INSERT INTO `class_student` VALUES (500, 136, 10, 0.00, 0.00, 1, '2022-12-27 05:56:30', '2022-12-27 05:57:54');
INSERT INTO `class_student` VALUES (501, 76, 10, 0.00, 0.00, 1, '2022-12-27 05:56:30', '2022-12-27 05:57:54');
INSERT INTO `class_student` VALUES (502, 966, 10, 0.00, 0.00, 1, '2022-12-27 05:56:30', '2022-12-27 05:57:54');
INSERT INTO `class_student` VALUES (503, 992, 10, 0.00, 0.00, 1, '2022-12-27 05:56:30', '2022-12-27 05:57:54');
INSERT INTO `class_student` VALUES (504, 607, 10, 0.00, 0.00, 1, '2022-12-27 05:56:30', '2022-12-27 05:57:54');
INSERT INTO `class_student` VALUES (505, 438, 10, 0.00, 0.00, 1, '2022-12-27 05:56:30', '2022-12-27 05:57:54');
INSERT INTO `class_student` VALUES (506, 462, 10, 0.00, 0.00, 1, '2022-12-27 05:56:30', '2022-12-27 05:57:54');
INSERT INTO `class_student` VALUES (507, 838, 10, 0.00, 0.00, 1, '2022-12-27 05:56:30', '2022-12-27 05:57:54');
INSERT INTO `class_student` VALUES (508, 777, 10, 0.00, 0.00, 1, '2022-12-27 05:56:30', '2022-12-27 05:57:54');
INSERT INTO `class_student` VALUES (509, 618, 10, 0.00, 0.00, 1, '2022-12-27 05:56:30', '2022-12-27 05:57:54');
INSERT INTO `class_student` VALUES (510, 502, 10, 0.00, 0.00, 1, '2022-12-27 05:56:30', '2022-12-27 05:57:54');
INSERT INTO `class_student` VALUES (511, 898, 10, 0.00, 0.00, 1, '2022-12-27 05:56:30', '2022-12-27 05:57:54');
INSERT INTO `class_student` VALUES (512, 851, 10, 0.00, 0.00, 1, '2022-12-27 05:56:30', '2022-12-27 05:57:54');
INSERT INTO `class_student` VALUES (513, 941, 10, 0.00, 0.00, 1, '2022-12-27 05:56:30', '2022-12-27 05:57:54');
INSERT INTO `class_student` VALUES (514, 620, 10, 0.00, 0.00, 1, '2022-12-27 05:56:30', '2022-12-27 05:57:54');
INSERT INTO `class_student` VALUES (515, 624, 10, 0.00, 0.00, 1, '2022-12-27 05:56:30', '2022-12-27 05:57:54');
INSERT INTO `class_student` VALUES (516, 756, 10, 0.00, 0.00, 1, '2022-12-27 05:56:30', '2022-12-27 05:57:54');
INSERT INTO `class_student` VALUES (517, 652, 10, 0.00, 0.00, 1, '2022-12-27 05:56:31', '2022-12-27 05:57:54');
INSERT INTO `class_student` VALUES (518, 50, 10, 0.00, 0.00, 1, '2022-12-27 05:56:31', '2022-12-27 05:57:54');
INSERT INTO `class_student` VALUES (519, 162, 10, 0.00, 0.00, 1, '2022-12-27 05:56:31', '2022-12-27 05:57:54');
INSERT INTO `class_student` VALUES (520, 165, 10, 0.00, 0.00, 1, '2022-12-27 05:56:31', '2022-12-27 05:57:54');
INSERT INTO `class_student` VALUES (521, 102, 10, 0.00, 0.00, 1, '2022-12-27 05:56:31', '2022-12-27 05:57:54');
INSERT INTO `class_student` VALUES (522, 354, 10, 0.00, 0.00, 1, '2022-12-27 05:56:31', '2022-12-27 05:57:54');
INSERT INTO `class_student` VALUES (523, 369, 10, 0.00, 0.00, 1, '2022-12-27 05:56:31', '2022-12-27 05:57:54');
INSERT INTO `class_student` VALUES (524, 952, 10, 0.00, 0.00, 1, '2022-12-27 05:56:31', '2022-12-27 05:57:54');
INSERT INTO `class_student` VALUES (525, 305, 10, 0.00, 0.00, 1, '2022-12-27 05:56:31', '2022-12-27 05:57:54');
INSERT INTO `class_student` VALUES (526, 680, 11, 0.00, 0.00, 0, '2022-12-27 05:59:56', '2022-12-27 05:59:56');
INSERT INTO `class_student` VALUES (527, 694, 11, 0.00, 0.00, 0, '2022-12-27 05:59:56', '2022-12-27 05:59:56');
INSERT INTO `class_student` VALUES (528, 452, 11, 0.00, 0.00, 0, '2022-12-27 05:59:56', '2022-12-27 05:59:56');
INSERT INTO `class_student` VALUES (529, 333, 11, 0.00, 0.00, 0, '2022-12-27 05:59:57', '2022-12-27 05:59:57');
INSERT INTO `class_student` VALUES (530, 403, 11, 0.00, 0.00, 0, '2022-12-27 05:59:57', '2022-12-27 05:59:57');
INSERT INTO `class_student` VALUES (531, 138, 11, 0.00, 0.00, 0, '2022-12-27 05:59:57', '2022-12-27 05:59:57');
INSERT INTO `class_student` VALUES (532, 859, 11, 0.00, 0.00, 0, '2022-12-27 05:59:57', '2022-12-27 05:59:57');
INSERT INTO `class_student` VALUES (533, 361, 11, 0.00, 0.00, 0, '2022-12-27 05:59:58', '2022-12-27 05:59:58');
INSERT INTO `class_student` VALUES (534, 832, 11, 0.00, 0.00, 0, '2022-12-27 05:59:58', '2022-12-27 05:59:58');
INSERT INTO `class_student` VALUES (535, 978, 11, 0.00, 0.00, 0, '2022-12-27 05:59:58', '2022-12-27 05:59:58');
INSERT INTO `class_student` VALUES (536, 328, 11, 0.00, 0.00, 0, '2022-12-27 05:59:58', '2022-12-27 05:59:58');
INSERT INTO `class_student` VALUES (537, 644, 11, 0.00, 0.00, 0, '2022-12-27 05:59:58', '2022-12-27 05:59:58');
INSERT INTO `class_student` VALUES (538, 564, 11, 0.00, 0.00, 0, '2022-12-27 05:59:58', '2022-12-27 05:59:58');
INSERT INTO `class_student` VALUES (539, 250, 11, 0.00, 0.00, 0, '2022-12-27 05:59:58', '2022-12-27 05:59:58');
INSERT INTO `class_student` VALUES (540, 669, 11, 0.00, 0.00, 0, '2022-12-27 05:59:58', '2022-12-27 05:59:58');
INSERT INTO `class_student` VALUES (541, 739, 11, 0.00, 0.00, 0, '2022-12-27 05:59:59', '2022-12-27 05:59:59');
INSERT INTO `class_student` VALUES (542, 378, 11, 0.00, 0.00, 0, '2022-12-27 05:59:59', '2022-12-27 05:59:59');
INSERT INTO `class_student` VALUES (543, 432, 11, 0.00, 0.00, 0, '2022-12-27 05:59:59', '2022-12-27 05:59:59');
INSERT INTO `class_student` VALUES (544, 99, 11, 0.00, 0.00, 0, '2022-12-27 05:59:59', '2022-12-27 05:59:59');
INSERT INTO `class_student` VALUES (545, 114, 11, 0.00, 0.00, 0, '2022-12-27 06:00:00', '2022-12-27 06:00:00');
INSERT INTO `class_student` VALUES (546, 463, 11, 0.00, 0.00, 0, '2022-12-27 06:00:00', '2022-12-27 06:00:00');
INSERT INTO `class_student` VALUES (547, 863, 11, 0.00, 0.00, 0, '2022-12-27 06:00:00', '2022-12-27 06:00:00');
INSERT INTO `class_student` VALUES (548, 37, 11, 0.00, 0.00, 0, '2022-12-27 06:00:00', '2022-12-27 06:00:00');
INSERT INTO `class_student` VALUES (549, 416, 11, 0.00, 0.00, 0, '2022-12-27 06:00:00', '2022-12-27 06:00:00');
INSERT INTO `class_student` VALUES (550, 180, 11, 0.00, 0.00, 0, '2022-12-27 06:00:00', '2022-12-27 06:00:00');
INSERT INTO `class_student` VALUES (551, 837, 11, 0.00, 0.00, 0, '2022-12-27 06:00:00', '2022-12-27 06:00:00');
INSERT INTO `class_student` VALUES (552, 674, 11, 0.00, 0.00, 0, '2022-12-27 06:00:00', '2022-12-27 06:00:00');
INSERT INTO `class_student` VALUES (553, 538, 11, 0.00, 0.00, 0, '2022-12-27 06:00:00', '2022-12-27 06:00:00');
INSERT INTO `class_student` VALUES (554, 710, 11, 0.00, 0.00, 0, '2022-12-27 06:00:00', '2022-12-27 06:00:00');
INSERT INTO `class_student` VALUES (555, 627, 11, 0.00, 0.00, 0, '2022-12-27 06:00:00', '2022-12-27 06:00:00');
INSERT INTO `class_student` VALUES (556, 315, 11, 0.00, 0.00, 0, '2022-12-27 06:00:00', '2022-12-27 06:00:00');
INSERT INTO `class_student` VALUES (557, 916, 11, 0.00, 0.00, 0, '2022-12-27 06:00:00', '2022-12-27 06:00:00');
INSERT INTO `class_student` VALUES (558, 15, 11, 0.00, 0.00, 0, '2022-12-27 06:00:00', '2022-12-27 06:00:00');
INSERT INTO `class_student` VALUES (559, 866, 11, 0.00, 0.00, 0, '2022-12-27 06:00:00', '2022-12-27 06:00:00');
INSERT INTO `class_student` VALUES (560, 980, 11, 0.00, 0.00, 0, '2022-12-27 06:00:00', '2022-12-27 06:00:00');
INSERT INTO `class_student` VALUES (561, 354, 11, 0.00, 0.00, 0, '2022-12-27 06:00:00', '2022-12-27 06:00:00');
INSERT INTO `class_student` VALUES (562, 155, 11, 0.00, 0.00, 0, '2022-12-27 06:00:00', '2022-12-27 06:00:00');
INSERT INTO `class_student` VALUES (563, 109, 11, 0.00, 0.00, 0, '2022-12-27 06:00:00', '2022-12-27 06:00:00');
INSERT INTO `class_student` VALUES (564, 926, 11, 0.00, 0.00, 0, '2022-12-27 06:00:00', '2022-12-27 06:00:00');
INSERT INTO `class_student` VALUES (565, 584, 11, 0.00, 0.00, 0, '2022-12-27 06:00:00', '2022-12-27 06:00:00');
INSERT INTO `class_student` VALUES (566, 441, 11, 0.00, 0.00, 0, '2022-12-27 06:00:00', '2022-12-27 06:00:00');
INSERT INTO `class_student` VALUES (567, 162, 11, 0.00, 0.00, 0, '2022-12-27 06:00:00', '2022-12-27 06:00:00');
INSERT INTO `class_student` VALUES (568, 13, 11, 0.00, 0.00, 0, '2022-12-27 06:00:00', '2022-12-27 06:00:00');
INSERT INTO `class_student` VALUES (569, 705, 11, 0.00, 0.00, 0, '2022-12-27 06:00:00', '2022-12-27 06:00:00');
INSERT INTO `class_student` VALUES (570, 371, 11, 0.00, 0.00, 0, '2022-12-27 06:00:00', '2022-12-27 06:00:00');
INSERT INTO `class_student` VALUES (571, 100, 11, 0.00, 0.00, 0, '2022-12-27 06:00:00', '2022-12-27 06:00:00');
INSERT INTO `class_student` VALUES (572, 509, 11, 0.00, 0.00, 0, '2022-12-27 06:00:00', '2022-12-27 06:00:00');
INSERT INTO `class_student` VALUES (573, 621, 11, 0.00, 0.00, 0, '2022-12-27 06:00:00', '2022-12-27 06:00:00');
INSERT INTO `class_student` VALUES (574, 611, 11, 0.00, 0.00, 0, '2022-12-27 06:00:00', '2022-12-27 06:00:00');
INSERT INTO `class_student` VALUES (575, 45, 11, 0.00, 0.00, 0, '2022-12-27 06:00:00', '2022-12-27 06:00:00');
INSERT INTO `class_student` VALUES (576, 357, 11, 0.00, 0.00, 0, '2022-12-27 06:00:00', '2022-12-27 06:00:00');
INSERT INTO `class_student` VALUES (577, 822, 11, 0.00, 0.00, 0, '2022-12-27 06:00:00', '2022-12-27 06:00:00');
INSERT INTO `class_student` VALUES (578, 974, 11, 0.00, 0.00, 0, '2022-12-27 06:00:00', '2022-12-27 06:00:00');
INSERT INTO `class_student` VALUES (579, 396, 11, 0.00, 0.00, 0, '2022-12-27 06:00:00', '2022-12-27 06:00:00');
INSERT INTO `class_student` VALUES (580, 393, 11, 0.00, 0.00, 0, '2022-12-27 06:00:00', '2022-12-27 06:00:00');
INSERT INTO `class_student` VALUES (581, 561, 11, 0.00, 0.00, 0, '2022-12-27 06:00:00', '2022-12-27 06:00:00');
INSERT INTO `class_student` VALUES (582, 597, 11, 0.00, 0.00, 0, '2022-12-27 06:00:00', '2022-12-27 06:00:00');
INSERT INTO `class_student` VALUES (583, 1010, 11, 0.00, 0.00, 0, '2022-12-27 06:00:00', '2022-12-27 06:00:00');
INSERT INTO `class_student` VALUES (584, 421, 11, 0.00, 0.00, 0, '2022-12-27 06:00:00', '2022-12-27 06:00:00');
INSERT INTO `class_student` VALUES (585, 704, 11, 0.00, 0.00, 0, '2022-12-27 06:00:00', '2022-12-27 06:00:00');
INSERT INTO `class_student` VALUES (586, 257, 11, 0.00, 0.00, 0, '2022-12-27 06:00:00', '2022-12-27 06:00:00');
INSERT INTO `class_student` VALUES (587, 884, 11, 0.00, 0.00, 0, '2022-12-27 06:00:00', '2022-12-27 06:00:00');
INSERT INTO `class_student` VALUES (588, 965, 11, 0.00, 0.00, 0, '2022-12-27 06:00:00', '2022-12-27 06:00:00');
INSERT INTO `class_student` VALUES (589, 813, 11, 0.00, 0.00, 0, '2022-12-27 06:00:00', '2022-12-27 06:00:00');
INSERT INTO `class_student` VALUES (590, 542, 11, 0.00, 0.00, 0, '2022-12-27 06:00:00', '2022-12-27 06:00:00');
INSERT INTO `class_student` VALUES (591, 1012, 11, 0.00, 0.00, 0, '2022-12-27 06:00:00', '2022-12-27 06:00:00');
INSERT INTO `class_student` VALUES (592, 295, 11, 0.00, 0.00, 0, '2022-12-27 06:00:00', '2022-12-27 06:00:00');
INSERT INTO `class_student` VALUES (593, 648, 11, 0.00, 0.00, 0, '2022-12-27 06:00:00', '2022-12-27 06:00:00');
INSERT INTO `class_student` VALUES (594, 583, 11, 0.00, 0.00, 0, '2022-12-27 06:00:00', '2022-12-27 06:00:00');
INSERT INTO `class_student` VALUES (595, 792, 11, 0.00, 0.00, 0, '2022-12-27 06:00:00', '2022-12-27 06:00:00');
INSERT INTO `class_student` VALUES (596, 338, 11, 0.00, 0.00, 0, '2022-12-27 06:00:00', '2022-12-27 06:00:00');
INSERT INTO `class_student` VALUES (597, 662, 11, 0.00, 0.00, 0, '2022-12-27 06:00:00', '2022-12-27 06:00:00');
INSERT INTO `class_student` VALUES (598, 772, 11, 0.00, 0.00, 0, '2022-12-27 06:00:00', '2022-12-27 06:00:00');
INSERT INTO `class_student` VALUES (599, 289, 11, 0.00, 0.00, 0, '2022-12-27 06:00:00', '2022-12-27 06:00:00');
INSERT INTO `class_student` VALUES (600, 910, 11, 0.00, 0.00, 0, '2022-12-27 06:00:00', '2022-12-27 06:00:00');
INSERT INTO `class_student` VALUES (601, 132, 11, 0.00, 0.00, 0, '2022-12-27 06:00:00', '2022-12-27 06:00:00');
INSERT INTO `class_student` VALUES (602, 515, 11, 0.00, 0.00, 0, '2022-12-27 06:00:00', '2022-12-27 06:00:00');
INSERT INTO `class_student` VALUES (603, 6, 11, 0.00, 0.00, 0, '2022-12-27 06:00:00', '2022-12-27 06:00:00');
INSERT INTO `class_student` VALUES (604, 549, 11, 0.00, 0.00, 0, '2022-12-27 06:00:00', '2022-12-27 06:00:00');
INSERT INTO `class_student` VALUES (605, 63, 11, 0.00, 0.00, 0, '2022-12-27 06:00:00', '2022-12-27 06:00:00');
INSERT INTO `class_student` VALUES (606, 283, 11, 0.00, 0.00, 0, '2022-12-27 06:00:00', '2022-12-27 06:00:00');
INSERT INTO `class_student` VALUES (607, 752, 11, 0.00, 0.00, 0, '2022-12-27 06:00:00', '2022-12-27 06:00:00');
INSERT INTO `class_student` VALUES (608, 220, 11, 0.00, 0.00, 0, '2022-12-27 06:00:00', '2022-12-27 06:00:00');
INSERT INTO `class_student` VALUES (609, 329, 11, 0.00, 0.00, 0, '2022-12-27 06:00:00', '2022-12-27 06:00:00');
INSERT INTO `class_student` VALUES (610, 806, 11, 0.00, 0.00, 0, '2022-12-27 06:00:00', '2022-12-27 06:00:00');
INSERT INTO `class_student` VALUES (611, 331, 11, 0.00, 0.00, 0, '2022-12-27 06:00:00', '2022-12-27 06:00:00');
INSERT INTO `class_student` VALUES (612, 160, 11, 0.00, 0.00, 0, '2022-12-27 06:00:00', '2022-12-27 06:00:00');
INSERT INTO `class_student` VALUES (613, 272, 11, 0.00, 0.00, 0, '2022-12-27 06:00:00', '2022-12-27 06:00:00');
INSERT INTO `class_student` VALUES (614, 831, 11, 0.00, 0.00, 0, '2022-12-27 06:00:00', '2022-12-27 06:00:00');
INSERT INTO `class_student` VALUES (615, 314, 11, 0.00, 0.00, 0, '2022-12-27 06:00:00', '2022-12-27 06:00:00');
INSERT INTO `class_student` VALUES (616, 716, 11, 0.00, 0.00, 0, '2022-12-27 06:00:00', '2022-12-27 06:00:00');
INSERT INTO `class_student` VALUES (617, 732, 11, 0.00, 0.00, 0, '2022-12-27 06:00:00', '2022-12-27 06:00:00');
INSERT INTO `class_student` VALUES (618, 186, 11, 0.00, 0.00, 0, '2022-12-27 06:00:00', '2022-12-27 06:00:00');
INSERT INTO `class_student` VALUES (619, 998, 11, 0.00, 0.00, 0, '2022-12-27 06:00:00', '2022-12-27 06:00:00');
INSERT INTO `class_student` VALUES (620, 684, 11, 0.00, 0.00, 0, '2022-12-27 06:00:00', '2022-12-27 06:00:00');
INSERT INTO `class_student` VALUES (621, 490, 11, 0.00, 0.00, 0, '2022-12-27 06:00:00', '2022-12-27 06:00:00');
INSERT INTO `class_student` VALUES (622, 657, 11, 0.00, 0.00, 0, '2022-12-27 06:00:00', '2022-12-27 06:00:00');
INSERT INTO `class_student` VALUES (623, 33, 11, 0.00, 0.00, 0, '2022-12-27 06:00:00', '2022-12-27 06:00:00');
INSERT INTO `class_student` VALUES (624, 491, 11, 0.00, 0.00, 0, '2022-12-27 06:00:00', '2022-12-27 06:00:00');
INSERT INTO `class_student` VALUES (625, 997, 11, 0.00, 0.00, 0, '2022-12-27 06:00:00', '2022-12-27 06:00:00');
INSERT INTO `class_student` VALUES (626, 1013, 3, 0.00, 0.00, 1, '2022-12-27 16:44:28', '2022-12-27 16:45:41');
INSERT INTO `class_student` VALUES (627, 1008, 16, 0.00, 0.00, 0, '2022-12-27 17:02:06', '2022-12-27 17:02:06');
INSERT INTO `class_student` VALUES (628, 1008, 1, 0.00, 0.00, 0, '2023-01-04 02:13:22', '2023-01-04 02:13:22');

-- ----------------------------
-- Table structure for class_time
-- ----------------------------
DROP TABLE IF EXISTS `class_time`;
CREATE TABLE `class_time`  (
  `id` bigint NOT NULL AUTO_INCREMENT,
  `class_id` bigint NOT NULL,
  `week` int NOT NULL COMMENT '课程星期',
  `lesson` int NOT NULL COMMENT '课程节数',
  `is_deleted` tinyint NOT NULL DEFAULT 0 COMMENT '逻辑删除(1为已删除 默认为0)',
  `gmt_create` datetime NOT NULL DEFAULT CURRENT_TIMESTAMP COMMENT '创建时间',
  `gmt_modified` datetime NOT NULL DEFAULT CURRENT_TIMESTAMP ON UPDATE CURRENT_TIMESTAMP COMMENT '修改时间',
  PRIMARY KEY (`id`) USING BTREE
) ENGINE = InnoDB AUTO_INCREMENT = 35 CHARACTER SET = utf8mb4 COLLATE = utf8mb4_0900_ai_ci ROW_FORMAT = Dynamic;

-- ----------------------------
-- Records of class_time
-- ----------------------------
INSERT INTO `class_time` VALUES (1, 1, 1, 1, 0, '2022-12-24 03:24:09', '2022-12-24 03:24:09');
INSERT INTO `class_time` VALUES (2, 1, 1, 2, 0, '2022-12-24 03:24:09', '2022-12-24 03:24:09');
INSERT INTO `class_time` VALUES (3, 2, 1, 3, 0, '2022-12-24 03:33:54', '2022-12-24 03:33:54');
INSERT INTO `class_time` VALUES (4, 2, 1, 4, 0, '2022-12-24 03:33:54', '2022-12-24 03:33:54');
INSERT INTO `class_time` VALUES (5, 3, 2, 1, 0, '2022-12-24 16:07:16', '2022-12-24 16:07:16');
INSERT INTO `class_time` VALUES (6, 3, 2, 2, 0, '2022-12-24 16:07:16', '2022-12-24 16:07:16');
INSERT INTO `class_time` VALUES (7, 4, 3, 1, 0, '2022-12-24 16:56:57', '2022-12-24 16:56:57');
INSERT INTO `class_time` VALUES (8, 4, 3, 2, 0, '2022-12-24 16:56:57', '2022-12-24 16:56:57');
INSERT INTO `class_time` VALUES (9, 4, 3, 3, 0, '2022-12-24 16:56:57', '2022-12-24 16:56:57');
INSERT INTO `class_time` VALUES (10, 5, 1, 1, 0, '2022-12-25 14:52:51', '2022-12-25 14:52:51');
INSERT INTO `class_time` VALUES (11, 5, 1, 2, 0, '2022-12-25 14:52:51', '2022-12-25 14:52:51');
INSERT INTO `class_time` VALUES (12, 6, 1, 3, 0, '2022-12-25 16:33:09', '2022-12-25 16:33:09');
INSERT INTO `class_time` VALUES (13, 6, 1, 4, 0, '2022-12-25 16:33:09', '2022-12-25 16:33:09');
INSERT INTO `class_time` VALUES (14, 7, 1, 14, 0, '2022-12-26 02:10:22', '2022-12-26 02:10:22');
INSERT INTO `class_time` VALUES (15, 7, 1, 12, 0, '2022-12-26 02:10:22', '2022-12-26 02:10:22');
INSERT INTO `class_time` VALUES (16, 7, 1, 13, 0, '2022-12-26 02:10:22', '2022-12-26 02:10:22');
INSERT INTO `class_time` VALUES (17, 8, 3, 7, 1, '2022-12-27 03:21:22', '2022-12-27 03:28:56');
INSERT INTO `class_time` VALUES (18, 8, 3, 8, 1, '2022-12-27 03:21:22', '2022-12-27 03:28:56');
INSERT INTO `class_time` VALUES (19, 9, 4, 1, 1, '2022-12-27 05:27:48', '2022-12-27 05:57:56');
INSERT INTO `class_time` VALUES (20, 9, 4, 2, 1, '2022-12-27 05:27:48', '2022-12-27 05:57:56');
INSERT INTO `class_time` VALUES (21, 10, 1, 9, 1, '2022-12-27 05:54:47', '2022-12-27 05:57:54');
INSERT INTO `class_time` VALUES (22, 10, 1, 10, 1, '2022-12-27 05:54:47', '2022-12-27 05:57:54');
INSERT INTO `class_time` VALUES (23, 11, 1, 7, 0, '2022-12-27 05:58:13', '2022-12-27 05:58:13');
INSERT INTO `class_time` VALUES (24, 11, 1, 8, 0, '2022-12-27 05:58:13', '2022-12-27 05:58:13');
INSERT INTO `class_time` VALUES (25, 12, 5, 1, 1, '2022-12-27 15:59:08', '2022-12-27 15:59:19');
INSERT INTO `class_time` VALUES (26, 12, 5, 2, 1, '2022-12-27 15:59:08', '2022-12-27 15:59:19');
INSERT INTO `class_time` VALUES (27, 13, 5, 1, 1, '2022-12-27 16:00:01', '2022-12-27 16:00:12');
INSERT INTO `class_time` VALUES (28, 13, 5, 2, 1, '2022-12-27 16:00:01', '2022-12-27 16:00:12');
INSERT INTO `class_time` VALUES (29, 14, 5, 1, 1, '2022-12-27 16:01:52', '2022-12-27 16:02:17');
INSERT INTO `class_time` VALUES (30, 14, 5, 2, 1, '2022-12-27 16:01:52', '2022-12-27 16:02:17');
INSERT INTO `class_time` VALUES (31, 15, 1, 9, 0, '2022-12-27 16:41:44', '2022-12-27 16:41:44');
INSERT INTO `class_time` VALUES (32, 15, 1, 10, 0, '2022-12-27 16:41:44', '2022-12-27 16:41:44');
INSERT INTO `class_time` VALUES (33, 16, 5, 1, 0, '2022-12-27 17:01:53', '2022-12-27 17:01:53');
INSERT INTO `class_time` VALUES (34, 16, 5, 2, 0, '2022-12-27 17:01:53', '2022-12-27 17:01:53');

-- ----------------------------
-- Table structure for course
-- ----------------------------
DROP TABLE IF EXISTS `course`;
CREATE TABLE `course`  (
  `id` bigint NOT NULL AUTO_INCREMENT COMMENT 'pk_id',
  `name` varchar(255) CHARACTER SET utf8mb4 COLLATE utf8mb4_0900_ai_ci NOT NULL COMMENT '课程名称',
  `number` char(10) CHARACTER SET utf8mb4 COLLATE utf8mb4_0900_ai_ci NOT NULL COMMENT '课程号',
  `major_id` bigint NOT NULL COMMENT '开课单位id',
  `is_deleted` tinyint NOT NULL DEFAULT 0 COMMENT '逻辑删除(1为已删除 默认为0)',
  `gmt_create` datetime NOT NULL DEFAULT CURRENT_TIMESTAMP COMMENT '创建时间',
  `gmt_modified` datetime NOT NULL DEFAULT CURRENT_TIMESTAMP ON UPDATE CURRENT_TIMESTAMP COMMENT '修改时间',
  PRIMARY KEY (`id`) USING BTREE
) ENGINE = InnoDB AUTO_INCREMENT = 9 CHARACTER SET = utf8mb4 COLLATE = utf8mb4_0900_ai_ci ROW_FORMAT = Dynamic;

-- ----------------------------
-- Records of course
-- ----------------------------
INSERT INTO `course` VALUES (1, '高等数学(上)', '#0001', 4, 0, '2022-12-24 03:23:12', '2022-12-24 03:23:12');
INSERT INTO `course` VALUES (2, '高等数学(下)', '#0002', 4, 0, '2022-12-24 03:23:40', '2022-12-24 03:23:40');
INSERT INTO `course` VALUES (3, '软件工程', '#0003', 1, 0, '2022-12-24 03:23:52', '2022-12-24 03:23:52');
INSERT INTO `course` VALUES (4, '互联网程序设计', '#0004', 1, 0, '2022-12-24 16:56:36', '2022-12-24 16:56:36');
INSERT INTO `course` VALUES (5, '软件测试', '#0005', 1, 1, '2022-12-27 03:13:58', '2022-12-27 03:19:14');
INSERT INTO `course` VALUES (6, '软件测试', '#0005', 1, 0, '2022-12-27 03:14:56', '2022-12-27 03:14:56');
INSERT INTO `course` VALUES (7, '测试并发报名课程', '#0007', 1, 0, '2022-12-27 05:27:21', '2022-12-27 05:27:21');
INSERT INTO `course` VALUES (8, '测试删除课程', '#0008', 1, 1, '2022-12-27 16:39:34', '2022-12-27 16:40:03');

-- ----------------------------
-- Table structure for course_class
-- ----------------------------
DROP TABLE IF EXISTS `course_class`;
CREATE TABLE `course_class`  (
  `id` bigint NOT NULL AUTO_INCREMENT COMMENT 'pk_id',
  `course_id` bigint NULL DEFAULT NULL COMMENT '课程id',
  `class_id` bigint NULL DEFAULT NULL COMMENT '班级id',
  `is_deleted` tinyint NOT NULL DEFAULT 0 COMMENT '逻辑删除(1为已删除 默认为0)',
  `gmt_create` datetime NOT NULL DEFAULT CURRENT_TIMESTAMP COMMENT '创建时间',
  `gmt_modified` datetime NOT NULL DEFAULT CURRENT_TIMESTAMP ON UPDATE CURRENT_TIMESTAMP COMMENT '修改时间',
  PRIMARY KEY (`id`) USING BTREE
) ENGINE = InnoDB AUTO_INCREMENT = 17 CHARACTER SET = utf8mb4 COLLATE = utf8mb4_0900_ai_ci ROW_FORMAT = Dynamic;

-- ----------------------------
-- Records of course_class
-- ----------------------------
INSERT INTO `course_class` VALUES (1, 3, 1, 0, '2022-12-24 03:24:09', '2022-12-24 03:24:09');
INSERT INTO `course_class` VALUES (2, 3, 2, 0, '2022-12-24 03:33:54', '2022-12-24 03:33:54');
INSERT INTO `course_class` VALUES (3, 1, 3, 0, '2022-12-24 16:07:16', '2022-12-24 16:07:16');
INSERT INTO `course_class` VALUES (4, 4, 4, 0, '2022-12-24 16:56:57', '2022-12-24 16:56:57');
INSERT INTO `course_class` VALUES (5, 1, 5, 0, '2022-12-25 14:52:51', '2022-12-25 14:52:51');
INSERT INTO `course_class` VALUES (6, 2, 6, 0, '2022-12-25 16:33:09', '2022-12-25 16:33:09');
INSERT INTO `course_class` VALUES (7, 4, 7, 0, '2022-12-26 02:10:22', '2022-12-26 02:10:22');
INSERT INTO `course_class` VALUES (8, 6, 8, 1, '2022-12-27 03:21:22', '2022-12-27 03:28:56');
INSERT INTO `course_class` VALUES (9, 7, 9, 1, '2022-12-27 05:27:48', '2022-12-27 05:57:56');
INSERT INTO `course_class` VALUES (10, 7, 10, 1, '2022-12-27 05:54:47', '2022-12-27 05:57:54');
INSERT INTO `course_class` VALUES (11, 7, 11, 0, '2022-12-27 05:58:13', '2022-12-27 05:58:13');
INSERT INTO `course_class` VALUES (12, 6, 12, 1, '2022-12-27 15:59:08', '2022-12-27 15:59:19');
INSERT INTO `course_class` VALUES (13, 6, 13, 1, '2022-12-27 16:00:01', '2022-12-27 16:00:12');
INSERT INTO `course_class` VALUES (14, 6, 14, 1, '2022-12-27 16:01:52', '2022-12-27 16:02:17');
INSERT INTO `course_class` VALUES (15, 1, 15, 0, '2022-12-27 16:41:44', '2022-12-27 16:41:44');
INSERT INTO `course_class` VALUES (16, 6, 16, 0, '2022-12-27 17:01:53', '2022-12-27 17:01:53');

-- ----------------------------
-- Table structure for course_major
-- ----------------------------
DROP TABLE IF EXISTS `course_major`;
CREATE TABLE `course_major`  (
  `id` bigint NOT NULL AUTO_INCREMENT COMMENT 'pk_id',
  `course_id` bigint NOT NULL COMMENT '课程id',
  `major_id` int NOT NULL COMMENT '可选可学院',
  `is_deleted` tinyint NOT NULL DEFAULT 0 COMMENT '逻辑删除(1为已删除 默认为0)',
  `gmt_create` datetime NOT NULL DEFAULT CURRENT_TIMESTAMP COMMENT '创建时间',
  `gmt_modified` datetime NOT NULL DEFAULT CURRENT_TIMESTAMP ON UPDATE CURRENT_TIMESTAMP COMMENT '修改时间',
  PRIMARY KEY (`id`) USING BTREE
) ENGINE = InnoDB AUTO_INCREMENT = 22 CHARACTER SET = utf8mb4 COLLATE = utf8mb4_0900_ai_ci ROW_FORMAT = Dynamic;

-- ----------------------------
-- Records of course_major
-- ----------------------------
INSERT INTO `course_major` VALUES (1, 1, 1, 0, '2022-12-24 03:23:12', '2022-12-24 03:23:12');
INSERT INTO `course_major` VALUES (2, 1, 2, 0, '2022-12-24 03:23:12', '2022-12-24 03:23:12');
INSERT INTO `course_major` VALUES (3, 1, 3, 0, '2022-12-24 03:23:12', '2022-12-24 03:23:12');
INSERT INTO `course_major` VALUES (4, 1, 4, 0, '2022-12-24 03:23:12', '2022-12-24 03:23:12');
INSERT INTO `course_major` VALUES (5, 2, 1, 0, '2022-12-24 03:23:40', '2022-12-24 03:23:40');
INSERT INTO `course_major` VALUES (6, 2, 2, 0, '2022-12-24 03:23:40', '2022-12-24 03:23:40');
INSERT INTO `course_major` VALUES (7, 2, 3, 0, '2022-12-24 03:23:40', '2022-12-24 03:23:40');
INSERT INTO `course_major` VALUES (8, 2, 4, 0, '2022-12-24 03:23:40', '2022-12-24 03:23:40');
INSERT INTO `course_major` VALUES (9, 3, 1, 0, '2022-12-24 03:23:52', '2022-12-24 03:23:52');
INSERT INTO `course_major` VALUES (10, 4, 1, 0, '2022-12-24 16:56:36', '2022-12-24 16:56:36');
INSERT INTO `course_major` VALUES (11, 5, 1, 1, '2022-12-27 03:13:58', '2022-12-27 03:19:14');
INSERT INTO `course_major` VALUES (12, 5, 2, 1, '2022-12-27 03:13:58', '2022-12-27 03:19:14');
INSERT INTO `course_major` VALUES (13, 6, 1, 0, '2022-12-27 03:14:56', '2022-12-27 03:14:56');
INSERT INTO `course_major` VALUES (14, 6, 2, 0, '2022-12-27 03:14:56', '2022-12-27 03:14:56');
INSERT INTO `course_major` VALUES (15, 7, 1, 0, '2022-12-27 05:27:21', '2022-12-27 05:27:21');
INSERT INTO `course_major` VALUES (16, 7, 2, 0, '2022-12-27 05:27:21', '2022-12-27 05:27:21');
INSERT INTO `course_major` VALUES (17, 7, 3, 0, '2022-12-27 05:27:21', '2022-12-27 05:27:21');
INSERT INTO `course_major` VALUES (18, 7, 4, 0, '2022-12-27 05:27:21', '2022-12-27 05:27:21');
INSERT INTO `course_major` VALUES (19, 7, 5, 0, '2022-12-27 05:27:21', '2022-12-27 05:27:21');
INSERT INTO `course_major` VALUES (20, 7, 6, 0, '2022-12-27 05:27:21', '2022-12-27 05:27:21');
INSERT INTO `course_major` VALUES (21, 8, 1, 1, '2022-12-27 16:39:34', '2022-12-27 16:40:03');

-- ----------------------------
-- Table structure for course_major_year
-- ----------------------------
DROP TABLE IF EXISTS `course_major_year`;
CREATE TABLE `course_major_year`  (
  `id` bigint NOT NULL AUTO_INCREMENT COMMENT 'pk_id',
  `course_major_id` bigint NULL DEFAULT NULL COMMENT '课程可选课学院id',
  `year` char(4) CHARACTER SET utf8mb4 COLLATE utf8mb4_0900_ai_ci NULL DEFAULT NULL COMMENT '学年',
  `is_deleted` tinyint NOT NULL DEFAULT 0 COMMENT '逻辑删除(1为已删除 默认为0)',
  `gmt_create` datetime NOT NULL DEFAULT CURRENT_TIMESTAMP COMMENT '创建时间',
  `gmt_modified` datetime NOT NULL DEFAULT CURRENT_TIMESTAMP ON UPDATE CURRENT_TIMESTAMP COMMENT '修改时间',
  PRIMARY KEY (`id`) USING BTREE
) ENGINE = InnoDB AUTO_INCREMENT = 78 CHARACTER SET = utf8mb4 COLLATE = utf8mb4_0900_ai_ci ROW_FORMAT = Dynamic;

-- ----------------------------
-- Records of course_major_year
-- ----------------------------
INSERT INTO `course_major_year` VALUES (1, 1, '2019', 0, '2022-12-24 03:23:12', '2022-12-24 03:23:12');
INSERT INTO `course_major_year` VALUES (2, 1, '2020', 0, '2022-12-24 03:23:12', '2022-12-24 03:23:12');
INSERT INTO `course_major_year` VALUES (3, 1, '2021', 0, '2022-12-24 03:23:12', '2022-12-24 03:23:12');
INSERT INTO `course_major_year` VALUES (4, 1, '2022', 0, '2022-12-24 03:23:12', '2022-12-24 03:23:12');
INSERT INTO `course_major_year` VALUES (5, 2, '2019', 0, '2022-12-24 03:23:12', '2022-12-24 03:23:12');
INSERT INTO `course_major_year` VALUES (6, 2, '2020', 0, '2022-12-24 03:23:12', '2022-12-24 03:23:12');
INSERT INTO `course_major_year` VALUES (7, 2, '2021', 0, '2022-12-24 03:23:12', '2022-12-24 03:23:12');
INSERT INTO `course_major_year` VALUES (8, 2, '2022', 0, '2022-12-24 03:23:12', '2022-12-24 03:23:12');
INSERT INTO `course_major_year` VALUES (9, 3, '2019', 0, '2022-12-24 03:23:12', '2022-12-24 03:23:12');
INSERT INTO `course_major_year` VALUES (10, 3, '2020', 0, '2022-12-24 03:23:12', '2022-12-24 03:23:12');
INSERT INTO `course_major_year` VALUES (11, 3, '2021', 0, '2022-12-24 03:23:12', '2022-12-24 03:23:12');
INSERT INTO `course_major_year` VALUES (12, 3, '2022', 0, '2022-12-24 03:23:12', '2022-12-24 03:23:12');
INSERT INTO `course_major_year` VALUES (13, 4, '2019', 0, '2022-12-24 03:23:12', '2022-12-24 03:23:12');
INSERT INTO `course_major_year` VALUES (14, 4, '2020', 0, '2022-12-24 03:23:12', '2022-12-24 03:23:12');
INSERT INTO `course_major_year` VALUES (15, 4, '2021', 0, '2022-12-24 03:23:12', '2022-12-24 03:23:12');
INSERT INTO `course_major_year` VALUES (16, 4, '2022', 0, '2022-12-24 03:23:12', '2022-12-24 03:23:12');
INSERT INTO `course_major_year` VALUES (17, 5, '2019', 0, '2022-12-24 03:23:40', '2022-12-24 03:23:40');
INSERT INTO `course_major_year` VALUES (18, 5, '2021', 0, '2022-12-24 03:23:40', '2022-12-24 03:23:40');
INSERT INTO `course_major_year` VALUES (19, 5, '2020', 0, '2022-12-24 03:23:40', '2022-12-24 03:23:40');
INSERT INTO `course_major_year` VALUES (20, 5, '2022', 0, '2022-12-24 03:23:40', '2022-12-24 03:23:40');
INSERT INTO `course_major_year` VALUES (21, 6, '2019', 0, '2022-12-24 03:23:40', '2022-12-24 03:23:40');
INSERT INTO `course_major_year` VALUES (22, 6, '2020', 0, '2022-12-24 03:23:40', '2022-12-24 03:23:40');
INSERT INTO `course_major_year` VALUES (23, 6, '2021', 0, '2022-12-24 03:23:40', '2022-12-24 03:23:40');
INSERT INTO `course_major_year` VALUES (24, 6, '2022', 0, '2022-12-24 03:23:40', '2022-12-24 03:23:40');
INSERT INTO `course_major_year` VALUES (25, 7, '2019', 0, '2022-12-24 03:23:40', '2022-12-24 03:23:40');
INSERT INTO `course_major_year` VALUES (26, 7, '2020', 0, '2022-12-24 03:23:40', '2022-12-24 03:23:40');
INSERT INTO `course_major_year` VALUES (27, 7, '2021', 0, '2022-12-24 03:23:40', '2022-12-24 03:23:40');
INSERT INTO `course_major_year` VALUES (28, 7, '2022', 0, '2022-12-24 03:23:40', '2022-12-24 03:23:40');
INSERT INTO `course_major_year` VALUES (29, 8, '2019', 0, '2022-12-24 03:23:40', '2022-12-24 03:23:40');
INSERT INTO `course_major_year` VALUES (30, 8, '2020', 0, '2022-12-24 03:23:40', '2022-12-24 03:23:40');
INSERT INTO `course_major_year` VALUES (31, 8, '2021', 0, '2022-12-24 03:23:40', '2022-12-24 03:23:40');
INSERT INTO `course_major_year` VALUES (32, 8, '2022', 0, '2022-12-24 03:23:40', '2022-12-24 03:23:40');
INSERT INTO `course_major_year` VALUES (33, 9, '2019', 0, '2022-12-24 03:23:52', '2022-12-24 03:23:52');
INSERT INTO `course_major_year` VALUES (34, 9, '2021', 0, '2022-12-24 03:23:52', '2022-12-24 03:23:52');
INSERT INTO `course_major_year` VALUES (35, 9, '2020', 0, '2022-12-24 03:23:52', '2022-12-24 03:23:52');
INSERT INTO `course_major_year` VALUES (36, 9, '2022', 0, '2022-12-24 03:23:52', '2022-12-24 03:23:52');
INSERT INTO `course_major_year` VALUES (37, 10, '2019', 0, '2022-12-24 16:56:36', '2022-12-24 16:56:36');
INSERT INTO `course_major_year` VALUES (38, 10, '2020', 0, '2022-12-24 16:56:36', '2022-12-24 16:56:36');
INSERT INTO `course_major_year` VALUES (39, 10, '2021', 0, '2022-12-24 16:56:36', '2022-12-24 16:56:36');
INSERT INTO `course_major_year` VALUES (40, 10, '2022', 0, '2022-12-24 16:56:36', '2022-12-24 16:56:36');
INSERT INTO `course_major_year` VALUES (41, 11, '2022', 1, '2022-12-27 03:13:58', '2022-12-27 03:19:14');
INSERT INTO `course_major_year` VALUES (42, 11, '2021', 1, '2022-12-27 03:13:58', '2022-12-27 03:19:14');
INSERT INTO `course_major_year` VALUES (43, 11, '2020', 1, '2022-12-27 03:13:58', '2022-12-27 03:19:14');
INSERT INTO `course_major_year` VALUES (44, 12, '2021', 1, '2022-12-27 03:13:58', '2022-12-27 03:19:14');
INSERT INTO `course_major_year` VALUES (45, 13, '2022', 0, '2022-12-27 03:14:56', '2022-12-27 03:14:56');
INSERT INTO `course_major_year` VALUES (46, 13, '2021', 0, '2022-12-27 03:14:56', '2022-12-27 03:14:56');
INSERT INTO `course_major_year` VALUES (47, 13, '2020', 0, '2022-12-27 03:14:56', '2022-12-27 03:14:56');
INSERT INTO `course_major_year` VALUES (48, 13, '2019', 0, '2022-12-27 03:14:56', '2022-12-27 03:14:56');
INSERT INTO `course_major_year` VALUES (49, 14, '2021', 0, '2022-12-27 03:14:56', '2022-12-27 03:14:56');
INSERT INTO `course_major_year` VALUES (50, 15, '2019', 0, '2022-12-27 05:27:21', '2022-12-27 05:27:21');
INSERT INTO `course_major_year` VALUES (51, 15, '2020', 0, '2022-12-27 05:27:21', '2022-12-27 05:27:21');
INSERT INTO `course_major_year` VALUES (52, 15, '2022', 0, '2022-12-27 05:27:21', '2022-12-27 05:27:21');
INSERT INTO `course_major_year` VALUES (53, 15, '2021', 0, '2022-12-27 05:27:21', '2022-12-27 05:27:21');
INSERT INTO `course_major_year` VALUES (54, 16, '2019', 0, '2022-12-27 05:27:21', '2022-12-27 05:27:21');
INSERT INTO `course_major_year` VALUES (55, 16, '2020', 0, '2022-12-27 05:27:21', '2022-12-27 05:27:21');
INSERT INTO `course_major_year` VALUES (56, 16, '2021', 0, '2022-12-27 05:27:21', '2022-12-27 05:27:21');
INSERT INTO `course_major_year` VALUES (57, 16, '2022', 0, '2022-12-27 05:27:21', '2022-12-27 05:27:21');
INSERT INTO `course_major_year` VALUES (58, 17, '2019', 0, '2022-12-27 05:27:21', '2022-12-27 05:27:21');
INSERT INTO `course_major_year` VALUES (59, 17, '2020', 0, '2022-12-27 05:27:21', '2022-12-27 05:27:21');
INSERT INTO `course_major_year` VALUES (60, 17, '2021', 0, '2022-12-27 05:27:21', '2022-12-27 05:27:21');
INSERT INTO `course_major_year` VALUES (61, 17, '2022', 0, '2022-12-27 05:27:21', '2022-12-27 05:27:21');
INSERT INTO `course_major_year` VALUES (62, 18, '2019', 0, '2022-12-27 05:27:21', '2022-12-27 05:27:21');
INSERT INTO `course_major_year` VALUES (63, 18, '2020', 0, '2022-12-27 05:27:21', '2022-12-27 05:27:21');
INSERT INTO `course_major_year` VALUES (64, 18, '2021', 0, '2022-12-27 05:27:21', '2022-12-27 05:27:21');
INSERT INTO `course_major_year` VALUES (65, 18, '2022', 0, '2022-12-27 05:27:21', '2022-12-27 05:27:21');
INSERT INTO `course_major_year` VALUES (66, 19, '2019', 0, '2022-12-27 05:27:21', '2022-12-27 05:27:21');
INSERT INTO `course_major_year` VALUES (67, 19, '2020', 0, '2022-12-27 05:27:21', '2022-12-27 05:27:21');
INSERT INTO `course_major_year` VALUES (68, 19, '2021', 0, '2022-12-27 05:27:21', '2022-12-27 05:27:21');
INSERT INTO `course_major_year` VALUES (69, 19, '2022', 0, '2022-12-27 05:27:21', '2022-12-27 05:27:21');
INSERT INTO `course_major_year` VALUES (70, 20, '2019', 0, '2022-12-27 05:27:21', '2022-12-27 05:27:21');
INSERT INTO `course_major_year` VALUES (71, 20, '2020', 0, '2022-12-27 05:27:21', '2022-12-27 05:27:21');
INSERT INTO `course_major_year` VALUES (72, 20, '2021', 0, '2022-12-27 05:27:21', '2022-12-27 05:27:21');
INSERT INTO `course_major_year` VALUES (73, 20, '2022', 0, '2022-12-27 05:27:21', '2022-12-27 05:27:21');
INSERT INTO `course_major_year` VALUES (74, 21, '2019', 1, '2022-12-27 16:39:34', '2022-12-27 16:40:03');
INSERT INTO `course_major_year` VALUES (75, 21, '2020', 1, '2022-12-27 16:39:34', '2022-12-27 16:40:03');
INSERT INTO `course_major_year` VALUES (76, 21, '2021', 1, '2022-12-27 16:39:34', '2022-12-27 16:40:03');
INSERT INTO `course_major_year` VALUES (77, 21, '2022', 1, '2022-12-27 16:39:34', '2022-12-27 16:40:03');

-- ----------------------------
-- Table structure for major
-- ----------------------------
DROP TABLE IF EXISTS `major`;
CREATE TABLE `major`  (
  `id` bigint NOT NULL AUTO_INCREMENT COMMENT 'pk_id',
  `major` varchar(255) CHARACTER SET utf8mb4 COLLATE utf8mb4_0900_ai_ci NULL DEFAULT NULL COMMENT '学院名称',
  `is_deleted` tinyint NOT NULL DEFAULT 0 COMMENT '逻辑删除(1为已删除 默认为0)',
  `gmt_create` datetime NOT NULL DEFAULT CURRENT_TIMESTAMP COMMENT '创建时间',
  `gmt_modified` datetime NOT NULL DEFAULT CURRENT_TIMESTAMP ON UPDATE CURRENT_TIMESTAMP COMMENT '修改时间',
  PRIMARY KEY (`id`) USING BTREE
) ENGINE = InnoDB AUTO_INCREMENT = 7 CHARACTER SET = utf8mb4 COLLATE = utf8mb4_0900_ai_ci ROW_FORMAT = Dynamic;

-- ----------------------------
-- Records of major
-- ----------------------------
INSERT INTO `major` VALUES (1, '信息学院', 0, '2022-12-11 03:29:11', '2022-12-11 03:29:11');
INSERT INTO `major` VALUES (2, '法学院', 0, '2022-12-11 03:29:16', '2022-12-11 03:29:16');
INSERT INTO `major` VALUES (3, '商学院', 0, '2022-12-11 03:29:18', '2022-12-11 03:29:18');
INSERT INTO `major` VALUES (4, '数统学院', 0, '2022-12-11 03:29:25', '2022-12-11 03:29:25');
INSERT INTO `major` VALUES (5, '金融学院', 0, '2022-12-11 03:29:30', '2022-12-11 03:29:30');
INSERT INTO `major` VALUES (6, '英文学院', 0, '2022-12-11 03:30:08', '2022-12-11 03:30:08');

-- ----------------------------
-- Table structure for student
-- ----------------------------
DROP TABLE IF EXISTS `student`;
CREATE TABLE `student`  (
  `id` bigint NOT NULL AUTO_INCREMENT COMMENT 'pk_id',
  `name` varchar(30) CHARACTER SET utf8mb4 COLLATE utf8mb4_0900_ai_ci NOT NULL COMMENT '学生姓名',
  `number` char(11) CHARACTER SET utf8mb4 COLLATE utf8mb4_0900_ai_ci NOT NULL COMMENT '学号',
  `password` varchar(255) CHARACTER SET utf8mb4 COLLATE utf8mb4_0900_ai_ci NOT NULL COMMENT '密码',
  `salt` varchar(255) CHARACTER SET utf8mb4 COLLATE utf8mb4_0900_ai_ci NOT NULL COMMENT '密码盐值',
  `is_deleted` datetime NULL DEFAULT NULL COMMENT '逻辑删除(1为已删除 默认为0)',
  `gmt_create` datetime NOT NULL DEFAULT CURRENT_TIMESTAMP COMMENT '创建时间',
  `gmt_modified` datetime NOT NULL DEFAULT CURRENT_TIMESTAMP ON UPDATE CURRENT_TIMESTAMP COMMENT '修改时间',
  PRIMARY KEY (`id`) USING BTREE,
  UNIQUE INDEX `pk_id`(`id`) USING BTREE,
  UNIQUE INDEX `index_number`(`number`, `is_deleted`) USING BTREE
) ENGINE = InnoDB AUTO_INCREMENT = 1015 CHARACTER SET = utf8mb4 COLLATE = utf8mb4_0900_ai_ci ROW_FORMAT = Dynamic;

-- ----------------------------
-- Records of student
-- ----------------------------
INSERT INTO `student` VALUES (1, '测试', '20201000000', '57c3cb70f14ca167abc6dc3bde5d1cd8', 'hXFkAGtHgP', NULL, '2022-12-11 03:14:15', '2022-12-26 23:54:08');
INSERT INTO `student` VALUES (2, '姜春', '20201000001', '57c3cb70f14ca167abc6dc3bde5d1cd8', 'hXFkAGtHgP', NULL, '2022-12-11 03:14:15', '2022-12-26 23:54:08');
INSERT INTO `student` VALUES (3, '督馨香', '20201000002', '57c3cb70f14ca167abc6dc3bde5d1cd8', 'hXFkAGtHgP', NULL, '2022-12-11 03:14:15', '2022-12-26 23:54:08');
INSERT INTO `student` VALUES (4, '用闳丽', '20201000003', '57c3cb70f14ca167abc6dc3bde5d1cd8', 'hXFkAGtHgP', NULL, '2022-12-11 03:14:15', '2022-12-26 23:54:08');
INSERT INTO `student` VALUES (5, '厚晓瑶', '20201000004', '57c3cb70f14ca167abc6dc3bde5d1cd8', 'hXFkAGtHgP', NULL, '2022-12-11 03:14:15', '2022-12-26 23:54:08');
INSERT INTO `student` VALUES (6, '线正阳', '20201000005', '57c3cb70f14ca167abc6dc3bde5d1cd8', 'hXFkAGtHgP', NULL, '2022-12-11 03:14:15', '2022-12-26 23:54:08');
INSERT INTO `student` VALUES (7, '但秋灵', '20201000006', '57c3cb70f14ca167abc6dc3bde5d1cd8', 'hXFkAGtHgP', NULL, '2022-12-11 03:14:15', '2022-12-26 23:54:08');
INSERT INTO `student` VALUES (8, '闽骞魁', '20201000007', '57c3cb70f14ca167abc6dc3bde5d1cd8', 'hXFkAGtHgP', NULL, '2022-12-11 03:14:15', '2022-12-26 23:54:08');
INSERT INTO `student` VALUES (9, '辜心', '20201000008', '57c3cb70f14ca167abc6dc3bde5d1cd8', 'hXFkAGtHgP', NULL, '2022-12-11 03:14:15', '2022-12-26 23:54:08');
INSERT INTO `student` VALUES (10, '霜璇珠', '20201000009', '57c3cb70f14ca167abc6dc3bde5d1cd8', 'hXFkAGtHgP', NULL, '2022-12-11 03:14:15', '2022-12-26 23:54:08');
INSERT INTO `student` VALUES (11, '长鸿朗', '20201000010', '57c3cb70f14ca167abc6dc3bde5d1cd8', 'hXFkAGtHgP', NULL, '2022-12-11 03:14:15', '2022-12-26 23:54:08');
INSERT INTO `student` VALUES (12, '端冷之', '20201000011', '57c3cb70f14ca167abc6dc3bde5d1cd8', 'hXFkAGtHgP', NULL, '2022-12-11 03:14:15', '2022-12-26 23:54:08');
INSERT INTO `student` VALUES (13, '屠斯年', '20201000012', '57c3cb70f14ca167abc6dc3bde5d1cd8', 'hXFkAGtHgP', NULL, '2022-12-11 03:14:15', '2022-12-26 23:54:08');
INSERT INTO `student` VALUES (14, '广蓄', '20201000013', '57c3cb70f14ca167abc6dc3bde5d1cd8', 'hXFkAGtHgP', NULL, '2022-12-11 03:14:15', '2022-12-26 23:54:08');
INSERT INTO `student` VALUES (15, '磨淼淼', '20201000014', '57c3cb70f14ca167abc6dc3bde5d1cd8', 'hXFkAGtHgP', NULL, '2022-12-11 03:14:15', '2022-12-26 23:54:08');
INSERT INTO `student` VALUES (16, '香旻', '20201000015', '57c3cb70f14ca167abc6dc3bde5d1cd8', 'hXFkAGtHgP', NULL, '2022-12-11 03:14:15', '2022-12-26 23:54:08');
INSERT INTO `student` VALUES (17, '缪念霜', '20201000016', '57c3cb70f14ca167abc6dc3bde5d1cd8', 'hXFkAGtHgP', NULL, '2022-12-11 03:14:15', '2022-12-26 23:54:08');
INSERT INTO `student` VALUES (18, '撒傲丝', '20201000017', '57c3cb70f14ca167abc6dc3bde5d1cd8', 'hXFkAGtHgP', NULL, '2022-12-11 03:14:15', '2022-12-26 23:54:08');
INSERT INTO `student` VALUES (19, '雷新柔', '20201000018', '57c3cb70f14ca167abc6dc3bde5d1cd8', 'hXFkAGtHgP', NULL, '2022-12-11 03:14:15', '2022-12-26 23:54:08');
INSERT INTO `student` VALUES (20, '花天蓉', '20201000019', '57c3cb70f14ca167abc6dc3bde5d1cd8', 'hXFkAGtHgP', NULL, '2022-12-11 03:14:15', '2022-12-26 23:54:08');
INSERT INTO `student` VALUES (21, '悟兰英', '20201000020', '57c3cb70f14ca167abc6dc3bde5d1cd8', 'hXFkAGtHgP', NULL, '2022-12-11 03:14:15', '2022-12-26 23:54:08');
INSERT INTO `student` VALUES (22, '澹台春华', '20201000021', '57c3cb70f14ca167abc6dc3bde5d1cd8', 'hXFkAGtHgP', NULL, '2022-12-11 03:14:15', '2022-12-26 23:54:08');
INSERT INTO `student` VALUES (23, '揭夏瑶', '20201000022', '57c3cb70f14ca167abc6dc3bde5d1cd8', 'hXFkAGtHgP', NULL, '2022-12-11 03:14:15', '2022-12-26 23:54:08');
INSERT INTO `student` VALUES (24, '闫绍辉', '20201000023', '57c3cb70f14ca167abc6dc3bde5d1cd8', 'hXFkAGtHgP', NULL, '2022-12-11 03:14:15', '2022-12-26 23:54:08');
INSERT INTO `student` VALUES (25, '枝陶', '20201000024', '57c3cb70f14ca167abc6dc3bde5d1cd8', 'hXFkAGtHgP', NULL, '2022-12-11 03:14:15', '2022-12-26 23:54:08');
INSERT INTO `student` VALUES (26, '庾子美', '20201000025', '57c3cb70f14ca167abc6dc3bde5d1cd8', 'hXFkAGtHgP', NULL, '2022-12-11 03:14:15', '2022-12-26 23:54:08');
INSERT INTO `student` VALUES (27, '许教', '20201000026', '57c3cb70f14ca167abc6dc3bde5d1cd8', 'hXFkAGtHgP', NULL, '2022-12-11 03:14:15', '2022-12-26 23:54:08');
INSERT INTO `student` VALUES (28, '訾诗珊', '20201000027', '57c3cb70f14ca167abc6dc3bde5d1cd8', 'hXFkAGtHgP', NULL, '2022-12-11 03:14:15', '2022-12-26 23:54:08');
INSERT INTO `student` VALUES (29, '闻建明', '20201000028', '57c3cb70f14ca167abc6dc3bde5d1cd8', 'hXFkAGtHgP', NULL, '2022-12-11 03:14:15', '2022-12-26 23:54:08');
INSERT INTO `student` VALUES (30, '伊津', '20201000029', '57c3cb70f14ca167abc6dc3bde5d1cd8', 'hXFkAGtHgP', NULL, '2022-12-11 03:14:15', '2022-12-26 23:54:08');
INSERT INTO `student` VALUES (31, '系乐正', '20201000030', '57c3cb70f14ca167abc6dc3bde5d1cd8', 'hXFkAGtHgP', NULL, '2022-12-11 03:14:15', '2022-12-26 23:54:08');
INSERT INTO `student` VALUES (32, '施晴美', '20201000031', '57c3cb70f14ca167abc6dc3bde5d1cd8', 'hXFkAGtHgP', NULL, '2022-12-11 03:14:15', '2022-12-26 23:54:08');
INSERT INTO `student` VALUES (33, '巢俊雅', '20201000032', '57c3cb70f14ca167abc6dc3bde5d1cd8', 'hXFkAGtHgP', NULL, '2022-12-11 03:14:15', '2022-12-26 23:54:08');
INSERT INTO `student` VALUES (34, '仲傲霜', '20201000033', '57c3cb70f14ca167abc6dc3bde5d1cd8', 'hXFkAGtHgP', NULL, '2022-12-11 03:14:15', '2022-12-26 23:54:08');
INSERT INTO `student` VALUES (35, '仇惜梦', '20201000034', '57c3cb70f14ca167abc6dc3bde5d1cd8', 'hXFkAGtHgP', NULL, '2022-12-11 03:14:15', '2022-12-26 23:54:08');
INSERT INTO `student` VALUES (36, '其紫桐', '20201000035', '57c3cb70f14ca167abc6dc3bde5d1cd8', 'hXFkAGtHgP', NULL, '2022-12-11 03:14:15', '2022-12-26 23:54:08');
INSERT INTO `student` VALUES (37, '塔温韦', '20201000036', '57c3cb70f14ca167abc6dc3bde5d1cd8', 'hXFkAGtHgP', NULL, '2022-12-11 03:14:15', '2022-12-26 23:54:08');
INSERT INTO `student` VALUES (38, '廉迎夏', '20201000037', '57c3cb70f14ca167abc6dc3bde5d1cd8', 'hXFkAGtHgP', NULL, '2022-12-11 03:14:15', '2022-12-26 23:54:08');
INSERT INTO `student` VALUES (39, '抗慧秀', '20201000038', '57c3cb70f14ca167abc6dc3bde5d1cd8', 'hXFkAGtHgP', NULL, '2022-12-11 03:14:15', '2022-12-26 23:54:08');
INSERT INTO `student` VALUES (40, '雪巧绿', '20201000039', '57c3cb70f14ca167abc6dc3bde5d1cd8', 'hXFkAGtHgP', NULL, '2022-12-11 03:14:15', '2022-12-26 23:54:08');
INSERT INTO `student` VALUES (41, '示丹亦', '20201000040', '57c3cb70f14ca167abc6dc3bde5d1cd8', 'hXFkAGtHgP', NULL, '2022-12-11 03:14:15', '2022-12-26 23:54:08');
INSERT INTO `student` VALUES (42, '似雨兰', '20201000041', '57c3cb70f14ca167abc6dc3bde5d1cd8', 'hXFkAGtHgP', NULL, '2022-12-11 03:14:15', '2022-12-26 23:54:08');
INSERT INTO `student` VALUES (43, '寿霞雰', '20201000042', '57c3cb70f14ca167abc6dc3bde5d1cd8', 'hXFkAGtHgP', NULL, '2022-12-11 03:14:15', '2022-12-26 23:54:08');
INSERT INTO `student` VALUES (44, '孔惜玉', '20201000043', '57c3cb70f14ca167abc6dc3bde5d1cd8', 'hXFkAGtHgP', NULL, '2022-12-11 03:14:15', '2022-12-26 23:54:08');
INSERT INTO `student` VALUES (45, '千安柏', '20201000044', '57c3cb70f14ca167abc6dc3bde5d1cd8', 'hXFkAGtHgP', NULL, '2022-12-11 03:14:15', '2022-12-26 23:54:08');
INSERT INTO `student` VALUES (46, '费鸿福', '20201000045', '57c3cb70f14ca167abc6dc3bde5d1cd8', 'hXFkAGtHgP', NULL, '2022-12-11 03:14:15', '2022-12-26 23:54:08');
INSERT INTO `student` VALUES (47, '才榆', '20201000046', '57c3cb70f14ca167abc6dc3bde5d1cd8', 'hXFkAGtHgP', NULL, '2022-12-11 03:14:15', '2022-12-26 23:54:08');
INSERT INTO `student` VALUES (48, '虢白卉', '20201000047', '57c3cb70f14ca167abc6dc3bde5d1cd8', 'hXFkAGtHgP', NULL, '2022-12-11 03:14:15', '2022-12-26 23:54:08');
INSERT INTO `student` VALUES (49, '凭静婉', '20201000048', '57c3cb70f14ca167abc6dc3bde5d1cd8', 'hXFkAGtHgP', NULL, '2022-12-11 03:14:15', '2022-12-26 23:54:08');
INSERT INTO `student` VALUES (50, '寇华美', '20201000049', '57c3cb70f14ca167abc6dc3bde5d1cd8', 'hXFkAGtHgP', NULL, '2022-12-11 03:14:15', '2022-12-26 23:54:08');
INSERT INTO `student` VALUES (51, '杭英华', '20201000050', '57c3cb70f14ca167abc6dc3bde5d1cd8', 'hXFkAGtHgP', NULL, '2022-12-11 03:14:15', '2022-12-26 23:54:08');
INSERT INTO `student` VALUES (52, '运思天', '20201000051', '57c3cb70f14ca167abc6dc3bde5d1cd8', 'hXFkAGtHgP', NULL, '2022-12-11 03:14:15', '2022-12-26 23:54:08');
INSERT INTO `student` VALUES (53, '耿萱', '20201000052', '57c3cb70f14ca167abc6dc3bde5d1cd8', 'hXFkAGtHgP', NULL, '2022-12-11 03:14:15', '2022-12-26 23:54:08');
INSERT INTO `student` VALUES (54, '却佩玉', '20201000053', '57c3cb70f14ca167abc6dc3bde5d1cd8', 'hXFkAGtHgP', NULL, '2022-12-11 03:14:15', '2022-12-26 23:54:08');
INSERT INTO `student` VALUES (55, '铁念之', '20201000054', '57c3cb70f14ca167abc6dc3bde5d1cd8', 'hXFkAGtHgP', NULL, '2022-12-11 03:14:15', '2022-12-26 23:54:08');
INSERT INTO `student` VALUES (56, '前正卿', '20201000055', '57c3cb70f14ca167abc6dc3bde5d1cd8', 'hXFkAGtHgP', NULL, '2022-12-11 03:14:15', '2022-12-26 23:54:08');
INSERT INTO `student` VALUES (57, '毛沛槐', '20201000056', '57c3cb70f14ca167abc6dc3bde5d1cd8', 'hXFkAGtHgP', NULL, '2022-12-11 03:14:15', '2022-12-26 23:54:08');
INSERT INTO `student` VALUES (58, '鹿巧凡', '20201000057', '57c3cb70f14ca167abc6dc3bde5d1cd8', 'hXFkAGtHgP', NULL, '2022-12-11 03:14:15', '2022-12-26 23:54:08');
INSERT INTO `student` VALUES (59, '于逸仙', '20201000058', '57c3cb70f14ca167abc6dc3bde5d1cd8', 'hXFkAGtHgP', NULL, '2022-12-11 03:14:15', '2022-12-26 23:54:08');
INSERT INTO `student` VALUES (60, '员飞珍', '20201000059', '57c3cb70f14ca167abc6dc3bde5d1cd8', 'hXFkAGtHgP', NULL, '2022-12-11 03:14:15', '2022-12-26 23:54:08');
INSERT INTO `student` VALUES (61, '朋开济', '20201000060', '57c3cb70f14ca167abc6dc3bde5d1cd8', 'hXFkAGtHgP', NULL, '2022-12-11 03:14:15', '2022-12-26 23:54:08');
INSERT INTO `student` VALUES (62, '犁又亦', '20201000061', '57c3cb70f14ca167abc6dc3bde5d1cd8', 'hXFkAGtHgP', NULL, '2022-12-11 03:14:15', '2022-12-26 23:54:08');
INSERT INTO `student` VALUES (63, '城南晴', '20201000062', '57c3cb70f14ca167abc6dc3bde5d1cd8', 'hXFkAGtHgP', NULL, '2022-12-11 03:14:15', '2022-12-26 23:54:08');
INSERT INTO `student` VALUES (64, '伏嘉运', '20201000063', '57c3cb70f14ca167abc6dc3bde5d1cd8', 'hXFkAGtHgP', NULL, '2022-12-11 03:14:15', '2022-12-26 23:54:08');
INSERT INTO `student` VALUES (65, '赤芳洁', '20201000064', '57c3cb70f14ca167abc6dc3bde5d1cd8', 'hXFkAGtHgP', NULL, '2022-12-11 03:14:15', '2022-12-26 23:54:08');
INSERT INTO `student` VALUES (66, '衡凌文', '20201000065', '57c3cb70f14ca167abc6dc3bde5d1cd8', 'hXFkAGtHgP', NULL, '2022-12-11 03:14:15', '2022-12-26 23:54:08');
INSERT INTO `student` VALUES (67, '薛哲瀚', '20201000066', '57c3cb70f14ca167abc6dc3bde5d1cd8', 'hXFkAGtHgP', NULL, '2022-12-11 03:14:15', '2022-12-26 23:54:08');
INSERT INTO `student` VALUES (68, '弘燕婉', '20201000067', '57c3cb70f14ca167abc6dc3bde5d1cd8', 'hXFkAGtHgP', NULL, '2022-12-11 03:14:15', '2022-12-26 23:54:08');
INSERT INTO `student` VALUES (69, '朱红螺', '20201000068', '57c3cb70f14ca167abc6dc3bde5d1cd8', 'hXFkAGtHgP', NULL, '2022-12-11 03:14:15', '2022-12-26 23:54:08');
INSERT INTO `student` VALUES (70, '卫向松', '20201000069', '57c3cb70f14ca167abc6dc3bde5d1cd8', 'hXFkAGtHgP', NULL, '2022-12-11 03:14:15', '2022-12-26 23:54:08');
INSERT INTO `student` VALUES (71, '洪高飞', '20201000070', '57c3cb70f14ca167abc6dc3bde5d1cd8', 'hXFkAGtHgP', NULL, '2022-12-11 03:14:15', '2022-12-26 23:54:08');
INSERT INTO `student` VALUES (72, '枝陶', '20201000071', '57c3cb70f14ca167abc6dc3bde5d1cd8', 'hXFkAGtHgP', NULL, '2022-12-11 03:14:15', '2022-12-26 23:54:08');
INSERT INTO `student` VALUES (73, '富以晴', '20201000072', '57c3cb70f14ca167abc6dc3bde5d1cd8', 'hXFkAGtHgP', NULL, '2022-12-11 03:14:15', '2022-12-26 23:54:08');
INSERT INTO `student` VALUES (74, '钟子墨', '20201000073', '57c3cb70f14ca167abc6dc3bde5d1cd8', 'hXFkAGtHgP', NULL, '2022-12-11 03:14:15', '2022-12-26 23:54:08');
INSERT INTO `student` VALUES (75, '问小蕊', '20201000074', '57c3cb70f14ca167abc6dc3bde5d1cd8', 'hXFkAGtHgP', NULL, '2022-12-11 03:14:15', '2022-12-26 23:54:08');
INSERT INTO `student` VALUES (76, '乌孙晖', '20201000075', '57c3cb70f14ca167abc6dc3bde5d1cd8', 'hXFkAGtHgP', NULL, '2022-12-11 03:14:15', '2022-12-26 23:54:08');
INSERT INTO `student` VALUES (77, '刁昂熙', '20201000076', '57c3cb70f14ca167abc6dc3bde5d1cd8', 'hXFkAGtHgP', NULL, '2022-12-11 03:14:15', '2022-12-26 23:54:08');
INSERT INTO `student` VALUES (78, '闾丘迎夏', '20201000077', '57c3cb70f14ca167abc6dc3bde5d1cd8', 'hXFkAGtHgP', NULL, '2022-12-11 03:14:15', '2022-12-26 23:54:08');
INSERT INTO `student` VALUES (79, '保昕', '20201000078', '57c3cb70f14ca167abc6dc3bde5d1cd8', 'hXFkAGtHgP', NULL, '2022-12-11 03:14:15', '2022-12-26 23:54:08');
INSERT INTO `student` VALUES (80, '水茂材', '20201000079', '57c3cb70f14ca167abc6dc3bde5d1cd8', 'hXFkAGtHgP', NULL, '2022-12-11 03:14:15', '2022-12-26 23:54:08');
INSERT INTO `student` VALUES (81, '佴盼丹', '20201000080', '57c3cb70f14ca167abc6dc3bde5d1cd8', 'hXFkAGtHgP', NULL, '2022-12-11 03:14:15', '2022-12-26 23:54:08');
INSERT INTO `student` VALUES (82, '隐珺琦', '20201000081', '57c3cb70f14ca167abc6dc3bde5d1cd8', 'hXFkAGtHgP', NULL, '2022-12-11 03:14:15', '2022-12-26 23:54:08');
INSERT INTO `student` VALUES (83, '欧雪晴', '20201000082', '57c3cb70f14ca167abc6dc3bde5d1cd8', 'hXFkAGtHgP', NULL, '2022-12-11 03:14:15', '2022-12-26 23:54:08');
INSERT INTO `student` VALUES (84, '衅顺', '20201000083', '57c3cb70f14ca167abc6dc3bde5d1cd8', 'hXFkAGtHgP', NULL, '2022-12-11 03:14:15', '2022-12-26 23:54:08');
INSERT INTO `student` VALUES (85, '骑秀敏', '20201000084', '57c3cb70f14ca167abc6dc3bde5d1cd8', 'hXFkAGtHgP', NULL, '2022-12-11 03:14:15', '2022-12-26 23:54:08');
INSERT INTO `student` VALUES (86, '班清佳', '20201000085', '57c3cb70f14ca167abc6dc3bde5d1cd8', 'hXFkAGtHgP', NULL, '2022-12-11 03:14:15', '2022-12-26 23:54:08');
INSERT INTO `student` VALUES (87, '储丹蝶', '20201000086', '57c3cb70f14ca167abc6dc3bde5d1cd8', 'hXFkAGtHgP', NULL, '2022-12-11 03:14:15', '2022-12-26 23:54:08');
INSERT INTO `student` VALUES (88, '范赫然', '20201000087', '57c3cb70f14ca167abc6dc3bde5d1cd8', 'hXFkAGtHgP', NULL, '2022-12-11 03:14:15', '2022-12-26 23:54:08');
INSERT INTO `student` VALUES (89, '祁长岳', '20201000088', '57c3cb70f14ca167abc6dc3bde5d1cd8', 'hXFkAGtHgP', NULL, '2022-12-11 03:14:15', '2022-12-26 23:54:08');
INSERT INTO `student` VALUES (90, '璩夏波', '20201000089', '57c3cb70f14ca167abc6dc3bde5d1cd8', 'hXFkAGtHgP', NULL, '2022-12-11 03:14:15', '2022-12-26 23:54:08');
INSERT INTO `student` VALUES (91, '第五俊艾', '20201000090', '57c3cb70f14ca167abc6dc3bde5d1cd8', 'hXFkAGtHgP', NULL, '2022-12-11 03:14:16', '2022-12-26 23:54:08');
INSERT INTO `student` VALUES (92, '渠娟', '20201000091', '57c3cb70f14ca167abc6dc3bde5d1cd8', 'hXFkAGtHgP', NULL, '2022-12-11 03:14:16', '2022-12-26 23:54:08');
INSERT INTO `student` VALUES (93, '竭鸿振', '20201000092', '57c3cb70f14ca167abc6dc3bde5d1cd8', 'hXFkAGtHgP', NULL, '2022-12-11 03:14:16', '2022-12-26 23:54:08');
INSERT INTO `student` VALUES (94, '彤承福', '20201000093', '57c3cb70f14ca167abc6dc3bde5d1cd8', 'hXFkAGtHgP', NULL, '2022-12-11 03:14:16', '2022-12-26 23:54:08');
INSERT INTO `student` VALUES (95, '汉晶辉', '20201000094', '57c3cb70f14ca167abc6dc3bde5d1cd8', 'hXFkAGtHgP', NULL, '2022-12-11 03:14:16', '2022-12-26 23:54:08');
INSERT INTO `student` VALUES (96, '石元思', '20201000095', '57c3cb70f14ca167abc6dc3bde5d1cd8', 'hXFkAGtHgP', NULL, '2022-12-11 03:14:16', '2022-12-26 23:54:08');
INSERT INTO `student` VALUES (97, '訾诗珊', '20201000096', '57c3cb70f14ca167abc6dc3bde5d1cd8', 'hXFkAGtHgP', NULL, '2022-12-11 03:14:16', '2022-12-26 23:54:08');
INSERT INTO `student` VALUES (98, '礼香洁', '20201000097', '57c3cb70f14ca167abc6dc3bde5d1cd8', 'hXFkAGtHgP', NULL, '2022-12-11 03:14:16', '2022-12-26 23:54:08');
INSERT INTO `student` VALUES (99, '丛咏志', '20201000098', '57c3cb70f14ca167abc6dc3bde5d1cd8', 'hXFkAGtHgP', NULL, '2022-12-11 03:14:16', '2022-12-26 23:54:08');
INSERT INTO `student` VALUES (100, '贺书蝶', '20201000099', '57c3cb70f14ca167abc6dc3bde5d1cd8', 'hXFkAGtHgP', NULL, '2022-12-11 03:14:16', '2022-12-26 23:54:08');
INSERT INTO `student` VALUES (101, '卞嘉纳', '20201000100', '57c3cb70f14ca167abc6dc3bde5d1cd8', 'hXFkAGtHgP', NULL, '2022-12-11 03:14:16', '2022-12-26 23:54:08');
INSERT INTO `student` VALUES (102, '糜仪', '20201000101', '57c3cb70f14ca167abc6dc3bde5d1cd8', 'hXFkAGtHgP', NULL, '2022-12-11 03:14:16', '2022-12-26 23:54:08');
INSERT INTO `student` VALUES (103, '布心远', '20201000102', '57c3cb70f14ca167abc6dc3bde5d1cd8', 'hXFkAGtHgP', NULL, '2022-12-11 03:14:16', '2022-12-26 23:54:08');
INSERT INTO `student` VALUES (104, '太史绿柳', '20201000103', '57c3cb70f14ca167abc6dc3bde5d1cd8', 'hXFkAGtHgP', NULL, '2022-12-11 03:14:16', '2022-12-26 23:54:08');
INSERT INTO `student` VALUES (105, '巴暄婷', '20201000104', '57c3cb70f14ca167abc6dc3bde5d1cd8', 'hXFkAGtHgP', NULL, '2022-12-11 03:14:16', '2022-12-26 23:54:08');
INSERT INTO `student` VALUES (106, '姓星泽', '20201000105', '57c3cb70f14ca167abc6dc3bde5d1cd8', 'hXFkAGtHgP', NULL, '2022-12-11 03:14:16', '2022-12-26 23:54:08');
INSERT INTO `student` VALUES (107, '赧俊人', '20201000106', '57c3cb70f14ca167abc6dc3bde5d1cd8', 'hXFkAGtHgP', NULL, '2022-12-11 03:14:16', '2022-12-26 23:54:08');
INSERT INTO `student` VALUES (108, '崔海瑶', '20201000107', '57c3cb70f14ca167abc6dc3bde5d1cd8', 'hXFkAGtHgP', NULL, '2022-12-11 03:14:16', '2022-12-26 23:54:08');
INSERT INTO `student` VALUES (109, '普从蕾', '20201000108', '57c3cb70f14ca167abc6dc3bde5d1cd8', 'hXFkAGtHgP', NULL, '2022-12-11 03:14:16', '2022-12-26 23:54:08');
INSERT INTO `student` VALUES (110, '伯忻然', '20201000109', '57c3cb70f14ca167abc6dc3bde5d1cd8', 'hXFkAGtHgP', NULL, '2022-12-11 03:14:16', '2022-12-26 23:54:08');
INSERT INTO `student` VALUES (111, '针翰音', '20201000110', '57c3cb70f14ca167abc6dc3bde5d1cd8', 'hXFkAGtHgP', NULL, '2022-12-11 03:14:16', '2022-12-26 23:54:08');
INSERT INTO `student` VALUES (112, '甄宏胜', '20201000111', '57c3cb70f14ca167abc6dc3bde5d1cd8', 'hXFkAGtHgP', NULL, '2022-12-11 03:14:16', '2022-12-26 23:54:08');
INSERT INTO `student` VALUES (113, '府问香', '20201000112', '57c3cb70f14ca167abc6dc3bde5d1cd8', 'hXFkAGtHgP', NULL, '2022-12-11 03:14:16', '2022-12-26 23:54:08');
INSERT INTO `student` VALUES (114, '刁昂熙', '20201000113', '57c3cb70f14ca167abc6dc3bde5d1cd8', 'hXFkAGtHgP', NULL, '2022-12-11 03:14:16', '2022-12-26 23:54:08');
INSERT INTO `student` VALUES (115, '郎念柏', '20201000114', '57c3cb70f14ca167abc6dc3bde5d1cd8', 'hXFkAGtHgP', NULL, '2022-12-11 03:14:16', '2022-12-26 23:54:08');
INSERT INTO `student` VALUES (116, '信琲', '20201000115', '57c3cb70f14ca167abc6dc3bde5d1cd8', 'hXFkAGtHgP', NULL, '2022-12-11 03:14:16', '2022-12-26 23:54:08');
INSERT INTO `student` VALUES (117, '楼丝祺', '20201000116', '57c3cb70f14ca167abc6dc3bde5d1cd8', 'hXFkAGtHgP', NULL, '2022-12-11 03:14:16', '2022-12-26 23:54:08');
INSERT INTO `student` VALUES (118, '乐谧辰', '20201000117', '57c3cb70f14ca167abc6dc3bde5d1cd8', 'hXFkAGtHgP', NULL, '2022-12-11 03:14:16', '2022-12-26 23:54:08');
INSERT INTO `student` VALUES (119, '运思天', '20201000118', '57c3cb70f14ca167abc6dc3bde5d1cd8', 'hXFkAGtHgP', NULL, '2022-12-11 03:14:16', '2022-12-26 23:54:08');
INSERT INTO `student` VALUES (120, '南宫夏之', '20201000119', '57c3cb70f14ca167abc6dc3bde5d1cd8', 'hXFkAGtHgP', NULL, '2022-12-11 03:14:16', '2022-12-26 23:54:08');
INSERT INTO `student` VALUES (121, '府问香', '20201000120', '57c3cb70f14ca167abc6dc3bde5d1cd8', 'hXFkAGtHgP', NULL, '2022-12-11 03:14:16', '2022-12-26 23:54:08');
INSERT INTO `student` VALUES (122, '辟欣美', '20201000121', '57c3cb70f14ca167abc6dc3bde5d1cd8', 'hXFkAGtHgP', NULL, '2022-12-11 03:14:16', '2022-12-26 23:54:08');
INSERT INTO `student` VALUES (123, '将蕙芸', '20201000122', '57c3cb70f14ca167abc6dc3bde5d1cd8', 'hXFkAGtHgP', NULL, '2022-12-11 03:14:16', '2022-12-26 23:54:08');
INSERT INTO `student` VALUES (124, '程歌阑', '20201000123', '57c3cb70f14ca167abc6dc3bde5d1cd8', 'hXFkAGtHgP', NULL, '2022-12-11 03:14:16', '2022-12-26 23:54:08');
INSERT INTO `student` VALUES (125, '定昂雄', '20201000124', '57c3cb70f14ca167abc6dc3bde5d1cd8', 'hXFkAGtHgP', NULL, '2022-12-11 03:14:16', '2022-12-26 23:54:08');
INSERT INTO `student` VALUES (126, '遇稷骞', '20201000125', '57c3cb70f14ca167abc6dc3bde5d1cd8', 'hXFkAGtHgP', NULL, '2022-12-11 03:14:16', '2022-12-26 23:54:08');
INSERT INTO `student` VALUES (127, '碧南露', '20201000126', '57c3cb70f14ca167abc6dc3bde5d1cd8', 'hXFkAGtHgP', NULL, '2022-12-11 03:14:16', '2022-12-26 23:54:08');
INSERT INTO `student` VALUES (128, '居元绿', '20201000127', '57c3cb70f14ca167abc6dc3bde5d1cd8', 'hXFkAGtHgP', NULL, '2022-12-11 03:14:16', '2022-12-26 23:54:08');
INSERT INTO `student` VALUES (129, '京涵蓄', '20201000128', '57c3cb70f14ca167abc6dc3bde5d1cd8', 'hXFkAGtHgP', NULL, '2022-12-11 03:14:16', '2022-12-26 23:54:08');
INSERT INTO `student` VALUES (130, '司乐悦', '20201000129', '57c3cb70f14ca167abc6dc3bde5d1cd8', 'hXFkAGtHgP', NULL, '2022-12-11 03:14:16', '2022-12-26 23:54:08');
INSERT INTO `student` VALUES (131, '素从蓉', '20201000130', '57c3cb70f14ca167abc6dc3bde5d1cd8', 'hXFkAGtHgP', NULL, '2022-12-11 03:14:16', '2022-12-26 23:54:08');
INSERT INTO `student` VALUES (132, '安曲', '20201000131', '57c3cb70f14ca167abc6dc3bde5d1cd8', 'hXFkAGtHgP', NULL, '2022-12-11 03:14:16', '2022-12-26 23:54:08');
INSERT INTO `student` VALUES (133, '佴盼丹', '20201000132', '57c3cb70f14ca167abc6dc3bde5d1cd8', 'hXFkAGtHgP', NULL, '2022-12-11 03:14:16', '2022-12-26 23:54:08');
INSERT INTO `student` VALUES (134, '牧修平', '20201000133', '57c3cb70f14ca167abc6dc3bde5d1cd8', 'hXFkAGtHgP', NULL, '2022-12-11 03:14:16', '2022-12-26 23:54:08');
INSERT INTO `student` VALUES (135, '雷新柔', '20201000134', '57c3cb70f14ca167abc6dc3bde5d1cd8', 'hXFkAGtHgP', NULL, '2022-12-11 03:14:16', '2022-12-26 23:54:08');
INSERT INTO `student` VALUES (136, '籍以晴', '20201000135', '57c3cb70f14ca167abc6dc3bde5d1cd8', 'hXFkAGtHgP', NULL, '2022-12-11 03:14:16', '2022-12-26 23:54:08');
INSERT INTO `student` VALUES (137, '将蕙芸', '20201000136', '57c3cb70f14ca167abc6dc3bde5d1cd8', 'hXFkAGtHgP', NULL, '2022-12-11 03:14:16', '2022-12-26 23:54:08');
INSERT INTO `student` VALUES (138, '仲傲霜', '20201000137', '57c3cb70f14ca167abc6dc3bde5d1cd8', 'hXFkAGtHgP', NULL, '2022-12-11 03:14:16', '2022-12-26 23:54:08');
INSERT INTO `student` VALUES (139, '硕又香', '20201000138', '57c3cb70f14ca167abc6dc3bde5d1cd8', 'hXFkAGtHgP', NULL, '2022-12-11 03:14:16', '2022-12-26 23:54:08');
INSERT INTO `student` VALUES (140, '典尔烟', '20201000139', '57c3cb70f14ca167abc6dc3bde5d1cd8', 'hXFkAGtHgP', NULL, '2022-12-11 03:14:16', '2022-12-26 23:54:08');
INSERT INTO `student` VALUES (141, '尉迟梓涵', '20201000140', '57c3cb70f14ca167abc6dc3bde5d1cd8', 'hXFkAGtHgP', NULL, '2022-12-11 03:14:16', '2022-12-26 23:54:08');
INSERT INTO `student` VALUES (142, '保昕', '20201000141', '57c3cb70f14ca167abc6dc3bde5d1cd8', 'hXFkAGtHgP', NULL, '2022-12-11 03:14:16', '2022-12-26 23:54:08');
INSERT INTO `student` VALUES (143, '熊浓', '20201000142', '57c3cb70f14ca167abc6dc3bde5d1cd8', 'hXFkAGtHgP', NULL, '2022-12-11 03:14:16', '2022-12-26 23:54:08');
INSERT INTO `student` VALUES (144, '析金玉', '20201000143', '57c3cb70f14ca167abc6dc3bde5d1cd8', 'hXFkAGtHgP', NULL, '2022-12-11 03:14:16', '2022-12-26 23:54:08');
INSERT INTO `student` VALUES (145, '零俊喆', '20201000144', '57c3cb70f14ca167abc6dc3bde5d1cd8', 'hXFkAGtHgP', NULL, '2022-12-11 03:14:16', '2022-12-26 23:54:08');
INSERT INTO `student` VALUES (146, '畅易云', '20201000145', '57c3cb70f14ca167abc6dc3bde5d1cd8', 'hXFkAGtHgP', NULL, '2022-12-11 03:14:16', '2022-12-26 23:54:08');
INSERT INTO `student` VALUES (147, '敏萱彤', '20201000146', '57c3cb70f14ca167abc6dc3bde5d1cd8', 'hXFkAGtHgP', NULL, '2022-12-11 03:14:16', '2022-12-26 23:54:08');
INSERT INTO `student` VALUES (148, '释乃欣', '20201000147', '57c3cb70f14ca167abc6dc3bde5d1cd8', 'hXFkAGtHgP', NULL, '2022-12-11 03:14:16', '2022-12-26 23:54:08');
INSERT INTO `student` VALUES (149, '车若枫', '20201000148', '57c3cb70f14ca167abc6dc3bde5d1cd8', 'hXFkAGtHgP', NULL, '2022-12-11 03:14:16', '2022-12-26 23:54:08');
INSERT INTO `student` VALUES (150, '首雁荷', '20201000149', '57c3cb70f14ca167abc6dc3bde5d1cd8', 'hXFkAGtHgP', NULL, '2022-12-11 03:14:16', '2022-12-26 23:54:08');
INSERT INTO `student` VALUES (151, '郦年', '20201000150', '57c3cb70f14ca167abc6dc3bde5d1cd8', 'hXFkAGtHgP', NULL, '2022-12-11 03:14:16', '2022-12-26 23:54:08');
INSERT INTO `student` VALUES (152, '乐正兰娜', '20201000151', '57c3cb70f14ca167abc6dc3bde5d1cd8', 'hXFkAGtHgP', NULL, '2022-12-11 03:14:16', '2022-12-26 23:54:08');
INSERT INTO `student` VALUES (153, '堵嘉音', '20201000152', '57c3cb70f14ca167abc6dc3bde5d1cd8', 'hXFkAGtHgP', NULL, '2022-12-11 03:14:16', '2022-12-26 23:54:08');
INSERT INTO `student` VALUES (154, '澄鸿煊', '20201000153', '57c3cb70f14ca167abc6dc3bde5d1cd8', 'hXFkAGtHgP', NULL, '2022-12-11 03:14:16', '2022-12-26 23:54:08');
INSERT INTO `student` VALUES (155, '桥雅素', '20201000154', '57c3cb70f14ca167abc6dc3bde5d1cd8', 'hXFkAGtHgP', NULL, '2022-12-11 03:14:16', '2022-12-26 23:54:08');
INSERT INTO `student` VALUES (156, '枝陶', '20201000155', '57c3cb70f14ca167abc6dc3bde5d1cd8', 'hXFkAGtHgP', NULL, '2022-12-11 03:14:16', '2022-12-26 23:54:08');
INSERT INTO `student` VALUES (157, '介忻', '20201000156', '57c3cb70f14ca167abc6dc3bde5d1cd8', 'hXFkAGtHgP', NULL, '2022-12-11 03:14:16', '2022-12-26 23:54:08');
INSERT INTO `student` VALUES (158, '眭洁', '20201000157', '57c3cb70f14ca167abc6dc3bde5d1cd8', 'hXFkAGtHgP', NULL, '2022-12-11 03:14:16', '2022-12-26 23:54:08');
INSERT INTO `student` VALUES (159, '晁冰安', '20201000158', '57c3cb70f14ca167abc6dc3bde5d1cd8', 'hXFkAGtHgP', NULL, '2022-12-11 03:14:16', '2022-12-26 23:54:08');
INSERT INTO `student` VALUES (160, '完颜牧', '20201000159', '57c3cb70f14ca167abc6dc3bde5d1cd8', 'hXFkAGtHgP', NULL, '2022-12-11 03:14:16', '2022-12-26 23:54:08');
INSERT INTO `student` VALUES (161, '濮以冬', '20201000160', '57c3cb70f14ca167abc6dc3bde5d1cd8', 'hXFkAGtHgP', NULL, '2022-12-11 03:14:16', '2022-12-26 23:54:08');
INSERT INTO `student` VALUES (162, '行醉蝶', '20201000161', '57c3cb70f14ca167abc6dc3bde5d1cd8', 'hXFkAGtHgP', NULL, '2022-12-11 03:14:16', '2022-12-26 23:54:08');
INSERT INTO `student` VALUES (163, '毓黎昕', '20201000162', '57c3cb70f14ca167abc6dc3bde5d1cd8', 'hXFkAGtHgP', NULL, '2022-12-11 03:14:16', '2022-12-26 23:54:08');
INSERT INTO `student` VALUES (164, '厉修为', '20201000163', '57c3cb70f14ca167abc6dc3bde5d1cd8', 'hXFkAGtHgP', NULL, '2022-12-11 03:14:16', '2022-12-26 23:54:08');
INSERT INTO `student` VALUES (165, '强秀婉', '20201000164', '57c3cb70f14ca167abc6dc3bde5d1cd8', 'hXFkAGtHgP', NULL, '2022-12-11 03:14:16', '2022-12-26 23:54:08');
INSERT INTO `student` VALUES (166, '厍巧', '20201000165', '57c3cb70f14ca167abc6dc3bde5d1cd8', 'hXFkAGtHgP', NULL, '2022-12-11 03:14:16', '2022-12-26 23:54:08');
INSERT INTO `student` VALUES (167, '钟离紫杉', '20201000166', '57c3cb70f14ca167abc6dc3bde5d1cd8', 'hXFkAGtHgP', NULL, '2022-12-11 03:14:16', '2022-12-26 23:54:08');
INSERT INTO `student` VALUES (168, '裘明德', '20201000167', '57c3cb70f14ca167abc6dc3bde5d1cd8', 'hXFkAGtHgP', NULL, '2022-12-11 03:14:16', '2022-12-26 23:54:08');
INSERT INTO `student` VALUES (169, '镜俊', '20201000168', '57c3cb70f14ca167abc6dc3bde5d1cd8', 'hXFkAGtHgP', NULL, '2022-12-11 03:14:16', '2022-12-26 23:54:08');
INSERT INTO `student` VALUES (170, '山珉', '20201000169', '57c3cb70f14ca167abc6dc3bde5d1cd8', 'hXFkAGtHgP', NULL, '2022-12-11 03:14:16', '2022-12-26 23:54:08');
INSERT INTO `student` VALUES (171, '接芮雅', '20201000170', '57c3cb70f14ca167abc6dc3bde5d1cd8', 'hXFkAGtHgP', NULL, '2022-12-11 03:14:16', '2022-12-26 23:54:08');
INSERT INTO `student` VALUES (172, '东广君', '20201000171', '57c3cb70f14ca167abc6dc3bde5d1cd8', 'hXFkAGtHgP', NULL, '2022-12-11 03:14:16', '2022-12-26 23:54:08');
INSERT INTO `student` VALUES (173, '毓黎昕', '20201000172', '57c3cb70f14ca167abc6dc3bde5d1cd8', 'hXFkAGtHgP', NULL, '2022-12-11 03:14:16', '2022-12-26 23:54:08');
INSERT INTO `student` VALUES (174, '进惜筠', '20201000173', '57c3cb70f14ca167abc6dc3bde5d1cd8', 'hXFkAGtHgP', NULL, '2022-12-11 03:14:16', '2022-12-26 23:54:08');
INSERT INTO `student` VALUES (175, '修尔阳', '20201000174', '57c3cb70f14ca167abc6dc3bde5d1cd8', 'hXFkAGtHgP', NULL, '2022-12-11 03:14:16', '2022-12-26 23:54:08');
INSERT INTO `student` VALUES (176, '陀乐悦', '20201000175', '57c3cb70f14ca167abc6dc3bde5d1cd8', 'hXFkAGtHgP', NULL, '2022-12-11 03:14:16', '2022-12-26 23:54:08');
INSERT INTO `student` VALUES (177, '太叔初雪', '20201000176', '57c3cb70f14ca167abc6dc3bde5d1cd8', 'hXFkAGtHgP', NULL, '2022-12-11 03:14:16', '2022-12-26 23:54:08');
INSERT INTO `student` VALUES (178, '霜璇珠', '20201000177', '57c3cb70f14ca167abc6dc3bde5d1cd8', 'hXFkAGtHgP', NULL, '2022-12-11 03:14:16', '2022-12-26 23:54:08');
INSERT INTO `student` VALUES (179, '充友', '20201000178', '57c3cb70f14ca167abc6dc3bde5d1cd8', 'hXFkAGtHgP', NULL, '2022-12-11 03:14:16', '2022-12-26 23:54:08');
INSERT INTO `student` VALUES (180, '杞春桃', '20201000179', '57c3cb70f14ca167abc6dc3bde5d1cd8', 'hXFkAGtHgP', NULL, '2022-12-11 03:14:16', '2022-12-26 23:54:08');
INSERT INTO `student` VALUES (181, '岳喜悦', '20201000180', '57c3cb70f14ca167abc6dc3bde5d1cd8', 'hXFkAGtHgP', NULL, '2022-12-11 03:14:16', '2022-12-26 23:54:08');
INSERT INTO `student` VALUES (182, '犹隽洁', '20201000181', '57c3cb70f14ca167abc6dc3bde5d1cd8', 'hXFkAGtHgP', NULL, '2022-12-11 03:14:16', '2022-12-26 23:54:08');
INSERT INTO `student` VALUES (183, '耿萱', '20201000182', '57c3cb70f14ca167abc6dc3bde5d1cd8', 'hXFkAGtHgP', NULL, '2022-12-11 03:14:16', '2022-12-26 23:54:08');
INSERT INTO `student` VALUES (184, '查俏丽', '20201000183', '57c3cb70f14ca167abc6dc3bde5d1cd8', 'hXFkAGtHgP', NULL, '2022-12-11 03:14:16', '2022-12-26 23:54:08');
INSERT INTO `student` VALUES (185, '法波峻', '20201000184', '57c3cb70f14ca167abc6dc3bde5d1cd8', 'hXFkAGtHgP', NULL, '2022-12-11 03:14:16', '2022-12-26 23:54:08');
INSERT INTO `student` VALUES (186, '窦策', '20201000185', '57c3cb70f14ca167abc6dc3bde5d1cd8', 'hXFkAGtHgP', NULL, '2022-12-11 03:14:16', '2022-12-26 23:54:08');
INSERT INTO `student` VALUES (187, '滑又蓝', '20201000186', '57c3cb70f14ca167abc6dc3bde5d1cd8', 'hXFkAGtHgP', NULL, '2022-12-11 03:14:16', '2022-12-26 23:54:08');
INSERT INTO `student` VALUES (188, '强秀婉', '20201000187', '57c3cb70f14ca167abc6dc3bde5d1cd8', 'hXFkAGtHgP', NULL, '2022-12-11 03:14:16', '2022-12-26 23:54:08');
INSERT INTO `student` VALUES (189, '关以彤', '20201000188', '57c3cb70f14ca167abc6dc3bde5d1cd8', 'hXFkAGtHgP', NULL, '2022-12-11 03:14:16', '2022-12-26 23:54:08');
INSERT INTO `student` VALUES (190, '仆洛妃', '20201000189', '57c3cb70f14ca167abc6dc3bde5d1cd8', 'hXFkAGtHgP', NULL, '2022-12-11 03:14:16', '2022-12-26 23:54:08');
INSERT INTO `student` VALUES (191, '信琲', '20201000190', '57c3cb70f14ca167abc6dc3bde5d1cd8', 'hXFkAGtHgP', NULL, '2022-12-11 03:14:16', '2022-12-26 23:54:08');
INSERT INTO `student` VALUES (192, '邴宵月', '20201000191', '57c3cb70f14ca167abc6dc3bde5d1cd8', 'hXFkAGtHgP', NULL, '2022-12-11 03:14:16', '2022-12-26 23:54:08');
INSERT INTO `student` VALUES (193, '绍和泽', '20201000192', '57c3cb70f14ca167abc6dc3bde5d1cd8', 'hXFkAGtHgP', NULL, '2022-12-11 03:14:16', '2022-12-26 23:54:08');
INSERT INTO `student` VALUES (194, '福初蝶', '20201000193', '57c3cb70f14ca167abc6dc3bde5d1cd8', 'hXFkAGtHgP', NULL, '2022-12-11 03:14:16', '2022-12-26 23:54:08');
INSERT INTO `student` VALUES (195, '虢白卉', '20201000194', '57c3cb70f14ca167abc6dc3bde5d1cd8', 'hXFkAGtHgP', NULL, '2022-12-11 03:14:16', '2022-12-26 23:54:08');
INSERT INTO `student` VALUES (196, '祝桀', '20201000195', '57c3cb70f14ca167abc6dc3bde5d1cd8', 'hXFkAGtHgP', NULL, '2022-12-11 03:14:16', '2022-12-26 23:54:08');
INSERT INTO `student` VALUES (197, '年茜', '20201000196', '57c3cb70f14ca167abc6dc3bde5d1cd8', 'hXFkAGtHgP', NULL, '2022-12-11 03:14:16', '2022-12-26 23:54:08');
INSERT INTO `student` VALUES (198, '荣夜雪', '20201000197', '57c3cb70f14ca167abc6dc3bde5d1cd8', 'hXFkAGtHgP', NULL, '2022-12-11 03:14:16', '2022-12-26 23:54:08');
INSERT INTO `student` VALUES (199, '多莞然', '20201000198', '57c3cb70f14ca167abc6dc3bde5d1cd8', 'hXFkAGtHgP', NULL, '2022-12-11 03:14:16', '2022-12-26 23:54:08');
INSERT INTO `student` VALUES (200, '陆若山', '20201000199', '57c3cb70f14ca167abc6dc3bde5d1cd8', 'hXFkAGtHgP', NULL, '2022-12-11 03:14:16', '2022-12-26 23:54:08');
INSERT INTO `student` VALUES (201, '闳晴霞', '20201000200', '57c3cb70f14ca167abc6dc3bde5d1cd8', 'hXFkAGtHgP', NULL, '2022-12-11 03:14:16', '2022-12-26 23:54:08');
INSERT INTO `student` VALUES (202, '酒晓莉', '20201000201', '57c3cb70f14ca167abc6dc3bde5d1cd8', 'hXFkAGtHgP', NULL, '2022-12-11 03:14:16', '2022-12-26 23:54:08');
INSERT INTO `student` VALUES (203, '笪灵寒', '20201000202', '57c3cb70f14ca167abc6dc3bde5d1cd8', 'hXFkAGtHgP', NULL, '2022-12-11 03:14:16', '2022-12-26 23:54:08');
INSERT INTO `student` VALUES (204, '张廖吟', '20201000203', '57c3cb70f14ca167abc6dc3bde5d1cd8', 'hXFkAGtHgP', NULL, '2022-12-11 03:14:16', '2022-12-26 23:54:08');
INSERT INTO `student` VALUES (205, '钦沛槐', '20201000204', '57c3cb70f14ca167abc6dc3bde5d1cd8', 'hXFkAGtHgP', NULL, '2022-12-11 03:14:16', '2022-12-26 23:54:08');
INSERT INTO `student` VALUES (206, '拜雨安', '20201000205', '57c3cb70f14ca167abc6dc3bde5d1cd8', 'hXFkAGtHgP', NULL, '2022-12-11 03:14:16', '2022-12-26 23:54:08');
INSERT INTO `student` VALUES (207, '纳雅柏', '20201000206', '57c3cb70f14ca167abc6dc3bde5d1cd8', 'hXFkAGtHgP', NULL, '2022-12-11 03:14:16', '2022-12-26 23:54:08');
INSERT INTO `student` VALUES (208, '老仪芳', '20201000207', '57c3cb70f14ca167abc6dc3bde5d1cd8', 'hXFkAGtHgP', NULL, '2022-12-11 03:14:16', '2022-12-26 23:54:08');
INSERT INTO `student` VALUES (209, '前正卿', '20201000208', '57c3cb70f14ca167abc6dc3bde5d1cd8', 'hXFkAGtHgP', NULL, '2022-12-11 03:14:16', '2022-12-26 23:54:08');
INSERT INTO `student` VALUES (210, '慎梅风', '20201000209', '57c3cb70f14ca167abc6dc3bde5d1cd8', 'hXFkAGtHgP', NULL, '2022-12-11 03:14:16', '2022-12-26 23:54:08');
INSERT INTO `student` VALUES (211, '姓星泽', '20201000210', '57c3cb70f14ca167abc6dc3bde5d1cd8', 'hXFkAGtHgP', NULL, '2022-12-11 03:14:16', '2022-12-26 23:54:08');
INSERT INTO `student` VALUES (212, '章思松', '20201000211', '57c3cb70f14ca167abc6dc3bde5d1cd8', 'hXFkAGtHgP', NULL, '2022-12-11 03:14:16', '2022-12-26 23:54:08');
INSERT INTO `student` VALUES (213, '苏寄柔', '20201000212', '57c3cb70f14ca167abc6dc3bde5d1cd8', 'hXFkAGtHgP', NULL, '2022-12-11 03:14:16', '2022-12-26 23:54:08');
INSERT INTO `student` VALUES (214, '云丹蝶', '20201000213', '57c3cb70f14ca167abc6dc3bde5d1cd8', 'hXFkAGtHgP', NULL, '2022-12-11 03:14:16', '2022-12-26 23:54:08');
INSERT INTO `student` VALUES (215, '霜璇珠', '20201000214', '57c3cb70f14ca167abc6dc3bde5d1cd8', 'hXFkAGtHgP', NULL, '2022-12-11 03:14:16', '2022-12-26 23:54:08');
INSERT INTO `student` VALUES (216, '闪方', '20201000215', '57c3cb70f14ca167abc6dc3bde5d1cd8', 'hXFkAGtHgP', NULL, '2022-12-11 03:14:16', '2022-12-26 23:54:08');
INSERT INTO `student` VALUES (217, '王禄', '20201000216', '57c3cb70f14ca167abc6dc3bde5d1cd8', 'hXFkAGtHgP', NULL, '2022-12-11 03:14:16', '2022-12-26 23:54:08');
INSERT INTO `student` VALUES (218, '公良欣愉', '20201000217', '57c3cb70f14ca167abc6dc3bde5d1cd8', 'hXFkAGtHgP', NULL, '2022-12-11 03:14:16', '2022-12-26 23:54:08');
INSERT INTO `student` VALUES (219, '芒湛娟', '20201000218', '57c3cb70f14ca167abc6dc3bde5d1cd8', 'hXFkAGtHgP', NULL, '2022-12-11 03:14:16', '2022-12-26 23:54:08');
INSERT INTO `student` VALUES (220, '謇碧春', '20201000219', '57c3cb70f14ca167abc6dc3bde5d1cd8', 'hXFkAGtHgP', NULL, '2022-12-11 03:14:16', '2022-12-26 23:54:08');
INSERT INTO `student` VALUES (221, '邱晨钰', '20201000220', '57c3cb70f14ca167abc6dc3bde5d1cd8', 'hXFkAGtHgP', NULL, '2022-12-11 03:14:16', '2022-12-26 23:54:08');
INSERT INTO `student` VALUES (222, '章佳幻天', '20201000221', '57c3cb70f14ca167abc6dc3bde5d1cd8', 'hXFkAGtHgP', NULL, '2022-12-11 03:14:16', '2022-12-26 23:54:08');
INSERT INTO `student` VALUES (223, '阚巧凡', '20201000222', '57c3cb70f14ca167abc6dc3bde5d1cd8', 'hXFkAGtHgP', NULL, '2022-12-11 03:14:16', '2022-12-26 23:54:08');
INSERT INTO `student` VALUES (224, '吉和煦', '20201000223', '57c3cb70f14ca167abc6dc3bde5d1cd8', 'hXFkAGtHgP', NULL, '2022-12-11 03:14:16', '2022-12-26 23:54:08');
INSERT INTO `student` VALUES (225, '綦问玉', '20201000224', '57c3cb70f14ca167abc6dc3bde5d1cd8', 'hXFkAGtHgP', NULL, '2022-12-11 03:14:16', '2022-12-26 23:54:08');
INSERT INTO `student` VALUES (226, '拜雨安', '20201000225', '57c3cb70f14ca167abc6dc3bde5d1cd8', 'hXFkAGtHgP', NULL, '2022-12-11 03:14:16', '2022-12-26 23:54:08');
INSERT INTO `student` VALUES (227, '郎念柏', '20201000226', '57c3cb70f14ca167abc6dc3bde5d1cd8', 'hXFkAGtHgP', NULL, '2022-12-11 03:14:16', '2022-12-26 23:54:08');
INSERT INTO `student` VALUES (228, '道承弼', '20201000227', '57c3cb70f14ca167abc6dc3bde5d1cd8', 'hXFkAGtHgP', NULL, '2022-12-11 03:14:16', '2022-12-26 23:54:08');
INSERT INTO `student` VALUES (229, '箕白风', '20201000228', '57c3cb70f14ca167abc6dc3bde5d1cd8', 'hXFkAGtHgP', NULL, '2022-12-11 03:14:16', '2022-12-26 23:54:08');
INSERT INTO `student` VALUES (230, '琦友灵', '20201000229', '57c3cb70f14ca167abc6dc3bde5d1cd8', 'hXFkAGtHgP', NULL, '2022-12-11 03:14:16', '2022-12-26 23:54:08');
INSERT INTO `student` VALUES (231, '段沛凝', '20201000230', '57c3cb70f14ca167abc6dc3bde5d1cd8', 'hXFkAGtHgP', NULL, '2022-12-11 03:14:16', '2022-12-26 23:54:08');
INSERT INTO `student` VALUES (232, '韶香岚', '20201000231', '57c3cb70f14ca167abc6dc3bde5d1cd8', 'hXFkAGtHgP', NULL, '2022-12-11 03:14:16', '2022-12-26 23:54:08');
INSERT INTO `student` VALUES (233, '咎鸿', '20201000232', '57c3cb70f14ca167abc6dc3bde5d1cd8', 'hXFkAGtHgP', NULL, '2022-12-11 03:14:16', '2022-12-26 23:54:08');
INSERT INTO `student` VALUES (234, '偶梦竹', '20201000233', '57c3cb70f14ca167abc6dc3bde5d1cd8', 'hXFkAGtHgP', NULL, '2022-12-11 03:14:16', '2022-12-26 23:54:08');
INSERT INTO `student` VALUES (235, '谏荃', '20201000234', '57c3cb70f14ca167abc6dc3bde5d1cd8', 'hXFkAGtHgP', NULL, '2022-12-11 03:14:16', '2022-12-26 23:54:08');
INSERT INTO `student` VALUES (236, '阿长逸', '20201000235', '57c3cb70f14ca167abc6dc3bde5d1cd8', 'hXFkAGtHgP', NULL, '2022-12-11 03:14:16', '2022-12-26 23:54:08');
INSERT INTO `student` VALUES (237, '芮弘业', '20201000236', '57c3cb70f14ca167abc6dc3bde5d1cd8', 'hXFkAGtHgP', NULL, '2022-12-11 03:14:16', '2022-12-26 23:54:08');
INSERT INTO `student` VALUES (238, '甄宏胜', '20201000237', '57c3cb70f14ca167abc6dc3bde5d1cd8', 'hXFkAGtHgP', NULL, '2022-12-11 03:14:16', '2022-12-26 23:54:08');
INSERT INTO `student` VALUES (239, '俟丹溪', '20201000238', '57c3cb70f14ca167abc6dc3bde5d1cd8', 'hXFkAGtHgP', NULL, '2022-12-11 03:14:16', '2022-12-26 23:54:08');
INSERT INTO `student` VALUES (240, '况希彤', '20201000239', '57c3cb70f14ca167abc6dc3bde5d1cd8', 'hXFkAGtHgP', NULL, '2022-12-11 03:14:16', '2022-12-26 23:54:08');
INSERT INTO `student` VALUES (241, '阿长逸', '20201000240', '57c3cb70f14ca167abc6dc3bde5d1cd8', 'hXFkAGtHgP', NULL, '2022-12-11 03:14:16', '2022-12-26 23:54:08');
INSERT INTO `student` VALUES (242, '方曼衍', '20201000241', '57c3cb70f14ca167abc6dc3bde5d1cd8', 'hXFkAGtHgP', NULL, '2022-12-11 03:14:16', '2022-12-26 23:54:08');
INSERT INTO `student` VALUES (243, '莫秋阳', '20201000242', '57c3cb70f14ca167abc6dc3bde5d1cd8', 'hXFkAGtHgP', NULL, '2022-12-11 03:14:16', '2022-12-26 23:54:08');
INSERT INTO `student` VALUES (244, '令子萱', '20201000243', '57c3cb70f14ca167abc6dc3bde5d1cd8', 'hXFkAGtHgP', NULL, '2022-12-11 03:14:16', '2022-12-26 23:54:08');
INSERT INTO `student` VALUES (245, '汤经赋', '20201000244', '57c3cb70f14ca167abc6dc3bde5d1cd8', 'hXFkAGtHgP', NULL, '2022-12-11 03:14:16', '2022-12-26 23:54:08');
INSERT INTO `student` VALUES (246, '尧映波', '20201000245', '57c3cb70f14ca167abc6dc3bde5d1cd8', 'hXFkAGtHgP', NULL, '2022-12-11 03:14:16', '2022-12-26 23:54:08');
INSERT INTO `student` VALUES (247, '扈蓉城', '20201000246', '57c3cb70f14ca167abc6dc3bde5d1cd8', 'hXFkAGtHgP', NULL, '2022-12-11 03:14:16', '2022-12-26 23:54:08');
INSERT INTO `student` VALUES (248, '郭娜娜', '20201000247', '57c3cb70f14ca167abc6dc3bde5d1cd8', 'hXFkAGtHgP', NULL, '2022-12-11 03:14:16', '2022-12-26 23:54:08');
INSERT INTO `student` VALUES (249, '招向山', '20201000248', '57c3cb70f14ca167abc6dc3bde5d1cd8', 'hXFkAGtHgP', NULL, '2022-12-11 03:14:16', '2022-12-26 23:54:08');
INSERT INTO `student` VALUES (250, '展香卉', '20201000249', '57c3cb70f14ca167abc6dc3bde5d1cd8', 'hXFkAGtHgP', NULL, '2022-12-11 03:14:16', '2022-12-26 23:54:08');
INSERT INTO `student` VALUES (251, '波祺瑞', '20201000250', '57c3cb70f14ca167abc6dc3bde5d1cd8', 'hXFkAGtHgP', NULL, '2022-12-11 03:14:16', '2022-12-26 23:54:08');
INSERT INTO `student` VALUES (252, '惠贤', '20201000251', '57c3cb70f14ca167abc6dc3bde5d1cd8', 'hXFkAGtHgP', NULL, '2022-12-11 03:14:16', '2022-12-26 23:54:08');
INSERT INTO `student` VALUES (253, '卓怜南', '20201000252', '57c3cb70f14ca167abc6dc3bde5d1cd8', 'hXFkAGtHgP', NULL, '2022-12-11 03:14:16', '2022-12-26 23:54:08');
INSERT INTO `student` VALUES (254, '衷曼安', '20201000253', '57c3cb70f14ca167abc6dc3bde5d1cd8', 'hXFkAGtHgP', NULL, '2022-12-11 03:14:16', '2022-12-26 23:54:08');
INSERT INTO `student` VALUES (255, '千安柏', '20201000254', '57c3cb70f14ca167abc6dc3bde5d1cd8', 'hXFkAGtHgP', NULL, '2022-12-11 03:14:16', '2022-12-26 23:54:08');
INSERT INTO `student` VALUES (256, '石元思', '20201000255', '57c3cb70f14ca167abc6dc3bde5d1cd8', 'hXFkAGtHgP', NULL, '2022-12-11 03:14:16', '2022-12-26 23:54:08');
INSERT INTO `student` VALUES (257, '富察白容', '20201000256', '57c3cb70f14ca167abc6dc3bde5d1cd8', 'hXFkAGtHgP', NULL, '2022-12-11 03:14:16', '2022-12-26 23:54:08');
INSERT INTO `student` VALUES (258, '桑海阳', '20201000257', '57c3cb70f14ca167abc6dc3bde5d1cd8', 'hXFkAGtHgP', NULL, '2022-12-11 03:14:16', '2022-12-26 23:54:08');
INSERT INTO `student` VALUES (259, '宾新瑶', '20201000258', '57c3cb70f14ca167abc6dc3bde5d1cd8', 'hXFkAGtHgP', NULL, '2022-12-11 03:14:16', '2022-12-26 23:54:08');
INSERT INTO `student` VALUES (260, '钞悦爱', '20201000259', '57c3cb70f14ca167abc6dc3bde5d1cd8', 'hXFkAGtHgP', NULL, '2022-12-11 03:14:16', '2022-12-26 23:54:08');
INSERT INTO `student` VALUES (261, '祖莹华', '20201000260', '57c3cb70f14ca167abc6dc3bde5d1cd8', 'hXFkAGtHgP', NULL, '2022-12-11 03:14:16', '2022-12-26 23:54:08');
INSERT INTO `student` VALUES (262, '红颖秀', '20201000261', '57c3cb70f14ca167abc6dc3bde5d1cd8', 'hXFkAGtHgP', NULL, '2022-12-11 03:14:16', '2022-12-26 23:54:08');
INSERT INTO `student` VALUES (263, '礼香洁', '20201000262', '57c3cb70f14ca167abc6dc3bde5d1cd8', 'hXFkAGtHgP', NULL, '2022-12-11 03:14:16', '2022-12-26 23:54:08');
INSERT INTO `student` VALUES (264, '恭奥婷', '20201000263', '57c3cb70f14ca167abc6dc3bde5d1cd8', 'hXFkAGtHgP', NULL, '2022-12-11 03:14:16', '2022-12-26 23:54:08');
INSERT INTO `student` VALUES (265, '台心语', '20201000264', '57c3cb70f14ca167abc6dc3bde5d1cd8', 'hXFkAGtHgP', NULL, '2022-12-11 03:14:16', '2022-12-26 23:54:08');
INSERT INTO `student` VALUES (266, '坚真', '20201000265', '57c3cb70f14ca167abc6dc3bde5d1cd8', 'hXFkAGtHgP', NULL, '2022-12-11 03:14:16', '2022-12-26 23:54:08');
INSERT INTO `student` VALUES (267, '魏月桃', '20201000266', '57c3cb70f14ca167abc6dc3bde5d1cd8', 'hXFkAGtHgP', NULL, '2022-12-11 03:14:16', '2022-12-26 23:54:08');
INSERT INTO `student` VALUES (268, '诸青', '20201000267', '57c3cb70f14ca167abc6dc3bde5d1cd8', 'hXFkAGtHgP', NULL, '2022-12-11 03:14:16', '2022-12-26 23:54:08');
INSERT INTO `student` VALUES (269, '茂清润', '20201000268', '57c3cb70f14ca167abc6dc3bde5d1cd8', 'hXFkAGtHgP', NULL, '2022-12-11 03:14:16', '2022-12-26 23:54:08');
INSERT INTO `student` VALUES (270, '尉迟梓涵', '20201000269', '57c3cb70f14ca167abc6dc3bde5d1cd8', 'hXFkAGtHgP', NULL, '2022-12-11 03:14:16', '2022-12-26 23:54:08');
INSERT INTO `student` VALUES (271, '庆灵凡', '20201000270', '57c3cb70f14ca167abc6dc3bde5d1cd8', 'hXFkAGtHgP', NULL, '2022-12-11 03:14:16', '2022-12-26 23:54:08');
INSERT INTO `student` VALUES (272, '鹿巧凡', '20201000271', '57c3cb70f14ca167abc6dc3bde5d1cd8', 'hXFkAGtHgP', NULL, '2022-12-11 03:14:16', '2022-12-26 23:54:08');
INSERT INTO `student` VALUES (273, '轩辕尔', '20201000272', '57c3cb70f14ca167abc6dc3bde5d1cd8', 'hXFkAGtHgP', NULL, '2022-12-11 03:14:16', '2022-12-26 23:54:08');
INSERT INTO `student` VALUES (274, '匡君昊', '20201000273', '57c3cb70f14ca167abc6dc3bde5d1cd8', 'hXFkAGtHgP', NULL, '2022-12-11 03:14:16', '2022-12-26 23:54:08');
INSERT INTO `student` VALUES (275, '广蓄', '20201000274', '57c3cb70f14ca167abc6dc3bde5d1cd8', 'hXFkAGtHgP', NULL, '2022-12-11 03:14:16', '2022-12-26 23:54:08');
INSERT INTO `student` VALUES (276, '茹通', '20201000275', '57c3cb70f14ca167abc6dc3bde5d1cd8', 'hXFkAGtHgP', NULL, '2022-12-11 03:14:16', '2022-12-26 23:54:08');
INSERT INTO `student` VALUES (277, '势彗', '20201000276', '57c3cb70f14ca167abc6dc3bde5d1cd8', 'hXFkAGtHgP', NULL, '2022-12-11 03:14:16', '2022-12-26 23:54:08');
INSERT INTO `student` VALUES (278, '路翊', '20201000277', '57c3cb70f14ca167abc6dc3bde5d1cd8', 'hXFkAGtHgP', NULL, '2022-12-11 03:14:16', '2022-12-26 23:54:08');
INSERT INTO `student` VALUES (279, '谷梁哲丽', '20201000278', '57c3cb70f14ca167abc6dc3bde5d1cd8', 'hXFkAGtHgP', NULL, '2022-12-11 03:14:16', '2022-12-26 23:54:08');
INSERT INTO `student` VALUES (280, '郸修筠', '20201000279', '57c3cb70f14ca167abc6dc3bde5d1cd8', 'hXFkAGtHgP', NULL, '2022-12-11 03:14:16', '2022-12-26 23:54:08');
INSERT INTO `student` VALUES (281, '卢欣可', '20201000280', '57c3cb70f14ca167abc6dc3bde5d1cd8', 'hXFkAGtHgP', NULL, '2022-12-11 03:14:17', '2022-12-26 23:54:08');
INSERT INTO `student` VALUES (282, '阿长逸', '20201000281', '57c3cb70f14ca167abc6dc3bde5d1cd8', 'hXFkAGtHgP', NULL, '2022-12-11 03:14:17', '2022-12-26 23:54:08');
INSERT INTO `student` VALUES (283, '翟思云', '20201000282', '57c3cb70f14ca167abc6dc3bde5d1cd8', 'hXFkAGtHgP', NULL, '2022-12-11 03:14:17', '2022-12-26 23:54:08');
INSERT INTO `student` VALUES (284, '解妙颜', '20201000283', '57c3cb70f14ca167abc6dc3bde5d1cd8', 'hXFkAGtHgP', NULL, '2022-12-11 03:14:17', '2022-12-26 23:54:08');
INSERT INTO `student` VALUES (285, '覃雪枫', '20201000284', '57c3cb70f14ca167abc6dc3bde5d1cd8', 'hXFkAGtHgP', NULL, '2022-12-11 03:14:17', '2022-12-26 23:54:08');
INSERT INTO `student` VALUES (286, '翁捷', '20201000285', '57c3cb70f14ca167abc6dc3bde5d1cd8', 'hXFkAGtHgP', NULL, '2022-12-11 03:14:17', '2022-12-26 23:54:08');
INSERT INTO `student` VALUES (287, '屈映天', '20201000286', '57c3cb70f14ca167abc6dc3bde5d1cd8', 'hXFkAGtHgP', NULL, '2022-12-11 03:14:17', '2022-12-26 23:54:08');
INSERT INTO `student` VALUES (288, '休玉环', '20201000287', '57c3cb70f14ca167abc6dc3bde5d1cd8', 'hXFkAGtHgP', NULL, '2022-12-11 03:14:17', '2022-12-26 23:54:08');
INSERT INTO `student` VALUES (289, '廉迎夏', '20201000288', '57c3cb70f14ca167abc6dc3bde5d1cd8', 'hXFkAGtHgP', NULL, '2022-12-11 03:14:17', '2022-12-26 23:54:08');
INSERT INTO `student` VALUES (290, '枚邈', '20201000289', '57c3cb70f14ca167abc6dc3bde5d1cd8', 'hXFkAGtHgP', NULL, '2022-12-11 03:14:17', '2022-12-26 23:54:08');
INSERT INTO `student` VALUES (291, '上官漪', '20201000290', '57c3cb70f14ca167abc6dc3bde5d1cd8', 'hXFkAGtHgP', NULL, '2022-12-11 03:14:17', '2022-12-26 23:54:08');
INSERT INTO `student` VALUES (292, '东郭弘厚', '20201000291', '57c3cb70f14ca167abc6dc3bde5d1cd8', 'hXFkAGtHgP', NULL, '2022-12-11 03:14:17', '2022-12-26 23:54:08');
INSERT INTO `student` VALUES (293, '坚真', '20201000292', '57c3cb70f14ca167abc6dc3bde5d1cd8', 'hXFkAGtHgP', NULL, '2022-12-11 03:14:17', '2022-12-26 23:54:08');
INSERT INTO `student` VALUES (294, '司乐悦', '20201000293', '57c3cb70f14ca167abc6dc3bde5d1cd8', 'hXFkAGtHgP', NULL, '2022-12-11 03:14:17', '2022-12-26 23:54:08');
INSERT INTO `student` VALUES (295, '泰芳洲', '20201000294', '57c3cb70f14ca167abc6dc3bde5d1cd8', 'hXFkAGtHgP', NULL, '2022-12-11 03:14:17', '2022-12-26 23:54:08');
INSERT INTO `student` VALUES (296, '伯忻然', '20201000295', '57c3cb70f14ca167abc6dc3bde5d1cd8', 'hXFkAGtHgP', NULL, '2022-12-11 03:14:17', '2022-12-26 23:54:08');
INSERT INTO `student` VALUES (297, '蒿傲易', '20201000296', '57c3cb70f14ca167abc6dc3bde5d1cd8', 'hXFkAGtHgP', NULL, '2022-12-11 03:14:17', '2022-12-26 23:54:08');
INSERT INTO `student` VALUES (298, '旅迈', '20201000297', '57c3cb70f14ca167abc6dc3bde5d1cd8', 'hXFkAGtHgP', NULL, '2022-12-11 03:14:17', '2022-12-26 23:54:08');
INSERT INTO `student` VALUES (299, '俞鸾', '20201000298', '57c3cb70f14ca167abc6dc3bde5d1cd8', 'hXFkAGtHgP', NULL, '2022-12-11 03:14:17', '2022-12-26 23:54:08');
INSERT INTO `student` VALUES (300, '栋景逸', '20201000299', '57c3cb70f14ca167abc6dc3bde5d1cd8', 'hXFkAGtHgP', NULL, '2022-12-11 03:14:17', '2022-12-26 23:54:08');
INSERT INTO `student` VALUES (301, '操芷兰', '20201000300', '57c3cb70f14ca167abc6dc3bde5d1cd8', 'hXFkAGtHgP', NULL, '2022-12-11 03:14:17', '2022-12-26 23:54:08');
INSERT INTO `student` VALUES (302, '源傲冬', '20201000301', '57c3cb70f14ca167abc6dc3bde5d1cd8', 'hXFkAGtHgP', NULL, '2022-12-11 03:14:17', '2022-12-26 23:54:08');
INSERT INTO `student` VALUES (303, '定昂雄', '20201000302', '57c3cb70f14ca167abc6dc3bde5d1cd8', 'hXFkAGtHgP', NULL, '2022-12-11 03:14:17', '2022-12-26 23:54:08');
INSERT INTO `student` VALUES (304, '羊元亮', '20201000303', '57c3cb70f14ca167abc6dc3bde5d1cd8', 'hXFkAGtHgP', NULL, '2022-12-11 03:14:17', '2022-12-26 23:54:08');
INSERT INTO `student` VALUES (305, '长孙歌吹', '20201000304', '57c3cb70f14ca167abc6dc3bde5d1cd8', 'hXFkAGtHgP', NULL, '2022-12-11 03:14:17', '2022-12-26 23:54:08');
INSERT INTO `student` VALUES (306, '崔海瑶', '20201000305', '57c3cb70f14ca167abc6dc3bde5d1cd8', 'hXFkAGtHgP', NULL, '2022-12-11 03:14:17', '2022-12-26 23:54:08');
INSERT INTO `student` VALUES (307, '丘丁兰', '20201000306', '57c3cb70f14ca167abc6dc3bde5d1cd8', 'hXFkAGtHgP', NULL, '2022-12-11 03:14:17', '2022-12-26 23:54:08');
INSERT INTO `student` VALUES (308, '位坚诚', '20201000307', '57c3cb70f14ca167abc6dc3bde5d1cd8', 'hXFkAGtHgP', NULL, '2022-12-11 03:14:17', '2022-12-26 23:54:08');
INSERT INTO `student` VALUES (309, '郏苍', '20201000308', '57c3cb70f14ca167abc6dc3bde5d1cd8', 'hXFkAGtHgP', NULL, '2022-12-11 03:14:17', '2022-12-26 23:54:08');
INSERT INTO `student` VALUES (310, '系乐正', '20201000309', '57c3cb70f14ca167abc6dc3bde5d1cd8', 'hXFkAGtHgP', NULL, '2022-12-11 03:14:17', '2022-12-26 23:54:08');
INSERT INTO `student` VALUES (311, '俟丹溪', '20201000310', '57c3cb70f14ca167abc6dc3bde5d1cd8', 'hXFkAGtHgP', NULL, '2022-12-11 03:14:17', '2022-12-26 23:54:08');
INSERT INTO `student` VALUES (312, '崔海瑶', '20201000311', '57c3cb70f14ca167abc6dc3bde5d1cd8', 'hXFkAGtHgP', NULL, '2022-12-11 03:14:17', '2022-12-26 23:54:08');
INSERT INTO `student` VALUES (313, '翠问薇', '20201000312', '57c3cb70f14ca167abc6dc3bde5d1cd8', 'hXFkAGtHgP', NULL, '2022-12-11 03:14:17', '2022-12-26 23:54:08');
INSERT INTO `student` VALUES (314, '洋瑜蓓', '20201000313', '57c3cb70f14ca167abc6dc3bde5d1cd8', 'hXFkAGtHgP', NULL, '2022-12-11 03:14:17', '2022-12-26 23:54:08');
INSERT INTO `student` VALUES (315, '隆弘毅', '20201000314', '57c3cb70f14ca167abc6dc3bde5d1cd8', 'hXFkAGtHgP', NULL, '2022-12-11 03:14:17', '2022-12-26 23:54:08');
INSERT INTO `student` VALUES (316, '郭娜娜', '20201000315', '57c3cb70f14ca167abc6dc3bde5d1cd8', 'hXFkAGtHgP', NULL, '2022-12-11 03:14:17', '2022-12-26 23:54:08');
INSERT INTO `student` VALUES (317, '广蓄', '20201000316', '57c3cb70f14ca167abc6dc3bde5d1cd8', 'hXFkAGtHgP', NULL, '2022-12-11 03:14:17', '2022-12-26 23:54:08');
INSERT INTO `student` VALUES (318, '呼听露', '20201000317', '57c3cb70f14ca167abc6dc3bde5d1cd8', 'hXFkAGtHgP', NULL, '2022-12-11 03:14:17', '2022-12-26 23:54:08');
INSERT INTO `student` VALUES (319, '伦鸿云', '20201000318', '57c3cb70f14ca167abc6dc3bde5d1cd8', 'hXFkAGtHgP', NULL, '2022-12-11 03:14:17', '2022-12-26 23:54:08');
INSERT INTO `student` VALUES (320, '太叔初雪', '20201000319', '57c3cb70f14ca167abc6dc3bde5d1cd8', 'hXFkAGtHgP', NULL, '2022-12-11 03:14:17', '2022-12-26 23:54:08');
INSERT INTO `student` VALUES (321, '卷慧颖', '20201000320', '57c3cb70f14ca167abc6dc3bde5d1cd8', 'hXFkAGtHgP', NULL, '2022-12-11 03:14:17', '2022-12-26 23:54:08');
INSERT INTO `student` VALUES (322, '支燕晨', '20201000321', '57c3cb70f14ca167abc6dc3bde5d1cd8', 'hXFkAGtHgP', NULL, '2022-12-11 03:14:17', '2022-12-26 23:54:08');
INSERT INTO `student` VALUES (323, '上官漪', '20201000322', '57c3cb70f14ca167abc6dc3bde5d1cd8', 'hXFkAGtHgP', NULL, '2022-12-11 03:14:17', '2022-12-26 23:54:08');
INSERT INTO `student` VALUES (324, '汗飞昂', '20201000323', '57c3cb70f14ca167abc6dc3bde5d1cd8', 'hXFkAGtHgP', NULL, '2022-12-11 03:14:17', '2022-12-26 23:54:08');
INSERT INTO `student` VALUES (325, '理罗', '20201000324', '57c3cb70f14ca167abc6dc3bde5d1cd8', 'hXFkAGtHgP', NULL, '2022-12-11 03:14:17', '2022-12-26 23:54:08');
INSERT INTO `student` VALUES (326, '徐孤容', '20201000325', '57c3cb70f14ca167abc6dc3bde5d1cd8', 'hXFkAGtHgP', NULL, '2022-12-11 03:14:17', '2022-12-26 23:54:08');
INSERT INTO `student` VALUES (327, '漫梓琬', '20201000326', '57c3cb70f14ca167abc6dc3bde5d1cd8', 'hXFkAGtHgP', NULL, '2022-12-11 03:14:17', '2022-12-26 23:54:08');
INSERT INTO `student` VALUES (328, '不芳', '20201000327', '57c3cb70f14ca167abc6dc3bde5d1cd8', 'hXFkAGtHgP', NULL, '2022-12-11 03:14:17', '2022-12-26 23:54:08');
INSERT INTO `student` VALUES (329, '阮涵润', '20201000328', '57c3cb70f14ca167abc6dc3bde5d1cd8', 'hXFkAGtHgP', NULL, '2022-12-11 03:14:17', '2022-12-26 23:54:08');
INSERT INTO `student` VALUES (330, '言欣可', '20201000329', '57c3cb70f14ca167abc6dc3bde5d1cd8', 'hXFkAGtHgP', NULL, '2022-12-11 03:14:17', '2022-12-26 23:54:08');
INSERT INTO `student` VALUES (331, '荆贞芳', '20201000330', '57c3cb70f14ca167abc6dc3bde5d1cd8', 'hXFkAGtHgP', NULL, '2022-12-11 03:14:17', '2022-12-26 23:54:08');
INSERT INTO `student` VALUES (332, '能梦秋', '20201000331', '57c3cb70f14ca167abc6dc3bde5d1cd8', 'hXFkAGtHgP', NULL, '2022-12-11 03:14:17', '2022-12-26 23:54:08');
INSERT INTO `student` VALUES (333, '圣家美', '20201000332', '57c3cb70f14ca167abc6dc3bde5d1cd8', 'hXFkAGtHgP', NULL, '2022-12-11 03:14:17', '2022-12-26 23:54:08');
INSERT INTO `student` VALUES (334, '范姜兴安', '20201000333', '57c3cb70f14ca167abc6dc3bde5d1cd8', 'hXFkAGtHgP', NULL, '2022-12-11 03:14:17', '2022-12-26 23:54:08');
INSERT INTO `student` VALUES (335, '祁长岳', '20201000334', '57c3cb70f14ca167abc6dc3bde5d1cd8', 'hXFkAGtHgP', NULL, '2022-12-11 03:14:17', '2022-12-26 23:54:08');
INSERT INTO `student` VALUES (336, '丙捷', '20201000335', '57c3cb70f14ca167abc6dc3bde5d1cd8', 'hXFkAGtHgP', NULL, '2022-12-11 03:14:17', '2022-12-26 23:54:08');
INSERT INTO `student` VALUES (337, '长鸿朗', '20201000336', '57c3cb70f14ca167abc6dc3bde5d1cd8', 'hXFkAGtHgP', NULL, '2022-12-11 03:14:17', '2022-12-26 23:54:08');
INSERT INTO `student` VALUES (338, '说雪儿', '20201000337', '57c3cb70f14ca167abc6dc3bde5d1cd8', 'hXFkAGtHgP', NULL, '2022-12-11 03:14:17', '2022-12-26 23:54:08');
INSERT INTO `student` VALUES (339, '平彦红', '20201000338', '57c3cb70f14ca167abc6dc3bde5d1cd8', 'hXFkAGtHgP', NULL, '2022-12-11 03:14:17', '2022-12-26 23:54:08');
INSERT INTO `student` VALUES (340, '寻歌', '20201000339', '57c3cb70f14ca167abc6dc3bde5d1cd8', 'hXFkAGtHgP', NULL, '2022-12-11 03:14:17', '2022-12-26 23:54:08');
INSERT INTO `student` VALUES (341, '长孙歌吹', '20201000340', '57c3cb70f14ca167abc6dc3bde5d1cd8', 'hXFkAGtHgP', NULL, '2022-12-11 03:14:17', '2022-12-26 23:54:08');
INSERT INTO `student` VALUES (342, '林妙晴', '20201000341', '57c3cb70f14ca167abc6dc3bde5d1cd8', 'hXFkAGtHgP', NULL, '2022-12-11 03:14:17', '2022-12-26 23:54:08');
INSERT INTO `student` VALUES (343, '广蓄', '20201000342', '57c3cb70f14ca167abc6dc3bde5d1cd8', 'hXFkAGtHgP', NULL, '2022-12-11 03:14:17', '2022-12-26 23:54:08');
INSERT INTO `student` VALUES (344, '冠念露', '20201000343', '57c3cb70f14ca167abc6dc3bde5d1cd8', 'hXFkAGtHgP', NULL, '2022-12-11 03:14:17', '2022-12-26 23:54:08');
INSERT INTO `student` VALUES (345, '说雪儿', '20201000344', '57c3cb70f14ca167abc6dc3bde5d1cd8', 'hXFkAGtHgP', NULL, '2022-12-11 03:14:17', '2022-12-26 23:54:08');
INSERT INTO `student` VALUES (346, '兆俊茂', '20201000345', '57c3cb70f14ca167abc6dc3bde5d1cd8', 'hXFkAGtHgP', NULL, '2022-12-11 03:14:17', '2022-12-26 23:54:08');
INSERT INTO `student` VALUES (347, '善康泰', '20201000346', '57c3cb70f14ca167abc6dc3bde5d1cd8', 'hXFkAGtHgP', NULL, '2022-12-11 03:14:17', '2022-12-26 23:54:08');
INSERT INTO `student` VALUES (348, '绍和泽', '20201000347', '57c3cb70f14ca167abc6dc3bde5d1cd8', 'hXFkAGtHgP', NULL, '2022-12-11 03:14:17', '2022-12-26 23:54:08');
INSERT INTO `student` VALUES (349, '登天心', '20201000348', '57c3cb70f14ca167abc6dc3bde5d1cd8', 'hXFkAGtHgP', NULL, '2022-12-11 03:14:17', '2022-12-26 23:54:08');
INSERT INTO `student` VALUES (350, '匡君昊', '20201000349', '57c3cb70f14ca167abc6dc3bde5d1cd8', 'hXFkAGtHgP', NULL, '2022-12-11 03:14:17', '2022-12-26 23:54:08');
INSERT INTO `student` VALUES (351, '夕梦菲', '20201000350', '57c3cb70f14ca167abc6dc3bde5d1cd8', 'hXFkAGtHgP', NULL, '2022-12-11 03:14:17', '2022-12-26 23:54:08');
INSERT INTO `student` VALUES (352, '迮幻香', '20201000351', '57c3cb70f14ca167abc6dc3bde5d1cd8', 'hXFkAGtHgP', NULL, '2022-12-11 03:14:17', '2022-12-26 23:54:08');
INSERT INTO `student` VALUES (353, '王禄', '20201000352', '57c3cb70f14ca167abc6dc3bde5d1cd8', 'hXFkAGtHgP', NULL, '2022-12-11 03:14:17', '2022-12-26 23:54:08');
INSERT INTO `student` VALUES (354, '海骞尧', '20201000353', '57c3cb70f14ca167abc6dc3bde5d1cd8', 'hXFkAGtHgP', NULL, '2022-12-11 03:14:17', '2022-12-26 23:54:08');
INSERT INTO `student` VALUES (355, '金妙旋', '20201000354', '57c3cb70f14ca167abc6dc3bde5d1cd8', 'hXFkAGtHgP', NULL, '2022-12-11 03:14:17', '2022-12-26 23:54:08');
INSERT INTO `student` VALUES (356, '赤芳洁', '20201000355', '57c3cb70f14ca167abc6dc3bde5d1cd8', 'hXFkAGtHgP', NULL, '2022-12-11 03:14:17', '2022-12-26 23:54:08');
INSERT INTO `student` VALUES (357, '罕歌阑', '20201000356', '57c3cb70f14ca167abc6dc3bde5d1cd8', 'hXFkAGtHgP', NULL, '2022-12-11 03:14:17', '2022-12-26 23:54:08');
INSERT INTO `student` VALUES (358, '广蓄', '20201000357', '57c3cb70f14ca167abc6dc3bde5d1cd8', 'hXFkAGtHgP', NULL, '2022-12-11 03:14:17', '2022-12-26 23:54:08');
INSERT INTO `student` VALUES (359, '鲜于英才', '20201000358', '57c3cb70f14ca167abc6dc3bde5d1cd8', 'hXFkAGtHgP', NULL, '2022-12-11 03:14:17', '2022-12-26 23:54:08');
INSERT INTO `student` VALUES (360, '郸修筠', '20201000359', '57c3cb70f14ca167abc6dc3bde5d1cd8', 'hXFkAGtHgP', NULL, '2022-12-11 03:14:17', '2022-12-26 23:54:08');
INSERT INTO `student` VALUES (361, '桂昊嘉', '20201000360', '57c3cb70f14ca167abc6dc3bde5d1cd8', 'hXFkAGtHgP', NULL, '2022-12-11 03:14:17', '2022-12-26 23:54:08');
INSERT INTO `student` VALUES (362, '剑歌韵', '20201000361', '57c3cb70f14ca167abc6dc3bde5d1cd8', 'hXFkAGtHgP', NULL, '2022-12-11 03:14:17', '2022-12-26 23:54:08');
INSERT INTO `student` VALUES (363, '苑绍钧', '20201000362', '57c3cb70f14ca167abc6dc3bde5d1cd8', 'hXFkAGtHgP', NULL, '2022-12-11 03:14:17', '2022-12-26 23:54:08');
INSERT INTO `student` VALUES (364, '拱萧玉', '20201000363', '57c3cb70f14ca167abc6dc3bde5d1cd8', 'hXFkAGtHgP', NULL, '2022-12-11 03:14:17', '2022-12-26 23:54:08');
INSERT INTO `student` VALUES (365, '买自怡', '20201000364', '57c3cb70f14ca167abc6dc3bde5d1cd8', 'hXFkAGtHgP', NULL, '2022-12-11 03:14:17', '2022-12-26 23:54:08');
INSERT INTO `student` VALUES (366, '栗雅宁', '20201000365', '57c3cb70f14ca167abc6dc3bde5d1cd8', 'hXFkAGtHgP', NULL, '2022-12-11 03:14:17', '2022-12-26 23:54:08');
INSERT INTO `student` VALUES (367, '市昆颉', '20201000366', '57c3cb70f14ca167abc6dc3bde5d1cd8', 'hXFkAGtHgP', NULL, '2022-12-11 03:14:17', '2022-12-26 23:54:08');
INSERT INTO `student` VALUES (368, '曲茗', '20201000367', '57c3cb70f14ca167abc6dc3bde5d1cd8', 'hXFkAGtHgP', NULL, '2022-12-11 03:14:17', '2022-12-26 23:54:08');
INSERT INTO `student` VALUES (369, '武曜灿', '20201000368', '57c3cb70f14ca167abc6dc3bde5d1cd8', 'hXFkAGtHgP', NULL, '2022-12-11 03:14:17', '2022-12-26 23:54:08');
INSERT INTO `student` VALUES (370, '濮阳攸', '20201000369', '57c3cb70f14ca167abc6dc3bde5d1cd8', 'hXFkAGtHgP', NULL, '2022-12-11 03:14:17', '2022-12-26 23:54:08');
INSERT INTO `student` VALUES (371, '官茵', '20201000370', '57c3cb70f14ca167abc6dc3bde5d1cd8', 'hXFkAGtHgP', NULL, '2022-12-11 03:14:17', '2022-12-26 23:54:08');
INSERT INTO `student` VALUES (372, '让若灵', '20201000371', '57c3cb70f14ca167abc6dc3bde5d1cd8', 'hXFkAGtHgP', NULL, '2022-12-11 03:14:17', '2022-12-26 23:54:08');
INSERT INTO `student` VALUES (373, '弘燕婉', '20201000372', '57c3cb70f14ca167abc6dc3bde5d1cd8', 'hXFkAGtHgP', NULL, '2022-12-11 03:14:17', '2022-12-26 23:54:08');
INSERT INTO `student` VALUES (374, '居元绿', '20201000373', '57c3cb70f14ca167abc6dc3bde5d1cd8', 'hXFkAGtHgP', NULL, '2022-12-11 03:14:17', '2022-12-26 23:54:08');
INSERT INTO `student` VALUES (375, '竹半烟', '20201000374', '57c3cb70f14ca167abc6dc3bde5d1cd8', 'hXFkAGtHgP', NULL, '2022-12-11 03:14:17', '2022-12-26 23:54:08');
INSERT INTO `student` VALUES (376, '宜清秋', '20201000375', '57c3cb70f14ca167abc6dc3bde5d1cd8', 'hXFkAGtHgP', NULL, '2022-12-11 03:14:17', '2022-12-26 23:54:08');
INSERT INTO `student` VALUES (377, '枝陶', '20201000376', '57c3cb70f14ca167abc6dc3bde5d1cd8', 'hXFkAGtHgP', NULL, '2022-12-11 03:14:17', '2022-12-26 23:54:08');
INSERT INTO `student` VALUES (378, '栾宵', '20201000377', '57c3cb70f14ca167abc6dc3bde5d1cd8', 'hXFkAGtHgP', NULL, '2022-12-11 03:14:17', '2022-12-26 23:54:08');
INSERT INTO `student` VALUES (379, '艾芮优', '20201000378', '57c3cb70f14ca167abc6dc3bde5d1cd8', 'hXFkAGtHgP', NULL, '2022-12-11 03:14:17', '2022-12-26 23:54:08');
INSERT INTO `student` VALUES (380, '慈君雅', '20201000379', '57c3cb70f14ca167abc6dc3bde5d1cd8', 'hXFkAGtHgP', NULL, '2022-12-11 03:14:17', '2022-12-26 23:54:08');
INSERT INTO `student` VALUES (381, '友笑晴', '20201000380', '57c3cb70f14ca167abc6dc3bde5d1cd8', 'hXFkAGtHgP', NULL, '2022-12-11 03:14:17', '2022-12-26 23:54:08');
INSERT INTO `student` VALUES (382, '师卓逸', '20201000381', '57c3cb70f14ca167abc6dc3bde5d1cd8', 'hXFkAGtHgP', NULL, '2022-12-11 03:14:17', '2022-12-26 23:54:08');
INSERT INTO `student` VALUES (383, '粘琇芬', '20201000382', '57c3cb70f14ca167abc6dc3bde5d1cd8', 'hXFkAGtHgP', NULL, '2022-12-11 03:14:17', '2022-12-26 23:54:08');
INSERT INTO `student` VALUES (384, '应秀妮', '20201000383', '57c3cb70f14ca167abc6dc3bde5d1cd8', 'hXFkAGtHgP', NULL, '2022-12-11 03:14:17', '2022-12-26 23:54:08');
INSERT INTO `student` VALUES (385, '步和平', '20201000384', '57c3cb70f14ca167abc6dc3bde5d1cd8', 'hXFkAGtHgP', NULL, '2022-12-11 03:14:17', '2022-12-26 23:54:08');
INSERT INTO `student` VALUES (386, '乘鸿福', '20201000385', '57c3cb70f14ca167abc6dc3bde5d1cd8', 'hXFkAGtHgP', NULL, '2022-12-11 03:14:17', '2022-12-26 23:54:08');
INSERT INTO `student` VALUES (387, '柴春琳', '20201000386', '57c3cb70f14ca167abc6dc3bde5d1cd8', 'hXFkAGtHgP', NULL, '2022-12-11 03:14:17', '2022-12-26 23:54:08');
INSERT INTO `student` VALUES (388, '陆若山', '20201000387', '57c3cb70f14ca167abc6dc3bde5d1cd8', 'hXFkAGtHgP', NULL, '2022-12-11 03:14:17', '2022-12-26 23:54:08');
INSERT INTO `student` VALUES (389, '淳于梅', '20201000388', '57c3cb70f14ca167abc6dc3bde5d1cd8', 'hXFkAGtHgP', NULL, '2022-12-11 03:14:17', '2022-12-26 23:54:08');
INSERT INTO `student` VALUES (390, '计秋', '20201000389', '57c3cb70f14ca167abc6dc3bde5d1cd8', 'hXFkAGtHgP', NULL, '2022-12-11 03:14:17', '2022-12-26 23:54:08');
INSERT INTO `student` VALUES (391, '皮芷蝶', '20201000390', '57c3cb70f14ca167abc6dc3bde5d1cd8', 'hXFkAGtHgP', NULL, '2022-12-11 03:14:17', '2022-12-26 23:54:08');
INSERT INTO `student` VALUES (392, '欧雪晴', '20201000391', '57c3cb70f14ca167abc6dc3bde5d1cd8', 'hXFkAGtHgP', NULL, '2022-12-11 03:14:17', '2022-12-26 23:54:08');
INSERT INTO `student` VALUES (393, '雷新柔', '20201000392', '57c3cb70f14ca167abc6dc3bde5d1cd8', 'hXFkAGtHgP', NULL, '2022-12-11 03:14:17', '2022-12-26 23:54:08');
INSERT INTO `student` VALUES (394, '翁捷', '20201000393', '57c3cb70f14ca167abc6dc3bde5d1cd8', 'hXFkAGtHgP', NULL, '2022-12-11 03:14:17', '2022-12-26 23:54:08');
INSERT INTO `student` VALUES (395, '潭芬菲', '20201000394', '57c3cb70f14ca167abc6dc3bde5d1cd8', 'hXFkAGtHgP', NULL, '2022-12-11 03:14:17', '2022-12-26 23:54:08');
INSERT INTO `student` VALUES (396, '束慈', '20201000395', '57c3cb70f14ca167abc6dc3bde5d1cd8', 'hXFkAGtHgP', NULL, '2022-12-11 03:14:17', '2022-12-26 23:54:08');
INSERT INTO `student` VALUES (397, '士英范', '20201000396', '57c3cb70f14ca167abc6dc3bde5d1cd8', 'hXFkAGtHgP', NULL, '2022-12-11 03:14:17', '2022-12-26 23:54:08');
INSERT INTO `student` VALUES (398, '牢施诗', '20201000397', '57c3cb70f14ca167abc6dc3bde5d1cd8', 'hXFkAGtHgP', NULL, '2022-12-11 03:14:17', '2022-12-26 23:54:08');
INSERT INTO `student` VALUES (399, '东广君', '20201000398', '57c3cb70f14ca167abc6dc3bde5d1cd8', 'hXFkAGtHgP', NULL, '2022-12-11 03:14:17', '2022-12-26 23:54:08');
INSERT INTO `student` VALUES (400, '苟以柳', '20201000399', '57c3cb70f14ca167abc6dc3bde5d1cd8', 'hXFkAGtHgP', NULL, '2022-12-11 03:14:17', '2022-12-26 23:54:08');
INSERT INTO `student` VALUES (401, '巢俊雅', '20201000400', '57c3cb70f14ca167abc6dc3bde5d1cd8', 'hXFkAGtHgP', NULL, '2022-12-11 03:14:17', '2022-12-26 23:54:08');
INSERT INTO `student` VALUES (402, '宛静姝', '20201000401', '57c3cb70f14ca167abc6dc3bde5d1cd8', 'hXFkAGtHgP', NULL, '2022-12-11 03:14:17', '2022-12-26 23:54:08');
INSERT INTO `student` VALUES (403, '完颜牧', '20201000402', '57c3cb70f14ca167abc6dc3bde5d1cd8', 'hXFkAGtHgP', NULL, '2022-12-11 03:14:17', '2022-12-26 23:54:08');
INSERT INTO `student` VALUES (404, '毋慕卉', '20201000403', '57c3cb70f14ca167abc6dc3bde5d1cd8', 'hXFkAGtHgP', NULL, '2022-12-11 03:14:17', '2022-12-26 23:54:08');
INSERT INTO `student` VALUES (405, '郭娜娜', '20201000404', '57c3cb70f14ca167abc6dc3bde5d1cd8', 'hXFkAGtHgP', NULL, '2022-12-11 03:14:17', '2022-12-26 23:54:08');
INSERT INTO `student` VALUES (406, '函英叡', '20201000405', '57c3cb70f14ca167abc6dc3bde5d1cd8', 'hXFkAGtHgP', NULL, '2022-12-11 03:14:17', '2022-12-26 23:54:08');
INSERT INTO `student` VALUES (407, '戴寒云', '20201000406', '57c3cb70f14ca167abc6dc3bde5d1cd8', 'hXFkAGtHgP', NULL, '2022-12-11 03:14:17', '2022-12-26 23:54:08');
INSERT INTO `student` VALUES (408, '盘意', '20201000407', '57c3cb70f14ca167abc6dc3bde5d1cd8', 'hXFkAGtHgP', NULL, '2022-12-11 03:14:17', '2022-12-26 23:54:08');
INSERT INTO `student` VALUES (409, '丙捷', '20201000408', '57c3cb70f14ca167abc6dc3bde5d1cd8', 'hXFkAGtHgP', NULL, '2022-12-11 03:14:17', '2022-12-26 23:54:08');
INSERT INTO `student` VALUES (410, '委修能', '20201000409', '57c3cb70f14ca167abc6dc3bde5d1cd8', 'hXFkAGtHgP', NULL, '2022-12-11 03:14:17', '2022-12-26 23:54:08');
INSERT INTO `student` VALUES (411, '单于震轩', '20201000410', '57c3cb70f14ca167abc6dc3bde5d1cd8', 'hXFkAGtHgP', NULL, '2022-12-11 03:14:17', '2022-12-26 23:54:08');
INSERT INTO `student` VALUES (412, '麦冷珍', '20201000411', '57c3cb70f14ca167abc6dc3bde5d1cd8', 'hXFkAGtHgP', NULL, '2022-12-11 03:14:17', '2022-12-26 23:54:08');
INSERT INTO `student` VALUES (413, '壬经国', '20201000412', '57c3cb70f14ca167abc6dc3bde5d1cd8', 'hXFkAGtHgP', NULL, '2022-12-11 03:14:17', '2022-12-26 23:54:08');
INSERT INTO `student` VALUES (414, '太叔初雪', '20201000413', '57c3cb70f14ca167abc6dc3bde5d1cd8', 'hXFkAGtHgP', NULL, '2022-12-11 03:14:17', '2022-12-26 23:54:08');
INSERT INTO `student` VALUES (415, '濯昊天', '20201000414', '57c3cb70f14ca167abc6dc3bde5d1cd8', 'hXFkAGtHgP', NULL, '2022-12-11 03:14:17', '2022-12-26 23:54:08');
INSERT INTO `student` VALUES (416, '郜朝旭', '20201000415', '57c3cb70f14ca167abc6dc3bde5d1cd8', 'hXFkAGtHgP', NULL, '2022-12-11 03:14:17', '2022-12-26 23:54:08');
INSERT INTO `student` VALUES (417, '帅宛菡', '20201000416', '57c3cb70f14ca167abc6dc3bde5d1cd8', 'hXFkAGtHgP', NULL, '2022-12-11 03:14:17', '2022-12-26 23:54:08');
INSERT INTO `student` VALUES (418, '宛静姝', '20201000417', '57c3cb70f14ca167abc6dc3bde5d1cd8', 'hXFkAGtHgP', NULL, '2022-12-11 03:14:17', '2022-12-26 23:54:08');
INSERT INTO `student` VALUES (419, '揭夏瑶', '20201000418', '57c3cb70f14ca167abc6dc3bde5d1cd8', 'hXFkAGtHgP', NULL, '2022-12-11 03:14:17', '2022-12-26 23:54:08');
INSERT INTO `student` VALUES (420, '延凡雁', '20201000419', '57c3cb70f14ca167abc6dc3bde5d1cd8', 'hXFkAGtHgP', NULL, '2022-12-11 03:14:17', '2022-12-26 23:54:08');
INSERT INTO `student` VALUES (421, '逄煦', '20201000420', '57c3cb70f14ca167abc6dc3bde5d1cd8', 'hXFkAGtHgP', NULL, '2022-12-11 03:14:17', '2022-12-26 23:54:08');
INSERT INTO `student` VALUES (422, '接芮雅', '20201000421', '57c3cb70f14ca167abc6dc3bde5d1cd8', 'hXFkAGtHgP', NULL, '2022-12-11 03:14:17', '2022-12-26 23:54:08');
INSERT INTO `student` VALUES (423, '吾康胜', '20201000422', '57c3cb70f14ca167abc6dc3bde5d1cd8', 'hXFkAGtHgP', NULL, '2022-12-11 03:14:17', '2022-12-26 23:54:08');
INSERT INTO `student` VALUES (424, '盈寒烟', '20201000423', '57c3cb70f14ca167abc6dc3bde5d1cd8', 'hXFkAGtHgP', NULL, '2022-12-11 03:14:17', '2022-12-26 23:54:08');
INSERT INTO `student` VALUES (425, '耿萱', '20201000424', '57c3cb70f14ca167abc6dc3bde5d1cd8', 'hXFkAGtHgP', NULL, '2022-12-11 03:14:17', '2022-12-26 23:54:08');
INSERT INTO `student` VALUES (426, '潭芬菲', '20201000425', '57c3cb70f14ca167abc6dc3bde5d1cd8', 'hXFkAGtHgP', NULL, '2022-12-11 03:14:17', '2022-12-26 23:54:08');
INSERT INTO `student` VALUES (427, '宰傲旋', '20201000426', '57c3cb70f14ca167abc6dc3bde5d1cd8', 'hXFkAGtHgP', NULL, '2022-12-11 03:14:17', '2022-12-26 23:54:08');
INSERT INTO `student` VALUES (428, '淡高扬', '20201000427', '57c3cb70f14ca167abc6dc3bde5d1cd8', 'hXFkAGtHgP', NULL, '2022-12-11 03:14:17', '2022-12-26 23:54:08');
INSERT INTO `student` VALUES (429, '郭娜娜', '20201000428', '57c3cb70f14ca167abc6dc3bde5d1cd8', 'hXFkAGtHgP', NULL, '2022-12-11 03:14:17', '2022-12-26 23:54:08');
INSERT INTO `student` VALUES (430, '咸静曼', '20201000429', '57c3cb70f14ca167abc6dc3bde5d1cd8', 'hXFkAGtHgP', NULL, '2022-12-11 03:14:17', '2022-12-26 23:54:08');
INSERT INTO `student` VALUES (431, '宋悠婉', '20201000430', '57c3cb70f14ca167abc6dc3bde5d1cd8', 'hXFkAGtHgP', NULL, '2022-12-11 03:14:17', '2022-12-26 23:54:08');
INSERT INTO `student` VALUES (432, '壤驷雅惠', '20201000431', '57c3cb70f14ca167abc6dc3bde5d1cd8', 'hXFkAGtHgP', NULL, '2022-12-11 03:14:17', '2022-12-26 23:54:08');
INSERT INTO `student` VALUES (433, '亢新洁', '20201000432', '57c3cb70f14ca167abc6dc3bde5d1cd8', 'hXFkAGtHgP', NULL, '2022-12-11 03:14:17', '2022-12-26 23:54:08');
INSERT INTO `student` VALUES (434, '线正阳', '20201000433', '57c3cb70f14ca167abc6dc3bde5d1cd8', 'hXFkAGtHgP', NULL, '2022-12-11 03:14:17', '2022-12-26 23:54:08');
INSERT INTO `student` VALUES (435, '勇山菡', '20201000434', '57c3cb70f14ca167abc6dc3bde5d1cd8', 'hXFkAGtHgP', NULL, '2022-12-11 03:14:17', '2022-12-26 23:54:08');
INSERT INTO `student` VALUES (436, '用闳丽', '20201000435', '57c3cb70f14ca167abc6dc3bde5d1cd8', 'hXFkAGtHgP', NULL, '2022-12-11 03:14:17', '2022-12-26 23:54:08');
INSERT INTO `student` VALUES (437, '佘扬', '20201000436', '57c3cb70f14ca167abc6dc3bde5d1cd8', 'hXFkAGtHgP', NULL, '2022-12-11 03:14:17', '2022-12-26 23:54:08');
INSERT INTO `student` VALUES (438, '合利', '20201000437', '57c3cb70f14ca167abc6dc3bde5d1cd8', 'hXFkAGtHgP', NULL, '2022-12-11 03:14:17', '2022-12-26 23:54:08');
INSERT INTO `student` VALUES (439, '戴寒云', '20201000438', '57c3cb70f14ca167abc6dc3bde5d1cd8', 'hXFkAGtHgP', NULL, '2022-12-11 03:14:17', '2022-12-26 23:54:08');
INSERT INTO `student` VALUES (440, '良静槐', '20201000439', '57c3cb70f14ca167abc6dc3bde5d1cd8', 'hXFkAGtHgP', NULL, '2022-12-11 03:14:17', '2022-12-26 23:54:08');
INSERT INTO `student` VALUES (441, '敖专', '20201000440', '57c3cb70f14ca167abc6dc3bde5d1cd8', 'hXFkAGtHgP', NULL, '2022-12-11 03:14:17', '2022-12-26 23:54:08');
INSERT INTO `student` VALUES (442, '菅平灵', '20201000441', '57c3cb70f14ca167abc6dc3bde5d1cd8', 'hXFkAGtHgP', NULL, '2022-12-11 03:14:17', '2022-12-26 23:54:08');
INSERT INTO `student` VALUES (443, '象寻绿', '20201000442', '57c3cb70f14ca167abc6dc3bde5d1cd8', 'hXFkAGtHgP', NULL, '2022-12-11 03:14:17', '2022-12-26 23:54:08');
INSERT INTO `student` VALUES (444, '巩雁易', '20201000443', '57c3cb70f14ca167abc6dc3bde5d1cd8', 'hXFkAGtHgP', NULL, '2022-12-11 03:14:17', '2022-12-26 23:54:08');
INSERT INTO `student` VALUES (445, '边巧风', '20201000444', '57c3cb70f14ca167abc6dc3bde5d1cd8', 'hXFkAGtHgP', NULL, '2022-12-11 03:14:17', '2022-12-26 23:54:08');
INSERT INTO `student` VALUES (446, '合利', '20201000445', '57c3cb70f14ca167abc6dc3bde5d1cd8', 'hXFkAGtHgP', NULL, '2022-12-11 03:14:17', '2022-12-26 23:54:08');
INSERT INTO `student` VALUES (447, '太史绿柳', '20201000446', '57c3cb70f14ca167abc6dc3bde5d1cd8', 'hXFkAGtHgP', NULL, '2022-12-11 03:14:17', '2022-12-26 23:54:08');
INSERT INTO `student` VALUES (448, '辜心', '20201000447', '57c3cb70f14ca167abc6dc3bde5d1cd8', 'hXFkAGtHgP', NULL, '2022-12-11 03:14:17', '2022-12-26 23:54:08');
INSERT INTO `student` VALUES (449, '忻孤菱', '20201000448', '57c3cb70f14ca167abc6dc3bde5d1cd8', 'hXFkAGtHgP', NULL, '2022-12-11 03:14:17', '2022-12-26 23:54:08');
INSERT INTO `student` VALUES (450, '占凡', '20201000449', '57c3cb70f14ca167abc6dc3bde5d1cd8', 'hXFkAGtHgP', NULL, '2022-12-11 03:14:17', '2022-12-26 23:54:08');
INSERT INTO `student` VALUES (451, '用闳丽', '20201000450', '57c3cb70f14ca167abc6dc3bde5d1cd8', 'hXFkAGtHgP', NULL, '2022-12-11 03:14:17', '2022-12-26 23:54:08');
INSERT INTO `student` VALUES (452, '尹驰婷', '20201000451', '57c3cb70f14ca167abc6dc3bde5d1cd8', 'hXFkAGtHgP', NULL, '2022-12-11 03:14:17', '2022-12-26 23:54:08');
INSERT INTO `student` VALUES (453, '沙春冬', '20201000452', '57c3cb70f14ca167abc6dc3bde5d1cd8', 'hXFkAGtHgP', NULL, '2022-12-11 03:14:17', '2022-12-26 23:54:08');
INSERT INTO `student` VALUES (454, '宣水蓝', '20201000453', '57c3cb70f14ca167abc6dc3bde5d1cd8', 'hXFkAGtHgP', NULL, '2022-12-11 03:14:17', '2022-12-26 23:54:08');
INSERT INTO `student` VALUES (455, '员飞珍', '20201000454', '57c3cb70f14ca167abc6dc3bde5d1cd8', 'hXFkAGtHgP', NULL, '2022-12-11 03:14:17', '2022-12-26 23:54:08');
INSERT INTO `student` VALUES (456, '汤经赋', '20201000455', '57c3cb70f14ca167abc6dc3bde5d1cd8', 'hXFkAGtHgP', NULL, '2022-12-11 03:14:17', '2022-12-26 23:54:08');
INSERT INTO `student` VALUES (457, '孙依霜', '20201000456', '57c3cb70f14ca167abc6dc3bde5d1cd8', 'hXFkAGtHgP', NULL, '2022-12-11 03:14:17', '2022-12-26 23:54:08');
INSERT INTO `student` VALUES (458, '资玉珂', '20201000457', '57c3cb70f14ca167abc6dc3bde5d1cd8', 'hXFkAGtHgP', NULL, '2022-12-11 03:14:17', '2022-12-26 23:54:08');
INSERT INTO `student` VALUES (459, '泰芳洲', '20201000458', '57c3cb70f14ca167abc6dc3bde5d1cd8', 'hXFkAGtHgP', NULL, '2022-12-11 03:14:17', '2022-12-26 23:54:08');
INSERT INTO `student` VALUES (460, '斋骏哲', '20201000459', '57c3cb70f14ca167abc6dc3bde5d1cd8', 'hXFkAGtHgP', NULL, '2022-12-11 03:14:17', '2022-12-26 23:54:08');
INSERT INTO `student` VALUES (461, '富察白容', '20201000460', '57c3cb70f14ca167abc6dc3bde5d1cd8', 'hXFkAGtHgP', NULL, '2022-12-11 03:14:17', '2022-12-26 23:54:08');
INSERT INTO `student` VALUES (462, '盛寒梅', '20201000461', '57c3cb70f14ca167abc6dc3bde5d1cd8', 'hXFkAGtHgP', NULL, '2022-12-11 03:14:17', '2022-12-26 23:54:08');
INSERT INTO `student` VALUES (463, '浮夏烟', '20201000462', '57c3cb70f14ca167abc6dc3bde5d1cd8', 'hXFkAGtHgP', NULL, '2022-12-11 03:14:17', '2022-12-26 23:54:08');
INSERT INTO `student` VALUES (464, '仪宜', '20201000463', '57c3cb70f14ca167abc6dc3bde5d1cd8', 'hXFkAGtHgP', NULL, '2022-12-11 03:14:17', '2022-12-26 23:54:08');
INSERT INTO `student` VALUES (465, '甫以柳', '20201000464', '57c3cb70f14ca167abc6dc3bde5d1cd8', 'hXFkAGtHgP', NULL, '2022-12-11 03:14:17', '2022-12-26 23:54:08');
INSERT INTO `student` VALUES (466, '郏苍', '20201000465', '57c3cb70f14ca167abc6dc3bde5d1cd8', 'hXFkAGtHgP', NULL, '2022-12-11 03:14:17', '2022-12-26 23:54:08');
INSERT INTO `student` VALUES (467, '乙若薇', '20201000466', '57c3cb70f14ca167abc6dc3bde5d1cd8', 'hXFkAGtHgP', NULL, '2022-12-11 03:14:17', '2022-12-26 23:54:08');
INSERT INTO `student` VALUES (468, '沃寄蓝', '20201000467', '57c3cb70f14ca167abc6dc3bde5d1cd8', 'hXFkAGtHgP', NULL, '2022-12-11 03:14:17', '2022-12-26 23:54:08');
INSERT INTO `student` VALUES (469, '凭静婉', '20201000468', '57c3cb70f14ca167abc6dc3bde5d1cd8', 'hXFkAGtHgP', NULL, '2022-12-11 03:14:17', '2022-12-26 23:54:08');
INSERT INTO `student` VALUES (470, '性笑寒', '20201000469', '57c3cb70f14ca167abc6dc3bde5d1cd8', 'hXFkAGtHgP', NULL, '2022-12-11 03:14:17', '2022-12-26 23:54:08');
INSERT INTO `student` VALUES (471, '剧良弼', '20201000470', '57c3cb70f14ca167abc6dc3bde5d1cd8', 'hXFkAGtHgP', NULL, '2022-12-11 03:14:18', '2022-12-26 23:54:08');
INSERT INTO `student` VALUES (472, '务凝绿', '20201000471', '57c3cb70f14ca167abc6dc3bde5d1cd8', 'hXFkAGtHgP', NULL, '2022-12-11 03:14:18', '2022-12-26 23:54:08');
INSERT INTO `student` VALUES (473, '霍梓蓓', '20201000472', '57c3cb70f14ca167abc6dc3bde5d1cd8', 'hXFkAGtHgP', NULL, '2022-12-11 03:14:18', '2022-12-26 23:54:08');
INSERT INTO `student` VALUES (474, '种新雪', '20201000473', '57c3cb70f14ca167abc6dc3bde5d1cd8', 'hXFkAGtHgP', NULL, '2022-12-11 03:14:18', '2022-12-26 23:54:08');
INSERT INTO `student` VALUES (475, '汝雨雪', '20201000474', '57c3cb70f14ca167abc6dc3bde5d1cd8', 'hXFkAGtHgP', NULL, '2022-12-11 03:14:18', '2022-12-26 23:54:08');
INSERT INTO `student` VALUES (476, '遇稷骞', '20201000475', '57c3cb70f14ca167abc6dc3bde5d1cd8', 'hXFkAGtHgP', NULL, '2022-12-11 03:14:18', '2022-12-26 23:54:08');
INSERT INTO `student` VALUES (477, '翠问薇', '20201000476', '57c3cb70f14ca167abc6dc3bde5d1cd8', 'hXFkAGtHgP', NULL, '2022-12-11 03:14:18', '2022-12-26 23:54:08');
INSERT INTO `student` VALUES (478, '奈骊美', '20201000477', '57c3cb70f14ca167abc6dc3bde5d1cd8', 'hXFkAGtHgP', NULL, '2022-12-11 03:14:18', '2022-12-26 23:54:08');
INSERT INTO `student` VALUES (479, '禾驰媛', '20201000478', '57c3cb70f14ca167abc6dc3bde5d1cd8', 'hXFkAGtHgP', NULL, '2022-12-11 03:14:18', '2022-12-26 23:54:08');
INSERT INTO `student` VALUES (480, '匡君昊', '20201000479', '57c3cb70f14ca167abc6dc3bde5d1cd8', 'hXFkAGtHgP', NULL, '2022-12-11 03:14:18', '2022-12-26 23:54:08');
INSERT INTO `student` VALUES (481, '抄佳思', '20201000480', '57c3cb70f14ca167abc6dc3bde5d1cd8', 'hXFkAGtHgP', NULL, '2022-12-11 03:14:18', '2022-12-26 23:54:08');
INSERT INTO `student` VALUES (482, '卿德惠', '20201000481', '57c3cb70f14ca167abc6dc3bde5d1cd8', 'hXFkAGtHgP', NULL, '2022-12-11 03:14:18', '2022-12-26 23:54:08');
INSERT INTO `student` VALUES (483, '郦年', '20201000482', '57c3cb70f14ca167abc6dc3bde5d1cd8', 'hXFkAGtHgP', NULL, '2022-12-11 03:14:18', '2022-12-26 23:54:08');
INSERT INTO `student` VALUES (484, '聂暄和', '20201000483', '57c3cb70f14ca167abc6dc3bde5d1cd8', 'hXFkAGtHgP', NULL, '2022-12-11 03:14:18', '2022-12-26 23:54:08');
INSERT INTO `student` VALUES (485, '丙捷', '20201000484', '57c3cb70f14ca167abc6dc3bde5d1cd8', 'hXFkAGtHgP', NULL, '2022-12-11 03:14:18', '2022-12-26 23:54:08');
INSERT INTO `student` VALUES (486, '是傲菡', '20201000485', '57c3cb70f14ca167abc6dc3bde5d1cd8', 'hXFkAGtHgP', NULL, '2022-12-11 03:14:18', '2022-12-26 23:54:08');
INSERT INTO `student` VALUES (487, '少半槐', '20201000486', '57c3cb70f14ca167abc6dc3bde5d1cd8', 'hXFkAGtHgP', NULL, '2022-12-11 03:14:18', '2022-12-26 23:54:08');
INSERT INTO `student` VALUES (488, '频文彬', '20201000487', '57c3cb70f14ca167abc6dc3bde5d1cd8', 'hXFkAGtHgP', NULL, '2022-12-11 03:14:18', '2022-12-26 23:54:08');
INSERT INTO `student` VALUES (489, '寻歌', '20201000488', '57c3cb70f14ca167abc6dc3bde5d1cd8', 'hXFkAGtHgP', NULL, '2022-12-11 03:14:18', '2022-12-26 23:54:08');
INSERT INTO `student` VALUES (490, '索然', '20201000489', '57c3cb70f14ca167abc6dc3bde5d1cd8', 'hXFkAGtHgP', NULL, '2022-12-11 03:14:18', '2022-12-26 23:54:08');
INSERT INTO `student` VALUES (491, '赫流惠', '20201000490', '57c3cb70f14ca167abc6dc3bde5d1cd8', 'hXFkAGtHgP', NULL, '2022-12-11 03:14:18', '2022-12-26 23:54:08');
INSERT INTO `student` VALUES (492, '郜朝旭', '20201000491', '57c3cb70f14ca167abc6dc3bde5d1cd8', 'hXFkAGtHgP', NULL, '2022-12-11 03:14:18', '2022-12-26 23:54:08');
INSERT INTO `student` VALUES (493, '吕梦菡', '20201000492', '57c3cb70f14ca167abc6dc3bde5d1cd8', 'hXFkAGtHgP', NULL, '2022-12-11 03:14:18', '2022-12-26 23:54:08');
INSERT INTO `student` VALUES (494, '骆语林', '20201000493', '57c3cb70f14ca167abc6dc3bde5d1cd8', 'hXFkAGtHgP', NULL, '2022-12-11 03:14:18', '2022-12-26 23:54:08');
INSERT INTO `student` VALUES (495, '妫沛凝', '20201000494', '57c3cb70f14ca167abc6dc3bde5d1cd8', 'hXFkAGtHgP', NULL, '2022-12-11 03:14:18', '2022-12-26 23:54:08');
INSERT INTO `student` VALUES (496, '凤源', '20201000495', '57c3cb70f14ca167abc6dc3bde5d1cd8', 'hXFkAGtHgP', NULL, '2022-12-11 03:14:18', '2022-12-26 23:54:08');
INSERT INTO `student` VALUES (497, '毕婉清', '20201000496', '57c3cb70f14ca167abc6dc3bde5d1cd8', 'hXFkAGtHgP', NULL, '2022-12-11 03:14:18', '2022-12-26 23:54:08');
INSERT INTO `student` VALUES (498, '荣夜雪', '20201000497', '57c3cb70f14ca167abc6dc3bde5d1cd8', 'hXFkAGtHgP', NULL, '2022-12-11 03:14:18', '2022-12-26 23:54:08');
INSERT INTO `student` VALUES (499, '郜朝旭', '20201000498', '57c3cb70f14ca167abc6dc3bde5d1cd8', 'hXFkAGtHgP', NULL, '2022-12-11 03:14:18', '2022-12-26 23:54:08');
INSERT INTO `student` VALUES (500, '谈天赋', '20201000499', '57c3cb70f14ca167abc6dc3bde5d1cd8', 'hXFkAGtHgP', NULL, '2022-12-11 03:14:18', '2022-12-26 23:54:08');
INSERT INTO `student` VALUES (501, '溥澎', '20201000500', '57c3cb70f14ca167abc6dc3bde5d1cd8', 'hXFkAGtHgP', NULL, '2022-12-11 03:14:18', '2022-12-26 23:54:08');
INSERT INTO `student` VALUES (502, '堵嘉音', '20201000501', '57c3cb70f14ca167abc6dc3bde5d1cd8', 'hXFkAGtHgP', NULL, '2022-12-11 03:14:18', '2022-12-26 23:54:08');
INSERT INTO `student` VALUES (503, '兰映冬', '20201000502', '57c3cb70f14ca167abc6dc3bde5d1cd8', 'hXFkAGtHgP', NULL, '2022-12-11 03:14:18', '2022-12-26 23:54:08');
INSERT INTO `student` VALUES (504, '羊舌宛丝', '20201000503', '57c3cb70f14ca167abc6dc3bde5d1cd8', 'hXFkAGtHgP', NULL, '2022-12-11 03:14:18', '2022-12-26 23:54:08');
INSERT INTO `student` VALUES (505, '水茂材', '20201000504', '57c3cb70f14ca167abc6dc3bde5d1cd8', 'hXFkAGtHgP', NULL, '2022-12-11 03:14:18', '2022-12-26 23:54:08');
INSERT INTO `student` VALUES (506, '针翰音', '20201000505', '57c3cb70f14ca167abc6dc3bde5d1cd8', 'hXFkAGtHgP', NULL, '2022-12-11 03:14:18', '2022-12-26 23:54:08');
INSERT INTO `student` VALUES (507, '舒思迪', '20201000506', '57c3cb70f14ca167abc6dc3bde5d1cd8', 'hXFkAGtHgP', NULL, '2022-12-11 03:14:18', '2022-12-26 23:54:08');
INSERT INTO `student` VALUES (508, '窦策', '20201000507', '57c3cb70f14ca167abc6dc3bde5d1cd8', 'hXFkAGtHgP', NULL, '2022-12-11 03:14:18', '2022-12-26 23:54:08');
INSERT INTO `student` VALUES (509, '尚夏真', '20201000508', '57c3cb70f14ca167abc6dc3bde5d1cd8', 'hXFkAGtHgP', NULL, '2022-12-11 03:14:18', '2022-12-26 23:54:08');
INSERT INTO `student` VALUES (510, '郜朝旭', '20201000509', '57c3cb70f14ca167abc6dc3bde5d1cd8', 'hXFkAGtHgP', NULL, '2022-12-11 03:14:18', '2022-12-26 23:54:08');
INSERT INTO `student` VALUES (511, '势彗', '20201000510', '57c3cb70f14ca167abc6dc3bde5d1cd8', 'hXFkAGtHgP', NULL, '2022-12-11 03:14:18', '2022-12-26 23:54:08');
INSERT INTO `student` VALUES (512, '颜昊磊', '20201000511', '57c3cb70f14ca167abc6dc3bde5d1cd8', 'hXFkAGtHgP', NULL, '2022-12-11 03:14:18', '2022-12-26 23:54:08');
INSERT INTO `student` VALUES (513, '贺书蝶', '20201000512', '57c3cb70f14ca167abc6dc3bde5d1cd8', 'hXFkAGtHgP', NULL, '2022-12-11 03:14:18', '2022-12-26 23:54:08');
INSERT INTO `student` VALUES (514, '尉迟梓涵', '20201000513', '57c3cb70f14ca167abc6dc3bde5d1cd8', 'hXFkAGtHgP', NULL, '2022-12-11 03:14:18', '2022-12-26 23:54:08');
INSERT INTO `student` VALUES (515, '虢白卉', '20201000514', '57c3cb70f14ca167abc6dc3bde5d1cd8', 'hXFkAGtHgP', NULL, '2022-12-11 03:14:18', '2022-12-26 23:54:08');
INSERT INTO `student` VALUES (516, '剧良弼', '20201000515', '57c3cb70f14ca167abc6dc3bde5d1cd8', 'hXFkAGtHgP', NULL, '2022-12-11 03:14:18', '2022-12-26 23:54:08');
INSERT INTO `student` VALUES (517, '己美', '20201000516', '57c3cb70f14ca167abc6dc3bde5d1cd8', 'hXFkAGtHgP', NULL, '2022-12-11 03:14:18', '2022-12-26 23:54:08');
INSERT INTO `student` VALUES (518, '赛霞月', '20201000517', '57c3cb70f14ca167abc6dc3bde5d1cd8', 'hXFkAGtHgP', NULL, '2022-12-11 03:14:18', '2022-12-26 23:54:08');
INSERT INTO `student` VALUES (519, '奇涵易', '20201000518', '57c3cb70f14ca167abc6dc3bde5d1cd8', 'hXFkAGtHgP', NULL, '2022-12-11 03:14:18', '2022-12-26 23:54:08');
INSERT INTO `student` VALUES (520, '富以晴', '20201000519', '57c3cb70f14ca167abc6dc3bde5d1cd8', 'hXFkAGtHgP', NULL, '2022-12-11 03:14:18', '2022-12-26 23:54:08');
INSERT INTO `student` VALUES (521, '焦博赡', '20201000520', '57c3cb70f14ca167abc6dc3bde5d1cd8', 'hXFkAGtHgP', NULL, '2022-12-11 03:14:18', '2022-12-26 23:54:08');
INSERT INTO `student` VALUES (522, '赖寅骏', '20201000521', '57c3cb70f14ca167abc6dc3bde5d1cd8', 'hXFkAGtHgP', NULL, '2022-12-11 03:14:18', '2022-12-26 23:54:08');
INSERT INTO `student` VALUES (523, '江念蕾', '20201000522', '57c3cb70f14ca167abc6dc3bde5d1cd8', 'hXFkAGtHgP', NULL, '2022-12-11 03:14:18', '2022-12-26 23:54:08');
INSERT INTO `student` VALUES (524, '肥希恩', '20201000523', '57c3cb70f14ca167abc6dc3bde5d1cd8', 'hXFkAGtHgP', NULL, '2022-12-11 03:14:18', '2022-12-26 23:54:08');
INSERT INTO `student` VALUES (525, '尹驰婷', '20201000524', '57c3cb70f14ca167abc6dc3bde5d1cd8', 'hXFkAGtHgP', NULL, '2022-12-11 03:14:18', '2022-12-26 23:54:08');
INSERT INTO `student` VALUES (526, '圣家美', '20201000525', '57c3cb70f14ca167abc6dc3bde5d1cd8', 'hXFkAGtHgP', NULL, '2022-12-11 03:14:18', '2022-12-26 23:54:08');
INSERT INTO `student` VALUES (527, '巫马旭辉', '20201000526', '57c3cb70f14ca167abc6dc3bde5d1cd8', 'hXFkAGtHgP', NULL, '2022-12-11 03:14:18', '2022-12-26 23:54:08');
INSERT INTO `student` VALUES (528, '大行', '20201000527', '57c3cb70f14ca167abc6dc3bde5d1cd8', 'hXFkAGtHgP', NULL, '2022-12-11 03:14:18', '2022-12-26 23:54:08');
INSERT INTO `student` VALUES (529, '西门越', '20201000528', '57c3cb70f14ca167abc6dc3bde5d1cd8', 'hXFkAGtHgP', NULL, '2022-12-11 03:14:18', '2022-12-26 23:54:08');
INSERT INTO `student` VALUES (530, '公天薇', '20201000529', '57c3cb70f14ca167abc6dc3bde5d1cd8', 'hXFkAGtHgP', NULL, '2022-12-11 03:14:18', '2022-12-26 23:54:08');
INSERT INTO `student` VALUES (531, '铎举', '20201000530', '57c3cb70f14ca167abc6dc3bde5d1cd8', 'hXFkAGtHgP', NULL, '2022-12-11 03:14:18', '2022-12-26 23:54:08');
INSERT INTO `student` VALUES (532, '钱泽惠', '20201000531', '57c3cb70f14ca167abc6dc3bde5d1cd8', 'hXFkAGtHgP', NULL, '2022-12-11 03:14:18', '2022-12-26 23:54:08');
INSERT INTO `student` VALUES (533, '冯开宇', '20201000532', '57c3cb70f14ca167abc6dc3bde5d1cd8', 'hXFkAGtHgP', NULL, '2022-12-11 03:14:18', '2022-12-26 23:54:08');
INSERT INTO `student` VALUES (534, '东门逸思', '20201000533', '57c3cb70f14ca167abc6dc3bde5d1cd8', 'hXFkAGtHgP', NULL, '2022-12-11 03:14:18', '2022-12-26 23:54:08');
INSERT INTO `student` VALUES (535, '滕灵安', '20201000534', '57c3cb70f14ca167abc6dc3bde5d1cd8', 'hXFkAGtHgP', NULL, '2022-12-11 03:14:18', '2022-12-26 23:54:08');
INSERT INTO `student` VALUES (536, '盛寒梅', '20201000535', '57c3cb70f14ca167abc6dc3bde5d1cd8', 'hXFkAGtHgP', NULL, '2022-12-11 03:14:18', '2022-12-26 23:54:08');
INSERT INTO `student` VALUES (537, '六子蕙', '20201000536', '57c3cb70f14ca167abc6dc3bde5d1cd8', 'hXFkAGtHgP', NULL, '2022-12-11 03:14:18', '2022-12-26 23:54:08');
INSERT INTO `student` VALUES (538, '公羊涵煦', '20201000537', '57c3cb70f14ca167abc6dc3bde5d1cd8', 'hXFkAGtHgP', NULL, '2022-12-11 03:14:18', '2022-12-26 23:54:08');
INSERT INTO `student` VALUES (539, '妫沛凝', '20201000538', '57c3cb70f14ca167abc6dc3bde5d1cd8', 'hXFkAGtHgP', NULL, '2022-12-11 03:14:18', '2022-12-26 23:54:08');
INSERT INTO `student` VALUES (540, '犁又亦', '20201000539', '57c3cb70f14ca167abc6dc3bde5d1cd8', 'hXFkAGtHgP', NULL, '2022-12-11 03:14:18', '2022-12-26 23:54:08');
INSERT INTO `student` VALUES (541, '光代容', '20201000540', '57c3cb70f14ca167abc6dc3bde5d1cd8', 'hXFkAGtHgP', NULL, '2022-12-11 03:14:18', '2022-12-26 23:54:08');
INSERT INTO `student` VALUES (542, '圣家美', '20201000541', '57c3cb70f14ca167abc6dc3bde5d1cd8', 'hXFkAGtHgP', NULL, '2022-12-11 03:14:18', '2022-12-26 23:54:08');
INSERT INTO `student` VALUES (543, '犹隽洁', '20201000542', '57c3cb70f14ca167abc6dc3bde5d1cd8', 'hXFkAGtHgP', NULL, '2022-12-11 03:14:18', '2022-12-26 23:54:08');
INSERT INTO `student` VALUES (544, '归乃', '20201000543', '57c3cb70f14ca167abc6dc3bde5d1cd8', 'hXFkAGtHgP', NULL, '2022-12-11 03:14:18', '2022-12-26 23:54:08');
INSERT INTO `student` VALUES (545, '左丘芳苓', '20201000544', '57c3cb70f14ca167abc6dc3bde5d1cd8', 'hXFkAGtHgP', NULL, '2022-12-11 03:14:18', '2022-12-26 23:54:08');
INSERT INTO `student` VALUES (546, '城南晴', '20201000545', '57c3cb70f14ca167abc6dc3bde5d1cd8', 'hXFkAGtHgP', NULL, '2022-12-11 03:14:18', '2022-12-26 23:54:08');
INSERT INTO `student` VALUES (547, '缑光济', '20201000546', '57c3cb70f14ca167abc6dc3bde5d1cd8', 'hXFkAGtHgP', NULL, '2022-12-11 03:14:18', '2022-12-26 23:54:08');
INSERT INTO `student` VALUES (548, '扶白容', '20201000547', '57c3cb70f14ca167abc6dc3bde5d1cd8', 'hXFkAGtHgP', NULL, '2022-12-11 03:14:18', '2022-12-26 23:54:08');
INSERT INTO `student` VALUES (549, '隋白秋', '20201000548', '57c3cb70f14ca167abc6dc3bde5d1cd8', 'hXFkAGtHgP', NULL, '2022-12-11 03:14:18', '2022-12-26 23:54:08');
INSERT INTO `student` VALUES (550, '苟以柳', '20201000549', '57c3cb70f14ca167abc6dc3bde5d1cd8', 'hXFkAGtHgP', NULL, '2022-12-11 03:14:18', '2022-12-26 23:54:08');
INSERT INTO `student` VALUES (551, '帛春梅', '20201000550', '57c3cb70f14ca167abc6dc3bde5d1cd8', 'hXFkAGtHgP', NULL, '2022-12-11 03:14:18', '2022-12-26 23:54:08');
INSERT INTO `student` VALUES (552, '枝陶', '20201000551', '57c3cb70f14ca167abc6dc3bde5d1cd8', 'hXFkAGtHgP', NULL, '2022-12-11 03:14:18', '2022-12-26 23:54:08');
INSERT INTO `student` VALUES (553, '亥群', '20201000552', '57c3cb70f14ca167abc6dc3bde5d1cd8', 'hXFkAGtHgP', NULL, '2022-12-11 03:14:18', '2022-12-26 23:54:08');
INSERT INTO `student` VALUES (554, '练嘉宝', '20201000553', '57c3cb70f14ca167abc6dc3bde5d1cd8', 'hXFkAGtHgP', NULL, '2022-12-11 03:14:18', '2022-12-26 23:54:08');
INSERT INTO `student` VALUES (555, '赫流惠', '20201000554', '57c3cb70f14ca167abc6dc3bde5d1cd8', 'hXFkAGtHgP', NULL, '2022-12-11 03:14:18', '2022-12-26 23:54:08');
INSERT INTO `student` VALUES (556, '但秋灵', '20201000555', '57c3cb70f14ca167abc6dc3bde5d1cd8', 'hXFkAGtHgP', NULL, '2022-12-11 03:14:18', '2022-12-26 23:54:08');
INSERT INTO `student` VALUES (557, '曾家', '20201000556', '57c3cb70f14ca167abc6dc3bde5d1cd8', 'hXFkAGtHgP', NULL, '2022-12-11 03:14:18', '2022-12-26 23:54:08');
INSERT INTO `student` VALUES (558, '钟子墨', '20201000557', '57c3cb70f14ca167abc6dc3bde5d1cd8', 'hXFkAGtHgP', NULL, '2022-12-11 03:14:18', '2022-12-26 23:54:08');
INSERT INTO `student` VALUES (559, '大行', '20201000558', '57c3cb70f14ca167abc6dc3bde5d1cd8', 'hXFkAGtHgP', NULL, '2022-12-11 03:14:18', '2022-12-26 23:54:08');
INSERT INTO `student` VALUES (560, '冷朝雨', '20201000559', '57c3cb70f14ca167abc6dc3bde5d1cd8', 'hXFkAGtHgP', NULL, '2022-12-11 03:14:18', '2022-12-26 23:54:08');
INSERT INTO `student` VALUES (561, '澄鸿煊', '20201000560', '57c3cb70f14ca167abc6dc3bde5d1cd8', 'hXFkAGtHgP', NULL, '2022-12-11 03:14:18', '2022-12-26 23:54:08');
INSERT INTO `student` VALUES (562, '闭志强', '20201000561', '57c3cb70f14ca167abc6dc3bde5d1cd8', 'hXFkAGtHgP', NULL, '2022-12-11 03:14:18', '2022-12-26 23:54:08');
INSERT INTO `student` VALUES (563, '告晓夏', '20201000562', '57c3cb70f14ca167abc6dc3bde5d1cd8', 'hXFkAGtHgP', NULL, '2022-12-11 03:14:18', '2022-12-26 23:54:08');
INSERT INTO `student` VALUES (564, '智樱花', '20201000563', '57c3cb70f14ca167abc6dc3bde5d1cd8', 'hXFkAGtHgP', NULL, '2022-12-11 03:14:18', '2022-12-26 23:54:08');
INSERT INTO `student` VALUES (565, '唐志诚', '20201000564', '57c3cb70f14ca167abc6dc3bde5d1cd8', 'hXFkAGtHgP', NULL, '2022-12-11 03:14:18', '2022-12-26 23:54:08');
INSERT INTO `student` VALUES (566, '滕灵安', '20201000565', '57c3cb70f14ca167abc6dc3bde5d1cd8', 'hXFkAGtHgP', NULL, '2022-12-11 03:14:18', '2022-12-26 23:54:08');
INSERT INTO `student` VALUES (567, '宫元瑶', '20201000566', '57c3cb70f14ca167abc6dc3bde5d1cd8', 'hXFkAGtHgP', NULL, '2022-12-11 03:14:18', '2022-12-26 23:54:08');
INSERT INTO `student` VALUES (568, '喻玲琳', '20201000567', '57c3cb70f14ca167abc6dc3bde5d1cd8', 'hXFkAGtHgP', NULL, '2022-12-11 03:14:18', '2022-12-26 23:54:08');
INSERT INTO `student` VALUES (569, '秦思柔', '20201000568', '57c3cb70f14ca167abc6dc3bde5d1cd8', 'hXFkAGtHgP', NULL, '2022-12-11 03:14:18', '2022-12-26 23:54:08');
INSERT INTO `student` VALUES (570, '蒋文敏', '20201000569', '57c3cb70f14ca167abc6dc3bde5d1cd8', 'hXFkAGtHgP', NULL, '2022-12-11 03:14:18', '2022-12-26 23:54:08');
INSERT INTO `student` VALUES (571, '马佳谷秋', '20201000570', '57c3cb70f14ca167abc6dc3bde5d1cd8', 'hXFkAGtHgP', NULL, '2022-12-11 03:14:18', '2022-12-26 23:54:08');
INSERT INTO `student` VALUES (572, '刘航', '20201000571', '57c3cb70f14ca167abc6dc3bde5d1cd8', 'hXFkAGtHgP', NULL, '2022-12-11 03:14:18', '2022-12-26 23:54:08');
INSERT INTO `student` VALUES (573, '但秋灵', '20201000572', '57c3cb70f14ca167abc6dc3bde5d1cd8', 'hXFkAGtHgP', NULL, '2022-12-11 03:14:18', '2022-12-26 23:54:08');
INSERT INTO `student` VALUES (574, '止姣姣', '20201000573', '57c3cb70f14ca167abc6dc3bde5d1cd8', 'hXFkAGtHgP', NULL, '2022-12-11 03:14:18', '2022-12-26 23:54:08');
INSERT INTO `student` VALUES (575, '水茂材', '20201000574', '57c3cb70f14ca167abc6dc3bde5d1cd8', 'hXFkAGtHgP', NULL, '2022-12-11 03:14:18', '2022-12-26 23:54:08');
INSERT INTO `student` VALUES (576, '良静槐', '20201000575', '57c3cb70f14ca167abc6dc3bde5d1cd8', 'hXFkAGtHgP', NULL, '2022-12-11 03:14:18', '2022-12-26 23:54:08');
INSERT INTO `student` VALUES (577, '宦赐', '20201000576', '57c3cb70f14ca167abc6dc3bde5d1cd8', 'hXFkAGtHgP', NULL, '2022-12-11 03:14:18', '2022-12-26 23:54:08');
INSERT INTO `student` VALUES (578, '顾经', '20201000577', '57c3cb70f14ca167abc6dc3bde5d1cd8', 'hXFkAGtHgP', NULL, '2022-12-11 03:14:18', '2022-12-26 23:54:08');
INSERT INTO `student` VALUES (579, '僧文宣', '20201000578', '57c3cb70f14ca167abc6dc3bde5d1cd8', 'hXFkAGtHgP', NULL, '2022-12-11 03:14:18', '2022-12-26 23:54:08');
INSERT INTO `student` VALUES (580, '买自怡', '20201000579', '57c3cb70f14ca167abc6dc3bde5d1cd8', 'hXFkAGtHgP', NULL, '2022-12-11 03:14:18', '2022-12-26 23:54:08');
INSERT INTO `student` VALUES (581, '边巧风', '20201000580', '57c3cb70f14ca167abc6dc3bde5d1cd8', 'hXFkAGtHgP', NULL, '2022-12-11 03:14:18', '2022-12-26 23:54:08');
INSERT INTO `student` VALUES (582, '薄念双', '20201000581', '57c3cb70f14ca167abc6dc3bde5d1cd8', 'hXFkAGtHgP', NULL, '2022-12-11 03:14:18', '2022-12-26 23:54:08');
INSERT INTO `student` VALUES (583, '荤纶', '20201000582', '57c3cb70f14ca167abc6dc3bde5d1cd8', 'hXFkAGtHgP', NULL, '2022-12-11 03:14:18', '2022-12-26 23:54:08');
INSERT INTO `student` VALUES (584, '赖寅骏', '20201000583', '57c3cb70f14ca167abc6dc3bde5d1cd8', 'hXFkAGtHgP', NULL, '2022-12-11 03:14:18', '2022-12-26 23:54:08');
INSERT INTO `student` VALUES (585, '况希彤', '20201000584', '57c3cb70f14ca167abc6dc3bde5d1cd8', 'hXFkAGtHgP', NULL, '2022-12-11 03:14:18', '2022-12-26 23:54:08');
INSERT INTO `student` VALUES (586, '南宫夏之', '20201000585', '57c3cb70f14ca167abc6dc3bde5d1cd8', 'hXFkAGtHgP', NULL, '2022-12-11 03:14:18', '2022-12-26 23:54:08');
INSERT INTO `student` VALUES (587, '栾宵', '20201000586', '57c3cb70f14ca167abc6dc3bde5d1cd8', 'hXFkAGtHgP', NULL, '2022-12-11 03:14:18', '2022-12-26 23:54:08');
INSERT INTO `student` VALUES (588, '方曼衍', '20201000587', '57c3cb70f14ca167abc6dc3bde5d1cd8', 'hXFkAGtHgP', NULL, '2022-12-11 03:14:18', '2022-12-26 23:54:08');
INSERT INTO `student` VALUES (589, '毋慕卉', '20201000588', '57c3cb70f14ca167abc6dc3bde5d1cd8', 'hXFkAGtHgP', NULL, '2022-12-11 03:14:18', '2022-12-26 23:54:08');
INSERT INTO `student` VALUES (590, '褒琨瑶', '20201000589', '57c3cb70f14ca167abc6dc3bde5d1cd8', 'hXFkAGtHgP', NULL, '2022-12-11 03:14:18', '2022-12-26 23:54:08');
INSERT INTO `student` VALUES (591, '子车碧灵', '20201000590', '57c3cb70f14ca167abc6dc3bde5d1cd8', 'hXFkAGtHgP', NULL, '2022-12-11 03:14:18', '2022-12-26 23:54:08');
INSERT INTO `student` VALUES (592, '薄念双', '20201000591', '57c3cb70f14ca167abc6dc3bde5d1cd8', 'hXFkAGtHgP', NULL, '2022-12-11 03:14:18', '2022-12-26 23:54:08');
INSERT INTO `student` VALUES (593, '贰浩气', '20201000592', '57c3cb70f14ca167abc6dc3bde5d1cd8', 'hXFkAGtHgP', NULL, '2022-12-11 03:14:18', '2022-12-26 23:54:08');
INSERT INTO `student` VALUES (594, '越望', '20201000593', '57c3cb70f14ca167abc6dc3bde5d1cd8', 'hXFkAGtHgP', NULL, '2022-12-11 03:14:18', '2022-12-26 23:54:08');
INSERT INTO `student` VALUES (595, '乘鸿福', '20201000594', '57c3cb70f14ca167abc6dc3bde5d1cd8', 'hXFkAGtHgP', NULL, '2022-12-11 03:14:18', '2022-12-26 23:54:08');
INSERT INTO `student` VALUES (596, '表高驰', '20201000595', '57c3cb70f14ca167abc6dc3bde5d1cd8', 'hXFkAGtHgP', NULL, '2022-12-11 03:14:18', '2022-12-26 23:54:08');
INSERT INTO `student` VALUES (597, '崔海瑶', '20201000596', '57c3cb70f14ca167abc6dc3bde5d1cd8', 'hXFkAGtHgP', NULL, '2022-12-11 03:14:18', '2022-12-26 23:54:08');
INSERT INTO `student` VALUES (598, '颛孙昊硕', '20201000597', '57c3cb70f14ca167abc6dc3bde5d1cd8', 'hXFkAGtHgP', NULL, '2022-12-11 03:14:18', '2022-12-26 23:54:08');
INSERT INTO `student` VALUES (599, '植初露', '20201000598', '57c3cb70f14ca167abc6dc3bde5d1cd8', 'hXFkAGtHgP', NULL, '2022-12-11 03:14:18', '2022-12-26 23:54:08');
INSERT INTO `student` VALUES (600, '剑歌韵', '20201000599', '57c3cb70f14ca167abc6dc3bde5d1cd8', 'hXFkAGtHgP', NULL, '2022-12-11 03:14:18', '2022-12-26 23:54:08');
INSERT INTO `student` VALUES (601, '程歌阑', '20201000600', '57c3cb70f14ca167abc6dc3bde5d1cd8', 'hXFkAGtHgP', NULL, '2022-12-11 03:14:18', '2022-12-26 23:54:08');
INSERT INTO `student` VALUES (602, '田依薇', '20201000601', '57c3cb70f14ca167abc6dc3bde5d1cd8', 'hXFkAGtHgP', NULL, '2022-12-11 03:14:18', '2022-12-26 23:54:08');
INSERT INTO `student` VALUES (603, '浑姿', '20201000602', '57c3cb70f14ca167abc6dc3bde5d1cd8', 'hXFkAGtHgP', NULL, '2022-12-11 03:14:18', '2022-12-26 23:54:08');
INSERT INTO `student` VALUES (604, '甘春翠', '20201000603', '57c3cb70f14ca167abc6dc3bde5d1cd8', 'hXFkAGtHgP', NULL, '2022-12-11 03:14:18', '2022-12-26 23:54:08');
INSERT INTO `student` VALUES (605, '蔡嘉美', '20201000604', '57c3cb70f14ca167abc6dc3bde5d1cd8', 'hXFkAGtHgP', NULL, '2022-12-11 03:14:18', '2022-12-26 23:54:08');
INSERT INTO `student` VALUES (606, '军惠美', '20201000605', '57c3cb70f14ca167abc6dc3bde5d1cd8', 'hXFkAGtHgP', NULL, '2022-12-11 03:14:18', '2022-12-26 23:54:08');
INSERT INTO `student` VALUES (607, '友笑晴', '20201000606', '57c3cb70f14ca167abc6dc3bde5d1cd8', 'hXFkAGtHgP', NULL, '2022-12-11 03:14:18', '2022-12-26 23:54:08');
INSERT INTO `student` VALUES (608, '费莫濮', '20201000607', '57c3cb70f14ca167abc6dc3bde5d1cd8', 'hXFkAGtHgP', NULL, '2022-12-11 03:14:18', '2022-12-26 23:54:08');
INSERT INTO `student` VALUES (609, '翁捷', '20201000608', '57c3cb70f14ca167abc6dc3bde5d1cd8', 'hXFkAGtHgP', NULL, '2022-12-11 03:14:18', '2022-12-26 23:54:08');
INSERT INTO `student` VALUES (610, '告晓夏', '20201000609', '57c3cb70f14ca167abc6dc3bde5d1cd8', 'hXFkAGtHgP', NULL, '2022-12-11 03:14:18', '2022-12-26 23:54:08');
INSERT INTO `student` VALUES (611, '国芮悦', '20201000610', '57c3cb70f14ca167abc6dc3bde5d1cd8', 'hXFkAGtHgP', NULL, '2022-12-11 03:14:18', '2022-12-26 23:54:08');
INSERT INTO `student` VALUES (612, '战晓彤', '20201000611', '57c3cb70f14ca167abc6dc3bde5d1cd8', 'hXFkAGtHgP', NULL, '2022-12-11 03:14:18', '2022-12-26 23:54:08');
INSERT INTO `student` VALUES (613, '贯娜兰', '20201000612', '57c3cb70f14ca167abc6dc3bde5d1cd8', 'hXFkAGtHgP', NULL, '2022-12-11 03:14:18', '2022-12-26 23:54:08');
INSERT INTO `student` VALUES (614, '铁念之', '20201000613', '57c3cb70f14ca167abc6dc3bde5d1cd8', 'hXFkAGtHgP', NULL, '2022-12-11 03:14:18', '2022-12-26 23:54:08');
INSERT INTO `student` VALUES (615, '桐山彤', '20201000614', '57c3cb70f14ca167abc6dc3bde5d1cd8', 'hXFkAGtHgP', NULL, '2022-12-11 03:14:18', '2022-12-26 23:54:08');
INSERT INTO `student` VALUES (616, '宿乐容', '20201000615', '57c3cb70f14ca167abc6dc3bde5d1cd8', 'hXFkAGtHgP', NULL, '2022-12-11 03:14:18', '2022-12-26 23:54:08');
INSERT INTO `student` VALUES (617, '闾丘迎夏', '20201000616', '57c3cb70f14ca167abc6dc3bde5d1cd8', 'hXFkAGtHgP', NULL, '2022-12-11 03:14:18', '2022-12-26 23:54:08');
INSERT INTO `student` VALUES (618, '芒湛娟', '20201000617', '57c3cb70f14ca167abc6dc3bde5d1cd8', 'hXFkAGtHgP', NULL, '2022-12-11 03:14:18', '2022-12-26 23:54:08');
INSERT INTO `student` VALUES (619, '操芷兰', '20201000618', '57c3cb70f14ca167abc6dc3bde5d1cd8', 'hXFkAGtHgP', NULL, '2022-12-11 03:14:18', '2022-12-26 23:54:08');
INSERT INTO `student` VALUES (620, '厉修为', '20201000619', '57c3cb70f14ca167abc6dc3bde5d1cd8', 'hXFkAGtHgP', NULL, '2022-12-11 03:14:18', '2022-12-26 23:54:08');
INSERT INTO `student` VALUES (621, '多莞然', '20201000620', '57c3cb70f14ca167abc6dc3bde5d1cd8', 'hXFkAGtHgP', NULL, '2022-12-11 03:14:18', '2022-12-26 23:54:08');
INSERT INTO `student` VALUES (622, '龚子骞', '20201000621', '57c3cb70f14ca167abc6dc3bde5d1cd8', 'hXFkAGtHgP', NULL, '2022-12-11 03:14:18', '2022-12-26 23:54:08');
INSERT INTO `student` VALUES (623, '琴绿蕊', '20201000622', '57c3cb70f14ca167abc6dc3bde5d1cd8', 'hXFkAGtHgP', NULL, '2022-12-11 03:14:18', '2022-12-26 23:54:08');
INSERT INTO `student` VALUES (624, '树鸿煊', '20201000623', '57c3cb70f14ca167abc6dc3bde5d1cd8', 'hXFkAGtHgP', NULL, '2022-12-11 03:14:18', '2022-12-26 23:54:08');
INSERT INTO `student` VALUES (625, '东广君', '20201000624', '57c3cb70f14ca167abc6dc3bde5d1cd8', 'hXFkAGtHgP', NULL, '2022-12-11 03:14:18', '2022-12-26 23:54:08');
INSERT INTO `student` VALUES (626, '尾章', '20201000625', '57c3cb70f14ca167abc6dc3bde5d1cd8', 'hXFkAGtHgP', NULL, '2022-12-11 03:14:18', '2022-12-26 23:54:08');
INSERT INTO `student` VALUES (627, '道承弼', '20201000626', '57c3cb70f14ca167abc6dc3bde5d1cd8', 'hXFkAGtHgP', NULL, '2022-12-11 03:14:18', '2022-12-26 23:54:08');
INSERT INTO `student` VALUES (628, '糜仪', '20201000627', '57c3cb70f14ca167abc6dc3bde5d1cd8', 'hXFkAGtHgP', NULL, '2022-12-11 03:14:18', '2022-12-26 23:54:08');
INSERT INTO `student` VALUES (629, '壬经国', '20201000628', '57c3cb70f14ca167abc6dc3bde5d1cd8', 'hXFkAGtHgP', NULL, '2022-12-11 03:14:18', '2022-12-26 23:54:08');
INSERT INTO `student` VALUES (630, '泥旋', '20201000629', '57c3cb70f14ca167abc6dc3bde5d1cd8', 'hXFkAGtHgP', NULL, '2022-12-11 03:14:18', '2022-12-26 23:54:08');
INSERT INTO `student` VALUES (631, '姬翰海', '20201000630', '57c3cb70f14ca167abc6dc3bde5d1cd8', 'hXFkAGtHgP', NULL, '2022-12-11 03:14:18', '2022-12-26 23:54:08');
INSERT INTO `student` VALUES (632, '支燕晨', '20201000631', '57c3cb70f14ca167abc6dc3bde5d1cd8', 'hXFkAGtHgP', NULL, '2022-12-11 03:14:18', '2022-12-26 23:54:08');
INSERT INTO `student` VALUES (633, '秦思柔', '20201000632', '57c3cb70f14ca167abc6dc3bde5d1cd8', 'hXFkAGtHgP', NULL, '2022-12-11 03:14:18', '2022-12-26 23:54:08');
INSERT INTO `student` VALUES (634, '褒琨瑶', '20201000633', '57c3cb70f14ca167abc6dc3bde5d1cd8', 'hXFkAGtHgP', NULL, '2022-12-11 03:14:18', '2022-12-26 23:54:08');
INSERT INTO `student` VALUES (635, '寻歌', '20201000634', '57c3cb70f14ca167abc6dc3bde5d1cd8', 'hXFkAGtHgP', NULL, '2022-12-11 03:14:18', '2022-12-26 23:54:08');
INSERT INTO `student` VALUES (636, '常忆南', '20201000635', '57c3cb70f14ca167abc6dc3bde5d1cd8', 'hXFkAGtHgP', NULL, '2022-12-11 03:14:18', '2022-12-26 23:54:08');
INSERT INTO `student` VALUES (637, '达弘义', '20201000636', '57c3cb70f14ca167abc6dc3bde5d1cd8', 'hXFkAGtHgP', NULL, '2022-12-11 03:14:18', '2022-12-26 23:54:08');
INSERT INTO `student` VALUES (638, '白巧春', '20201000637', '57c3cb70f14ca167abc6dc3bde5d1cd8', 'hXFkAGtHgP', NULL, '2022-12-11 03:14:18', '2022-12-26 23:54:08');
INSERT INTO `student` VALUES (639, '荆贞芳', '20201000638', '57c3cb70f14ca167abc6dc3bde5d1cd8', 'hXFkAGtHgP', NULL, '2022-12-11 03:14:18', '2022-12-26 23:54:08');
INSERT INTO `student` VALUES (640, '王禄', '20201000639', '57c3cb70f14ca167abc6dc3bde5d1cd8', 'hXFkAGtHgP', NULL, '2022-12-11 03:14:18', '2022-12-26 23:54:08');
INSERT INTO `student` VALUES (641, '覃雪枫', '20201000640', '57c3cb70f14ca167abc6dc3bde5d1cd8', 'hXFkAGtHgP', NULL, '2022-12-11 03:14:18', '2022-12-26 23:54:08');
INSERT INTO `student` VALUES (642, '曲茗', '20201000641', '57c3cb70f14ca167abc6dc3bde5d1cd8', 'hXFkAGtHgP', NULL, '2022-12-11 03:14:18', '2022-12-26 23:54:08');
INSERT INTO `student` VALUES (643, '性笑寒', '20201000642', '57c3cb70f14ca167abc6dc3bde5d1cd8', 'hXFkAGtHgP', NULL, '2022-12-11 03:14:18', '2022-12-26 23:54:08');
INSERT INTO `student` VALUES (644, '潮素昕', '20201000643', '57c3cb70f14ca167abc6dc3bde5d1cd8', 'hXFkAGtHgP', NULL, '2022-12-11 03:14:18', '2022-12-26 23:54:08');
INSERT INTO `student` VALUES (645, '随齐敏', '20201000644', '57c3cb70f14ca167abc6dc3bde5d1cd8', 'hXFkAGtHgP', NULL, '2022-12-11 03:14:18', '2022-12-26 23:54:08');
INSERT INTO `student` VALUES (646, '申屠茹雪', '20201000645', '57c3cb70f14ca167abc6dc3bde5d1cd8', 'hXFkAGtHgP', NULL, '2022-12-11 03:14:18', '2022-12-26 23:54:08');
INSERT INTO `student` VALUES (647, '鄂睿姿', '20201000646', '57c3cb70f14ca167abc6dc3bde5d1cd8', 'hXFkAGtHgP', NULL, '2022-12-11 03:14:18', '2022-12-26 23:54:08');
INSERT INTO `student` VALUES (648, '仇惜梦', '20201000647', '57c3cb70f14ca167abc6dc3bde5d1cd8', 'hXFkAGtHgP', NULL, '2022-12-11 03:14:18', '2022-12-26 23:54:08');
INSERT INTO `student` VALUES (649, '濮阳攸', '20201000648', '57c3cb70f14ca167abc6dc3bde5d1cd8', 'hXFkAGtHgP', NULL, '2022-12-11 03:14:18', '2022-12-26 23:54:08');
INSERT INTO `student` VALUES (650, '仪宜', '20201000649', '57c3cb70f14ca167abc6dc3bde5d1cd8', 'hXFkAGtHgP', NULL, '2022-12-11 03:14:18', '2022-12-26 23:54:08');
INSERT INTO `student` VALUES (651, '晁冰安', '20201000650', '57c3cb70f14ca167abc6dc3bde5d1cd8', 'hXFkAGtHgP', NULL, '2022-12-11 03:14:18', '2022-12-26 23:54:08');
INSERT INTO `student` VALUES (652, '淡高扬', '20201000651', '57c3cb70f14ca167abc6dc3bde5d1cd8', 'hXFkAGtHgP', NULL, '2022-12-11 03:14:18', '2022-12-26 23:54:08');
INSERT INTO `student` VALUES (653, '枚邈', '20201000652', '57c3cb70f14ca167abc6dc3bde5d1cd8', 'hXFkAGtHgP', NULL, '2022-12-11 03:14:18', '2022-12-26 23:54:08');
INSERT INTO `student` VALUES (654, '林妙晴', '20201000653', '57c3cb70f14ca167abc6dc3bde5d1cd8', 'hXFkAGtHgP', NULL, '2022-12-11 03:14:18', '2022-12-26 23:54:08');
INSERT INTO `student` VALUES (655, '董雁卉', '20201000654', '57c3cb70f14ca167abc6dc3bde5d1cd8', 'hXFkAGtHgP', NULL, '2022-12-11 03:14:18', '2022-12-26 23:54:08');
INSERT INTO `student` VALUES (656, '池淑慧', '20201000655', '57c3cb70f14ca167abc6dc3bde5d1cd8', 'hXFkAGtHgP', NULL, '2022-12-11 03:14:18', '2022-12-26 23:54:08');
INSERT INTO `student` VALUES (657, '妫沛凝', '20201000656', '57c3cb70f14ca167abc6dc3bde5d1cd8', 'hXFkAGtHgP', NULL, '2022-12-11 03:14:18', '2022-12-26 23:54:08');
INSERT INTO `student` VALUES (658, '长鸿朗', '20201000657', '57c3cb70f14ca167abc6dc3bde5d1cd8', 'hXFkAGtHgP', NULL, '2022-12-11 03:14:18', '2022-12-26 23:54:08');
INSERT INTO `student` VALUES (659, '窦策', '20201000658', '57c3cb70f14ca167abc6dc3bde5d1cd8', 'hXFkAGtHgP', NULL, '2022-12-11 03:14:18', '2022-12-26 23:54:08');
INSERT INTO `student` VALUES (660, '燕冰凡', '20201000659', '57c3cb70f14ca167abc6dc3bde5d1cd8', 'hXFkAGtHgP', NULL, '2022-12-11 03:14:18', '2022-12-26 23:54:08');
INSERT INTO `student` VALUES (661, '旅迈', '20201000660', '57c3cb70f14ca167abc6dc3bde5d1cd8', 'hXFkAGtHgP', NULL, '2022-12-11 03:14:18', '2022-12-26 23:54:08');
INSERT INTO `student` VALUES (662, '左曼珠', '20201000661', '57c3cb70f14ca167abc6dc3bde5d1cd8', 'hXFkAGtHgP', NULL, '2022-12-11 03:14:18', '2022-12-26 23:54:08');
INSERT INTO `student` VALUES (663, '颜昊磊', '20201000662', '57c3cb70f14ca167abc6dc3bde5d1cd8', 'hXFkAGtHgP', NULL, '2022-12-11 03:14:18', '2022-12-26 23:54:08');
INSERT INTO `student` VALUES (664, '兰映冬', '20201000663', '57c3cb70f14ca167abc6dc3bde5d1cd8', 'hXFkAGtHgP', NULL, '2022-12-11 03:14:18', '2022-12-26 23:54:08');
INSERT INTO `student` VALUES (665, '蔚家馨', '20201000664', '57c3cb70f14ca167abc6dc3bde5d1cd8', 'hXFkAGtHgP', NULL, '2022-12-11 03:14:18', '2022-12-26 23:54:08');
INSERT INTO `student` VALUES (666, '酒晓莉', '20201000665', '57c3cb70f14ca167abc6dc3bde5d1cd8', 'hXFkAGtHgP', NULL, '2022-12-11 03:14:18', '2022-12-26 23:54:08');
INSERT INTO `student` VALUES (667, '公西浩穰', '20201000666', '57c3cb70f14ca167abc6dc3bde5d1cd8', 'hXFkAGtHgP', NULL, '2022-12-11 03:14:18', '2022-12-26 23:54:08');
INSERT INTO `student` VALUES (668, '畅易云', '20201000667', '57c3cb70f14ca167abc6dc3bde5d1cd8', 'hXFkAGtHgP', NULL, '2022-12-11 03:14:18', '2022-12-26 23:54:08');
INSERT INTO `student` VALUES (669, '敏萱彤', '20201000668', '57c3cb70f14ca167abc6dc3bde5d1cd8', 'hXFkAGtHgP', NULL, '2022-12-11 03:14:18', '2022-12-26 23:54:08');
INSERT INTO `student` VALUES (670, '竭鸿振', '20201000669', '57c3cb70f14ca167abc6dc3bde5d1cd8', 'hXFkAGtHgP', NULL, '2022-12-11 03:14:18', '2022-12-26 23:54:08');
INSERT INTO `student` VALUES (671, '潮素昕', '20201000670', '57c3cb70f14ca167abc6dc3bde5d1cd8', 'hXFkAGtHgP', NULL, '2022-12-11 03:14:19', '2022-12-26 23:54:08');
INSERT INTO `student` VALUES (672, '表高驰', '20201000671', '57c3cb70f14ca167abc6dc3bde5d1cd8', 'hXFkAGtHgP', NULL, '2022-12-11 03:14:19', '2022-12-26 23:54:08');
INSERT INTO `student` VALUES (673, '集平惠', '20201000672', '57c3cb70f14ca167abc6dc3bde5d1cd8', 'hXFkAGtHgP', NULL, '2022-12-11 03:14:19', '2022-12-26 23:54:08');
INSERT INTO `student` VALUES (674, '刑鸿熙', '20201000673', '57c3cb70f14ca167abc6dc3bde5d1cd8', 'hXFkAGtHgP', NULL, '2022-12-11 03:14:19', '2022-12-26 23:54:08');
INSERT INTO `student` VALUES (675, '贾清霁', '20201000674', '57c3cb70f14ca167abc6dc3bde5d1cd8', 'hXFkAGtHgP', NULL, '2022-12-11 03:14:19', '2022-12-26 23:54:08');
INSERT INTO `student` VALUES (676, '仉高爽', '20201000675', '57c3cb70f14ca167abc6dc3bde5d1cd8', 'hXFkAGtHgP', NULL, '2022-12-11 03:14:19', '2022-12-26 23:54:08');
INSERT INTO `student` VALUES (677, '应秀妮', '20201000676', '57c3cb70f14ca167abc6dc3bde5d1cd8', 'hXFkAGtHgP', NULL, '2022-12-11 03:14:19', '2022-12-26 23:54:08');
INSERT INTO `student` VALUES (678, '钟离紫杉', '20201000677', '57c3cb70f14ca167abc6dc3bde5d1cd8', 'hXFkAGtHgP', NULL, '2022-12-11 03:14:19', '2022-12-26 23:54:08');
INSERT INTO `student` VALUES (679, '宛静姝', '20201000678', '57c3cb70f14ca167abc6dc3bde5d1cd8', 'hXFkAGtHgP', NULL, '2022-12-11 03:14:19', '2022-12-26 23:54:08');
INSERT INTO `student` VALUES (680, '费鸿福', '20201000679', '57c3cb70f14ca167abc6dc3bde5d1cd8', 'hXFkAGtHgP', NULL, '2022-12-11 03:14:19', '2022-12-26 23:54:08');
INSERT INTO `student` VALUES (681, '寒尔雅', '20201000680', '57c3cb70f14ca167abc6dc3bde5d1cd8', 'hXFkAGtHgP', NULL, '2022-12-11 03:14:19', '2022-12-26 23:54:08');
INSERT INTO `student` VALUES (682, '茹通', '20201000681', '57c3cb70f14ca167abc6dc3bde5d1cd8', 'hXFkAGtHgP', NULL, '2022-12-11 03:14:19', '2022-12-26 23:54:08');
INSERT INTO `student` VALUES (683, '纳雅柏', '20201000682', '57c3cb70f14ca167abc6dc3bde5d1cd8', 'hXFkAGtHgP', NULL, '2022-12-11 03:14:19', '2022-12-26 23:54:08');
INSERT INTO `student` VALUES (684, '花天蓉', '20201000683', '57c3cb70f14ca167abc6dc3bde5d1cd8', 'hXFkAGtHgP', NULL, '2022-12-11 03:14:19', '2022-12-26 23:54:08');
INSERT INTO `student` VALUES (685, '伯忻然', '20201000684', '57c3cb70f14ca167abc6dc3bde5d1cd8', 'hXFkAGtHgP', NULL, '2022-12-11 03:14:19', '2022-12-26 23:54:08');
INSERT INTO `student` VALUES (686, '卿德惠', '20201000685', '57c3cb70f14ca167abc6dc3bde5d1cd8', 'hXFkAGtHgP', NULL, '2022-12-11 03:14:19', '2022-12-26 23:54:08');
INSERT INTO `student` VALUES (687, '苑绍钧', '20201000686', '57c3cb70f14ca167abc6dc3bde5d1cd8', 'hXFkAGtHgP', NULL, '2022-12-11 03:14:19', '2022-12-26 23:54:08');
INSERT INTO `student` VALUES (688, '休玉环', '20201000687', '57c3cb70f14ca167abc6dc3bde5d1cd8', 'hXFkAGtHgP', NULL, '2022-12-11 03:14:19', '2022-12-26 23:54:08');
INSERT INTO `student` VALUES (689, '斯傲冬', '20201000688', '57c3cb70f14ca167abc6dc3bde5d1cd8', 'hXFkAGtHgP', NULL, '2022-12-11 03:14:19', '2022-12-26 23:54:08');
INSERT INTO `student` VALUES (690, '暴青雪', '20201000689', '57c3cb70f14ca167abc6dc3bde5d1cd8', 'hXFkAGtHgP', NULL, '2022-12-11 03:14:19', '2022-12-26 23:54:08');
INSERT INTO `student` VALUES (691, '德新月', '20201000690', '57c3cb70f14ca167abc6dc3bde5d1cd8', 'hXFkAGtHgP', NULL, '2022-12-11 03:14:19', '2022-12-26 23:54:08');
INSERT INTO `student` VALUES (692, '瑞承天', '20201000691', '57c3cb70f14ca167abc6dc3bde5d1cd8', 'hXFkAGtHgP', NULL, '2022-12-11 03:14:19', '2022-12-26 23:54:08');
INSERT INTO `student` VALUES (693, '斛熙华', '20201000692', '57c3cb70f14ca167abc6dc3bde5d1cd8', 'hXFkAGtHgP', NULL, '2022-12-11 03:14:19', '2022-12-26 23:54:08');
INSERT INTO `student` VALUES (694, '程歌阑', '20201000693', '57c3cb70f14ca167abc6dc3bde5d1cd8', 'hXFkAGtHgP', NULL, '2022-12-11 03:14:19', '2022-12-26 23:54:08');
INSERT INTO `student` VALUES (695, '缪念霜', '20201000694', '57c3cb70f14ca167abc6dc3bde5d1cd8', 'hXFkAGtHgP', NULL, '2022-12-11 03:14:19', '2022-12-26 23:54:08');
INSERT INTO `student` VALUES (696, '栗雅宁', '20201000695', '57c3cb70f14ca167abc6dc3bde5d1cd8', 'hXFkAGtHgP', NULL, '2022-12-11 03:14:19', '2022-12-26 23:54:08');
INSERT INTO `student` VALUES (697, '卢欣可', '20201000696', '57c3cb70f14ca167abc6dc3bde5d1cd8', 'hXFkAGtHgP', NULL, '2022-12-11 03:14:19', '2022-12-26 23:54:08');
INSERT INTO `student` VALUES (698, '暨醉卉', '20201000697', '57c3cb70f14ca167abc6dc3bde5d1cd8', 'hXFkAGtHgP', NULL, '2022-12-11 03:14:19', '2022-12-26 23:54:08');
INSERT INTO `student` VALUES (699, '靳永嘉', '20201000698', '57c3cb70f14ca167abc6dc3bde5d1cd8', 'hXFkAGtHgP', NULL, '2022-12-11 03:14:19', '2022-12-26 23:54:08');
INSERT INTO `student` VALUES (700, '岑映天', '20201000699', '57c3cb70f14ca167abc6dc3bde5d1cd8', 'hXFkAGtHgP', NULL, '2022-12-11 03:14:19', '2022-12-26 23:54:08');
INSERT INTO `student` VALUES (701, '斋骏哲', '20201000700', '57c3cb70f14ca167abc6dc3bde5d1cd8', 'hXFkAGtHgP', NULL, '2022-12-11 03:14:19', '2022-12-26 23:54:08');
INSERT INTO `student` VALUES (702, '辜心', '20201000701', '57c3cb70f14ca167abc6dc3bde5d1cd8', 'hXFkAGtHgP', NULL, '2022-12-11 03:14:19', '2022-12-26 23:54:08');
INSERT INTO `student` VALUES (703, '曾家', '20201000702', '57c3cb70f14ca167abc6dc3bde5d1cd8', 'hXFkAGtHgP', NULL, '2022-12-11 03:14:19', '2022-12-26 23:54:08');
INSERT INTO `student` VALUES (704, '符浩岚', '20201000703', '57c3cb70f14ca167abc6dc3bde5d1cd8', 'hXFkAGtHgP', NULL, '2022-12-11 03:14:19', '2022-12-26 23:54:08');
INSERT INTO `student` VALUES (705, '褚吉', '20201000704', '57c3cb70f14ca167abc6dc3bde5d1cd8', 'hXFkAGtHgP', NULL, '2022-12-11 03:14:19', '2022-12-26 23:54:08');
INSERT INTO `student` VALUES (706, '邝素昕', '20201000705', '57c3cb70f14ca167abc6dc3bde5d1cd8', 'hXFkAGtHgP', NULL, '2022-12-11 03:14:19', '2022-12-26 23:54:08');
INSERT INTO `student` VALUES (707, '伊津', '20201000706', '57c3cb70f14ca167abc6dc3bde5d1cd8', 'hXFkAGtHgP', NULL, '2022-12-11 03:14:19', '2022-12-26 23:54:08');
INSERT INTO `student` VALUES (708, '石元思', '20201000707', '57c3cb70f14ca167abc6dc3bde5d1cd8', 'hXFkAGtHgP', NULL, '2022-12-11 03:14:19', '2022-12-26 23:54:08');
INSERT INTO `student` VALUES (709, '脱寻芳', '20201000708', '57c3cb70f14ca167abc6dc3bde5d1cd8', 'hXFkAGtHgP', NULL, '2022-12-11 03:14:19', '2022-12-26 23:54:08');
INSERT INTO `student` VALUES (710, '唐志诚', '20201000709', '57c3cb70f14ca167abc6dc3bde5d1cd8', 'hXFkAGtHgP', NULL, '2022-12-11 03:14:19', '2022-12-26 23:54:08');
INSERT INTO `student` VALUES (711, '纳雅柏', '20201000710', '57c3cb70f14ca167abc6dc3bde5d1cd8', 'hXFkAGtHgP', NULL, '2022-12-11 03:14:19', '2022-12-26 23:54:08');
INSERT INTO `student` VALUES (712, '那拉梦香', '20201000711', '57c3cb70f14ca167abc6dc3bde5d1cd8', 'hXFkAGtHgP', NULL, '2022-12-11 03:14:19', '2022-12-26 23:54:08');
INSERT INTO `student` VALUES (713, '艾芮优', '20201000712', '57c3cb70f14ca167abc6dc3bde5d1cd8', 'hXFkAGtHgP', NULL, '2022-12-11 03:14:19', '2022-12-26 23:54:08');
INSERT INTO `student` VALUES (714, '卓怜南', '20201000713', '57c3cb70f14ca167abc6dc3bde5d1cd8', 'hXFkAGtHgP', NULL, '2022-12-11 03:14:19', '2022-12-26 23:54:08');
INSERT INTO `student` VALUES (715, '己美', '20201000714', '57c3cb70f14ca167abc6dc3bde5d1cd8', 'hXFkAGtHgP', NULL, '2022-12-11 03:14:19', '2022-12-26 23:54:08');
INSERT INTO `student` VALUES (716, '茹通', '20201000715', '57c3cb70f14ca167abc6dc3bde5d1cd8', 'hXFkAGtHgP', NULL, '2022-12-11 03:14:19', '2022-12-26 23:54:08');
INSERT INTO `student` VALUES (717, '熊浓', '20201000716', '57c3cb70f14ca167abc6dc3bde5d1cd8', 'hXFkAGtHgP', NULL, '2022-12-11 03:14:19', '2022-12-26 23:54:08');
INSERT INTO `student` VALUES (718, '栾宵', '20201000717', '57c3cb70f14ca167abc6dc3bde5d1cd8', 'hXFkAGtHgP', NULL, '2022-12-11 03:14:19', '2022-12-26 23:54:08');
INSERT INTO `student` VALUES (719, '由冷霜', '20201000718', '57c3cb70f14ca167abc6dc3bde5d1cd8', 'hXFkAGtHgP', NULL, '2022-12-11 03:14:19', '2022-12-26 23:54:08');
INSERT INTO `student` VALUES (720, '蓬博达', '20201000719', '57c3cb70f14ca167abc6dc3bde5d1cd8', 'hXFkAGtHgP', NULL, '2022-12-11 03:14:19', '2022-12-26 23:54:08');
INSERT INTO `student` VALUES (721, '扬秋白', '20201000720', '57c3cb70f14ca167abc6dc3bde5d1cd8', 'hXFkAGtHgP', NULL, '2022-12-11 03:14:19', '2022-12-26 23:54:08');
INSERT INTO `student` VALUES (722, '历玟玉', '20201000721', '57c3cb70f14ca167abc6dc3bde5d1cd8', 'hXFkAGtHgP', NULL, '2022-12-11 03:14:19', '2022-12-26 23:54:08');
INSERT INTO `student` VALUES (723, '羿文茵', '20201000722', '57c3cb70f14ca167abc6dc3bde5d1cd8', 'hXFkAGtHgP', NULL, '2022-12-11 03:14:19', '2022-12-26 23:54:08');
INSERT INTO `student` VALUES (724, '羽忆丹', '20201000723', '57c3cb70f14ca167abc6dc3bde5d1cd8', 'hXFkAGtHgP', NULL, '2022-12-11 03:14:19', '2022-12-26 23:54:08');
INSERT INTO `student` VALUES (725, '业婉清', '20201000724', '57c3cb70f14ca167abc6dc3bde5d1cd8', 'hXFkAGtHgP', NULL, '2022-12-11 03:14:19', '2022-12-26 23:54:08');
INSERT INTO `student` VALUES (726, '计秋', '20201000725', '57c3cb70f14ca167abc6dc3bde5d1cd8', 'hXFkAGtHgP', NULL, '2022-12-11 03:14:19', '2022-12-26 23:54:08');
INSERT INTO `student` VALUES (727, '容诗丹', '20201000726', '57c3cb70f14ca167abc6dc3bde5d1cd8', 'hXFkAGtHgP', NULL, '2022-12-11 03:14:19', '2022-12-26 23:54:08');
INSERT INTO `student` VALUES (728, '革弘文', '20201000727', '57c3cb70f14ca167abc6dc3bde5d1cd8', 'hXFkAGtHgP', NULL, '2022-12-11 03:14:19', '2022-12-26 23:54:08');
INSERT INTO `student` VALUES (729, '水茂材', '20201000728', '57c3cb70f14ca167abc6dc3bde5d1cd8', 'hXFkAGtHgP', NULL, '2022-12-11 03:14:19', '2022-12-26 23:54:08');
INSERT INTO `student` VALUES (730, '和暄妍', '20201000729', '57c3cb70f14ca167abc6dc3bde5d1cd8', 'hXFkAGtHgP', NULL, '2022-12-11 03:14:19', '2022-12-26 23:54:08');
INSERT INTO `student` VALUES (731, '霜璇珠', '20201000730', '57c3cb70f14ca167abc6dc3bde5d1cd8', 'hXFkAGtHgP', NULL, '2022-12-11 03:14:19', '2022-12-26 23:54:08');
INSERT INTO `student` VALUES (732, '孝翠梅', '20201000731', '57c3cb70f14ca167abc6dc3bde5d1cd8', 'hXFkAGtHgP', NULL, '2022-12-11 03:14:19', '2022-12-26 23:54:08');
INSERT INTO `student` VALUES (733, '公西浩穰', '20201000732', '57c3cb70f14ca167abc6dc3bde5d1cd8', 'hXFkAGtHgP', NULL, '2022-12-11 03:14:19', '2022-12-26 23:54:08');
INSERT INTO `student` VALUES (734, '刀绍元', '20201000733', '57c3cb70f14ca167abc6dc3bde5d1cd8', 'hXFkAGtHgP', NULL, '2022-12-11 03:14:19', '2022-12-26 23:54:08');
INSERT INTO `student` VALUES (735, '尤恨真', '20201000734', '57c3cb70f14ca167abc6dc3bde5d1cd8', 'hXFkAGtHgP', NULL, '2022-12-11 03:14:19', '2022-12-26 23:54:08');
INSERT INTO `student` VALUES (736, '大行', '20201000735', '57c3cb70f14ca167abc6dc3bde5d1cd8', 'hXFkAGtHgP', NULL, '2022-12-11 03:14:19', '2022-12-26 23:54:08');
INSERT INTO `student` VALUES (737, '贺书蝶', '20201000736', '57c3cb70f14ca167abc6dc3bde5d1cd8', 'hXFkAGtHgP', NULL, '2022-12-11 03:14:19', '2022-12-26 23:54:08');
INSERT INTO `student` VALUES (738, '席璇子', '20201000737', '57c3cb70f14ca167abc6dc3bde5d1cd8', 'hXFkAGtHgP', NULL, '2022-12-11 03:14:19', '2022-12-26 23:54:08');
INSERT INTO `student` VALUES (739, '焦博赡', '20201000738', '57c3cb70f14ca167abc6dc3bde5d1cd8', 'hXFkAGtHgP', NULL, '2022-12-11 03:14:19', '2022-12-26 23:54:08');
INSERT INTO `student` VALUES (740, '力婉秀', '20201000739', '57c3cb70f14ca167abc6dc3bde5d1cd8', 'hXFkAGtHgP', NULL, '2022-12-11 03:14:19', '2022-12-26 23:54:08');
INSERT INTO `student` VALUES (741, '汪寄文', '20201000740', '57c3cb70f14ca167abc6dc3bde5d1cd8', 'hXFkAGtHgP', NULL, '2022-12-11 03:14:19', '2022-12-26 23:54:08');
INSERT INTO `student` VALUES (742, '家香薇', '20201000741', '57c3cb70f14ca167abc6dc3bde5d1cd8', 'hXFkAGtHgP', NULL, '2022-12-11 03:14:19', '2022-12-26 23:54:08');
INSERT INTO `student` VALUES (743, '环拔', '20201000742', '57c3cb70f14ca167abc6dc3bde5d1cd8', 'hXFkAGtHgP', NULL, '2022-12-11 03:14:19', '2022-12-26 23:54:08');
INSERT INTO `student` VALUES (744, '律觅翠', '20201000743', '57c3cb70f14ca167abc6dc3bde5d1cd8', 'hXFkAGtHgP', NULL, '2022-12-11 03:14:19', '2022-12-26 23:54:08');
INSERT INTO `student` VALUES (745, '庆灵凡', '20201000744', '57c3cb70f14ca167abc6dc3bde5d1cd8', 'hXFkAGtHgP', NULL, '2022-12-11 03:14:19', '2022-12-26 23:54:08');
INSERT INTO `student` VALUES (746, '申屠茹雪', '20201000745', '57c3cb70f14ca167abc6dc3bde5d1cd8', 'hXFkAGtHgP', NULL, '2022-12-11 03:14:19', '2022-12-26 23:54:08');
INSERT INTO `student` VALUES (747, '褒琨瑶', '20201000746', '57c3cb70f14ca167abc6dc3bde5d1cd8', 'hXFkAGtHgP', NULL, '2022-12-11 03:14:19', '2022-12-26 23:54:08');
INSERT INTO `student` VALUES (748, '蓬博达', '20201000747', '57c3cb70f14ca167abc6dc3bde5d1cd8', 'hXFkAGtHgP', NULL, '2022-12-11 03:14:19', '2022-12-26 23:54:08');
INSERT INTO `student` VALUES (749, '行醉蝶', '20201000748', '57c3cb70f14ca167abc6dc3bde5d1cd8', 'hXFkAGtHgP', NULL, '2022-12-11 03:14:19', '2022-12-26 23:54:08');
INSERT INTO `student` VALUES (750, '邴宵月', '20201000749', '57c3cb70f14ca167abc6dc3bde5d1cd8', 'hXFkAGtHgP', NULL, '2022-12-11 03:14:19', '2022-12-26 23:54:08');
INSERT INTO `student` VALUES (751, '线正阳', '20201000750', '57c3cb70f14ca167abc6dc3bde5d1cd8', 'hXFkAGtHgP', NULL, '2022-12-11 03:14:19', '2022-12-26 23:54:08');
INSERT INTO `student` VALUES (752, '伏嘉运', '20201000751', '57c3cb70f14ca167abc6dc3bde5d1cd8', 'hXFkAGtHgP', NULL, '2022-12-11 03:14:19', '2022-12-26 23:54:08');
INSERT INTO `student` VALUES (753, '奉清晖', '20201000752', '57c3cb70f14ca167abc6dc3bde5d1cd8', 'hXFkAGtHgP', NULL, '2022-12-11 03:14:19', '2022-12-26 23:54:08');
INSERT INTO `student` VALUES (754, '本梅雪', '20201000753', '57c3cb70f14ca167abc6dc3bde5d1cd8', 'hXFkAGtHgP', NULL, '2022-12-11 03:14:19', '2022-12-26 23:54:08');
INSERT INTO `student` VALUES (755, '肖凡白', '20201000754', '57c3cb70f14ca167abc6dc3bde5d1cd8', 'hXFkAGtHgP', NULL, '2022-12-11 03:14:19', '2022-12-26 23:54:08');
INSERT INTO `student` VALUES (756, '霍梓蓓', '20201000755', '57c3cb70f14ca167abc6dc3bde5d1cd8', 'hXFkAGtHgP', NULL, '2022-12-11 03:14:19', '2022-12-26 23:54:08');
INSERT INTO `student` VALUES (757, '抗慧秀', '20201000756', '57c3cb70f14ca167abc6dc3bde5d1cd8', 'hXFkAGtHgP', NULL, '2022-12-11 03:14:19', '2022-12-26 23:54:08');
INSERT INTO `student` VALUES (758, '勤沙羽', '20201000757', '57c3cb70f14ca167abc6dc3bde5d1cd8', 'hXFkAGtHgP', NULL, '2022-12-11 03:14:19', '2022-12-26 23:54:08');
INSERT INTO `student` VALUES (759, '虞寄容', '20201000758', '57c3cb70f14ca167abc6dc3bde5d1cd8', 'hXFkAGtHgP', NULL, '2022-12-11 03:14:19', '2022-12-26 23:54:08');
INSERT INTO `student` VALUES (760, '靳永嘉', '20201000759', '57c3cb70f14ca167abc6dc3bde5d1cd8', 'hXFkAGtHgP', NULL, '2022-12-11 03:14:19', '2022-12-26 23:54:08');
INSERT INTO `student` VALUES (761, '麻高旻', '20201000760', '57c3cb70f14ca167abc6dc3bde5d1cd8', 'hXFkAGtHgP', NULL, '2022-12-11 03:14:19', '2022-12-26 23:54:08');
INSERT INTO `student` VALUES (762, '步和平', '20201000761', '57c3cb70f14ca167abc6dc3bde5d1cd8', 'hXFkAGtHgP', NULL, '2022-12-11 03:14:19', '2022-12-26 23:54:08');
INSERT INTO `student` VALUES (763, '叔从蕾', '20201000762', '57c3cb70f14ca167abc6dc3bde5d1cd8', 'hXFkAGtHgP', NULL, '2022-12-11 03:14:19', '2022-12-26 23:54:08');
INSERT INTO `student` VALUES (764, '迮幻香', '20201000763', '57c3cb70f14ca167abc6dc3bde5d1cd8', 'hXFkAGtHgP', NULL, '2022-12-11 03:14:19', '2022-12-26 23:54:08');
INSERT INTO `student` VALUES (765, '成雅蕊', '20201000764', '57c3cb70f14ca167abc6dc3bde5d1cd8', 'hXFkAGtHgP', NULL, '2022-12-11 03:14:19', '2022-12-26 23:54:08');
INSERT INTO `student` VALUES (766, '昔素', '20201000765', '57c3cb70f14ca167abc6dc3bde5d1cd8', 'hXFkAGtHgP', NULL, '2022-12-11 03:14:19', '2022-12-26 23:54:08');
INSERT INTO `student` VALUES (767, '兰映冬', '20201000766', '57c3cb70f14ca167abc6dc3bde5d1cd8', 'hXFkAGtHgP', NULL, '2022-12-11 03:14:19', '2022-12-26 23:54:08');
INSERT INTO `student` VALUES (768, '牧修平', '20201000767', '57c3cb70f14ca167abc6dc3bde5d1cd8', 'hXFkAGtHgP', NULL, '2022-12-11 03:14:19', '2022-12-26 23:54:08');
INSERT INTO `student` VALUES (769, '撒傲丝', '20201000768', '57c3cb70f14ca167abc6dc3bde5d1cd8', 'hXFkAGtHgP', NULL, '2022-12-11 03:14:19', '2022-12-26 23:54:08');
INSERT INTO `student` VALUES (770, '戎晴丽', '20201000769', '57c3cb70f14ca167abc6dc3bde5d1cd8', 'hXFkAGtHgP', NULL, '2022-12-11 03:14:19', '2022-12-26 23:54:08');
INSERT INTO `student` VALUES (771, '伍亦玉', '20201000770', '57c3cb70f14ca167abc6dc3bde5d1cd8', 'hXFkAGtHgP', NULL, '2022-12-11 03:14:19', '2022-12-26 23:54:08');
INSERT INTO `student` VALUES (772, '多莞然', '20201000771', '57c3cb70f14ca167abc6dc3bde5d1cd8', 'hXFkAGtHgP', NULL, '2022-12-11 03:14:19', '2022-12-26 23:54:08');
INSERT INTO `student` VALUES (773, '乜凡阳', '20201000772', '57c3cb70f14ca167abc6dc3bde5d1cd8', 'hXFkAGtHgP', NULL, '2022-12-11 03:14:19', '2022-12-26 23:54:08');
INSERT INTO `student` VALUES (774, '信琲', '20201000773', '57c3cb70f14ca167abc6dc3bde5d1cd8', 'hXFkAGtHgP', NULL, '2022-12-11 03:14:19', '2022-12-26 23:54:08');
INSERT INTO `student` VALUES (775, '零俊喆', '20201000774', '57c3cb70f14ca167abc6dc3bde5d1cd8', 'hXFkAGtHgP', NULL, '2022-12-11 03:14:19', '2022-12-26 23:54:08');
INSERT INTO `student` VALUES (776, '藩深', '20201000775', '57c3cb70f14ca167abc6dc3bde5d1cd8', 'hXFkAGtHgP', NULL, '2022-12-11 03:14:19', '2022-12-26 23:54:08');
INSERT INTO `student` VALUES (777, '艾芮优', '20201000776', '57c3cb70f14ca167abc6dc3bde5d1cd8', 'hXFkAGtHgP', NULL, '2022-12-11 03:14:19', '2022-12-26 23:54:08');
INSERT INTO `student` VALUES (778, '城南晴', '20201000777', '57c3cb70f14ca167abc6dc3bde5d1cd8', 'hXFkAGtHgP', NULL, '2022-12-11 03:14:19', '2022-12-26 23:54:08');
INSERT INTO `student` VALUES (779, '楚骞信', '20201000778', '57c3cb70f14ca167abc6dc3bde5d1cd8', 'hXFkAGtHgP', NULL, '2022-12-11 03:14:19', '2022-12-26 23:54:08');
INSERT INTO `student` VALUES (780, '锺涵韵', '20201000779', '57c3cb70f14ca167abc6dc3bde5d1cd8', 'hXFkAGtHgP', NULL, '2022-12-11 03:14:19', '2022-12-26 23:54:08');
INSERT INTO `student` VALUES (781, '萧幼怡', '20201000780', '57c3cb70f14ca167abc6dc3bde5d1cd8', 'hXFkAGtHgP', NULL, '2022-12-11 03:14:19', '2022-12-26 23:54:08');
INSERT INTO `student` VALUES (782, '合利', '20201000781', '57c3cb70f14ca167abc6dc3bde5d1cd8', 'hXFkAGtHgP', NULL, '2022-12-11 03:14:19', '2022-12-26 23:54:08');
INSERT INTO `student` VALUES (783, '己美', '20201000782', '57c3cb70f14ca167abc6dc3bde5d1cd8', 'hXFkAGtHgP', NULL, '2022-12-11 03:14:19', '2022-12-26 23:54:08');
INSERT INTO `student` VALUES (784, '郦年', '20201000783', '57c3cb70f14ca167abc6dc3bde5d1cd8', 'hXFkAGtHgP', NULL, '2022-12-11 03:14:19', '2022-12-26 23:54:08');
INSERT INTO `student` VALUES (785, '宇尘', '20201000784', '57c3cb70f14ca167abc6dc3bde5d1cd8', 'hXFkAGtHgP', NULL, '2022-12-11 03:14:19', '2022-12-26 23:54:08');
INSERT INTO `student` VALUES (786, '苟以柳', '20201000785', '57c3cb70f14ca167abc6dc3bde5d1cd8', 'hXFkAGtHgP', NULL, '2022-12-11 03:14:19', '2022-12-26 23:54:08');
INSERT INTO `student` VALUES (787, '道承弼', '20201000786', '57c3cb70f14ca167abc6dc3bde5d1cd8', 'hXFkAGtHgP', NULL, '2022-12-11 03:14:19', '2022-12-26 23:54:08');
INSERT INTO `student` VALUES (788, '接芮雅', '20201000787', '57c3cb70f14ca167abc6dc3bde5d1cd8', 'hXFkAGtHgP', NULL, '2022-12-11 03:14:19', '2022-12-26 23:54:08');
INSERT INTO `student` VALUES (789, '冼佳美', '20201000788', '57c3cb70f14ca167abc6dc3bde5d1cd8', 'hXFkAGtHgP', NULL, '2022-12-11 03:14:19', '2022-12-26 23:54:08');
INSERT INTO `student` VALUES (790, '夹谷初兰', '20201000789', '57c3cb70f14ca167abc6dc3bde5d1cd8', 'hXFkAGtHgP', NULL, '2022-12-11 03:14:19', '2022-12-26 23:54:08');
INSERT INTO `student` VALUES (791, '浮夏烟', '20201000790', '57c3cb70f14ca167abc6dc3bde5d1cd8', 'hXFkAGtHgP', NULL, '2022-12-11 03:14:19', '2022-12-26 23:54:08');
INSERT INTO `student` VALUES (792, '纳雅柏', '20201000791', '57c3cb70f14ca167abc6dc3bde5d1cd8', 'hXFkAGtHgP', NULL, '2022-12-11 03:14:19', '2022-12-26 23:54:08');
INSERT INTO `student` VALUES (793, '宜清秋', '20201000792', '57c3cb70f14ca167abc6dc3bde5d1cd8', 'hXFkAGtHgP', NULL, '2022-12-11 03:14:19', '2022-12-26 23:54:08');
INSERT INTO `student` VALUES (794, '贝曾', '20201000793', '57c3cb70f14ca167abc6dc3bde5d1cd8', 'hXFkAGtHgP', NULL, '2022-12-11 03:14:19', '2022-12-26 23:54:08');
INSERT INTO `student` VALUES (795, '合利', '20201000794', '57c3cb70f14ca167abc6dc3bde5d1cd8', 'hXFkAGtHgP', NULL, '2022-12-11 03:14:19', '2022-12-26 23:54:08');
INSERT INTO `student` VALUES (796, '碧南露', '20201000795', '57c3cb70f14ca167abc6dc3bde5d1cd8', 'hXFkAGtHgP', NULL, '2022-12-11 03:14:19', '2022-12-26 23:54:08');
INSERT INTO `student` VALUES (797, '拱萧玉', '20201000796', '57c3cb70f14ca167abc6dc3bde5d1cd8', 'hXFkAGtHgP', NULL, '2022-12-11 03:14:19', '2022-12-26 23:54:08');
INSERT INTO `student` VALUES (798, '学翠绿', '20201000797', '57c3cb70f14ca167abc6dc3bde5d1cd8', 'hXFkAGtHgP', NULL, '2022-12-11 03:14:19', '2022-12-26 23:54:08');
INSERT INTO `student` VALUES (799, '娄凝荷', '20201000798', '57c3cb70f14ca167abc6dc3bde5d1cd8', 'hXFkAGtHgP', NULL, '2022-12-11 03:14:19', '2022-12-26 23:54:08');
INSERT INTO `student` VALUES (800, '赫连杨', '20201000799', '57c3cb70f14ca167abc6dc3bde5d1cd8', 'hXFkAGtHgP', NULL, '2022-12-11 03:14:19', '2022-12-26 23:54:08');
INSERT INTO `student` VALUES (801, '宾新瑶', '20201000800', '57c3cb70f14ca167abc6dc3bde5d1cd8', 'hXFkAGtHgP', NULL, '2022-12-11 03:14:19', '2022-12-26 23:54:08');
INSERT INTO `student` VALUES (802, '燕冰凡', '20201000801', '57c3cb70f14ca167abc6dc3bde5d1cd8', 'hXFkAGtHgP', NULL, '2022-12-11 03:14:19', '2022-12-26 23:54:08');
INSERT INTO `student` VALUES (803, '齐丽佳', '20201000802', '57c3cb70f14ca167abc6dc3bde5d1cd8', 'hXFkAGtHgP', NULL, '2022-12-11 03:14:19', '2022-12-26 23:54:08');
INSERT INTO `student` VALUES (804, '寸思敏', '20201000803', '57c3cb70f14ca167abc6dc3bde5d1cd8', 'hXFkAGtHgP', NULL, '2022-12-11 03:14:19', '2022-12-26 23:54:08');
INSERT INTO `student` VALUES (805, '祁长岳', '20201000804', '57c3cb70f14ca167abc6dc3bde5d1cd8', 'hXFkAGtHgP', NULL, '2022-12-11 03:14:19', '2022-12-26 23:54:08');
INSERT INTO `student` VALUES (806, '允童彤', '20201000805', '57c3cb70f14ca167abc6dc3bde5d1cd8', 'hXFkAGtHgP', NULL, '2022-12-11 03:14:19', '2022-12-26 23:54:08');
INSERT INTO `student` VALUES (807, '绍和泽', '20201000806', '57c3cb70f14ca167abc6dc3bde5d1cd8', 'hXFkAGtHgP', NULL, '2022-12-11 03:14:19', '2022-12-26 23:54:08');
INSERT INTO `student` VALUES (808, '长孙歌吹', '20201000807', '57c3cb70f14ca167abc6dc3bde5d1cd8', 'hXFkAGtHgP', NULL, '2022-12-11 03:14:19', '2022-12-26 23:54:08');
INSERT INTO `student` VALUES (809, '用闳丽', '20201000808', '57c3cb70f14ca167abc6dc3bde5d1cd8', 'hXFkAGtHgP', NULL, '2022-12-11 03:14:19', '2022-12-26 23:54:08');
INSERT INTO `student` VALUES (810, '彭依童', '20201000809', '57c3cb70f14ca167abc6dc3bde5d1cd8', 'hXFkAGtHgP', NULL, '2022-12-11 03:14:19', '2022-12-26 23:54:08');
INSERT INTO `student` VALUES (811, '泉宜民', '20201000810', '57c3cb70f14ca167abc6dc3bde5d1cd8', 'hXFkAGtHgP', NULL, '2022-12-11 03:14:19', '2022-12-26 23:54:08');
INSERT INTO `student` VALUES (812, '甲孟夏', '20201000811', '57c3cb70f14ca167abc6dc3bde5d1cd8', 'hXFkAGtHgP', NULL, '2022-12-11 03:14:19', '2022-12-26 23:54:08');
INSERT INTO `student` VALUES (813, '堵嘉音', '20201000812', '57c3cb70f14ca167abc6dc3bde5d1cd8', 'hXFkAGtHgP', NULL, '2022-12-11 03:14:19', '2022-12-26 23:54:08');
INSERT INTO `student` VALUES (814, '荤纶', '20201000813', '57c3cb70f14ca167abc6dc3bde5d1cd8', 'hXFkAGtHgP', NULL, '2022-12-11 03:14:19', '2022-12-26 23:54:08');
INSERT INTO `student` VALUES (815, '厚晓瑶', '20201000814', '57c3cb70f14ca167abc6dc3bde5d1cd8', 'hXFkAGtHgP', NULL, '2022-12-11 03:14:19', '2022-12-26 23:54:08');
INSERT INTO `student` VALUES (816, '昝欣荣', '20201000815', '57c3cb70f14ca167abc6dc3bde5d1cd8', 'hXFkAGtHgP', NULL, '2022-12-11 03:14:19', '2022-12-26 23:54:08');
INSERT INTO `student` VALUES (817, '拓跋贝', '20201000816', '57c3cb70f14ca167abc6dc3bde5d1cd8', 'hXFkAGtHgP', NULL, '2022-12-11 03:14:19', '2022-12-26 23:54:08');
INSERT INTO `student` VALUES (818, '宇尘', '20201000817', '57c3cb70f14ca167abc6dc3bde5d1cd8', 'hXFkAGtHgP', NULL, '2022-12-11 03:14:19', '2022-12-26 23:54:08');
INSERT INTO `student` VALUES (819, '函英叡', '20201000818', '57c3cb70f14ca167abc6dc3bde5d1cd8', 'hXFkAGtHgP', NULL, '2022-12-11 03:14:19', '2022-12-26 23:54:08');
INSERT INTO `student` VALUES (820, '费莫濮', '20201000819', '57c3cb70f14ca167abc6dc3bde5d1cd8', 'hXFkAGtHgP', NULL, '2022-12-11 03:14:19', '2022-12-26 23:54:08');
INSERT INTO `student` VALUES (821, '简翠桃', '20201000820', '57c3cb70f14ca167abc6dc3bde5d1cd8', 'hXFkAGtHgP', NULL, '2022-12-11 03:14:19', '2022-12-26 23:54:08');
INSERT INTO `student` VALUES (822, '杜雪珍', '20201000821', '57c3cb70f14ca167abc6dc3bde5d1cd8', 'hXFkAGtHgP', NULL, '2022-12-11 03:14:19', '2022-12-26 23:54:08');
INSERT INTO `student` VALUES (823, '生天工', '20201000822', '57c3cb70f14ca167abc6dc3bde5d1cd8', 'hXFkAGtHgP', NULL, '2022-12-11 03:14:19', '2022-12-26 23:54:08');
INSERT INTO `student` VALUES (824, '尾章', '20201000823', '57c3cb70f14ca167abc6dc3bde5d1cd8', 'hXFkAGtHgP', NULL, '2022-12-11 03:14:19', '2022-12-26 23:54:08');
INSERT INTO `student` VALUES (825, '其紫桐', '20201000824', '57c3cb70f14ca167abc6dc3bde5d1cd8', 'hXFkAGtHgP', NULL, '2022-12-11 03:14:19', '2022-12-26 23:54:08');
INSERT INTO `student` VALUES (826, '斐伟懋', '20201000825', '57c3cb70f14ca167abc6dc3bde5d1cd8', 'hXFkAGtHgP', NULL, '2022-12-11 03:14:19', '2022-12-26 23:54:08');
INSERT INTO `student` VALUES (827, '謇碧春', '20201000826', '57c3cb70f14ca167abc6dc3bde5d1cd8', 'hXFkAGtHgP', NULL, '2022-12-11 03:14:19', '2022-12-26 23:54:08');
INSERT INTO `student` VALUES (828, '能梦秋', '20201000827', '57c3cb70f14ca167abc6dc3bde5d1cd8', 'hXFkAGtHgP', NULL, '2022-12-11 03:14:19', '2022-12-26 23:54:08');
INSERT INTO `student` VALUES (829, '苑绍钧', '20201000828', '57c3cb70f14ca167abc6dc3bde5d1cd8', 'hXFkAGtHgP', NULL, '2022-12-11 03:14:19', '2022-12-26 23:54:08');
INSERT INTO `student` VALUES (830, '御珑', '20201000829', '57c3cb70f14ca167abc6dc3bde5d1cd8', 'hXFkAGtHgP', NULL, '2022-12-11 03:14:19', '2022-12-26 23:54:08');
INSERT INTO `student` VALUES (831, '依笑天', '20201000830', '57c3cb70f14ca167abc6dc3bde5d1cd8', 'hXFkAGtHgP', NULL, '2022-12-11 03:14:19', '2022-12-26 23:54:08');
INSERT INTO `student` VALUES (832, '御珑', '20201000831', '57c3cb70f14ca167abc6dc3bde5d1cd8', 'hXFkAGtHgP', NULL, '2022-12-11 03:14:19', '2022-12-26 23:54:08');
INSERT INTO `student` VALUES (833, '杞春桃', '20201000832', '57c3cb70f14ca167abc6dc3bde5d1cd8', 'hXFkAGtHgP', NULL, '2022-12-11 03:14:19', '2022-12-26 23:54:08');
INSERT INTO `student` VALUES (834, '诸青', '20201000833', '57c3cb70f14ca167abc6dc3bde5d1cd8', 'hXFkAGtHgP', NULL, '2022-12-11 03:14:19', '2022-12-26 23:54:08');
INSERT INTO `student` VALUES (835, '狂子芸', '20201000834', '57c3cb70f14ca167abc6dc3bde5d1cd8', 'hXFkAGtHgP', NULL, '2022-12-11 03:14:19', '2022-12-26 23:54:08');
INSERT INTO `student` VALUES (836, '田依薇', '20201000835', '57c3cb70f14ca167abc6dc3bde5d1cd8', 'hXFkAGtHgP', NULL, '2022-12-11 03:14:19', '2022-12-26 23:54:08');
INSERT INTO `student` VALUES (837, '偶梦竹', '20201000836', '57c3cb70f14ca167abc6dc3bde5d1cd8', 'hXFkAGtHgP', NULL, '2022-12-11 03:14:19', '2022-12-26 23:54:08');
INSERT INTO `student` VALUES (838, '金妙旋', '20201000837', '57c3cb70f14ca167abc6dc3bde5d1cd8', 'hXFkAGtHgP', NULL, '2022-12-11 03:14:19', '2022-12-26 23:54:08');
INSERT INTO `student` VALUES (839, '乌和通', '20201000838', '57c3cb70f14ca167abc6dc3bde5d1cd8', 'hXFkAGtHgP', NULL, '2022-12-11 03:14:19', '2022-12-26 23:54:08');
INSERT INTO `student` VALUES (840, '蓟笑容', '20201000839', '57c3cb70f14ca167abc6dc3bde5d1cd8', 'hXFkAGtHgP', NULL, '2022-12-11 03:14:19', '2022-12-26 23:54:08');
INSERT INTO `student` VALUES (841, '玉英奕', '20201000840', '57c3cb70f14ca167abc6dc3bde5d1cd8', 'hXFkAGtHgP', NULL, '2022-12-11 03:14:19', '2022-12-26 23:54:08');
INSERT INTO `student` VALUES (842, '台心语', '20201000841', '57c3cb70f14ca167abc6dc3bde5d1cd8', 'hXFkAGtHgP', NULL, '2022-12-11 03:14:19', '2022-12-26 23:54:08');
INSERT INTO `student` VALUES (843, '铁念之', '20201000842', '57c3cb70f14ca167abc6dc3bde5d1cd8', 'hXFkAGtHgP', NULL, '2022-12-11 03:14:19', '2022-12-26 23:54:08');
INSERT INTO `student` VALUES (844, '王禄', '20201000843', '57c3cb70f14ca167abc6dc3bde5d1cd8', 'hXFkAGtHgP', NULL, '2022-12-11 03:14:19', '2022-12-26 23:54:08');
INSERT INTO `student` VALUES (845, '伟如凡', '20201000844', '57c3cb70f14ca167abc6dc3bde5d1cd8', 'hXFkAGtHgP', NULL, '2022-12-11 03:14:19', '2022-12-26 23:54:08');
INSERT INTO `student` VALUES (846, '夕梦菲', '20201000845', '57c3cb70f14ca167abc6dc3bde5d1cd8', 'hXFkAGtHgP', NULL, '2022-12-11 03:14:19', '2022-12-26 23:54:08');
INSERT INTO `student` VALUES (847, '东广君', '20201000846', '57c3cb70f14ca167abc6dc3bde5d1cd8', 'hXFkAGtHgP', NULL, '2022-12-11 03:14:19', '2022-12-26 23:54:08');
INSERT INTO `student` VALUES (848, '代代玉', '20201000847', '57c3cb70f14ca167abc6dc3bde5d1cd8', 'hXFkAGtHgP', NULL, '2022-12-11 03:14:19', '2022-12-26 23:54:08');
INSERT INTO `student` VALUES (849, '纳喇凌晓', '20201000848', '57c3cb70f14ca167abc6dc3bde5d1cd8', 'hXFkAGtHgP', NULL, '2022-12-11 03:14:19', '2022-12-26 23:54:08');
INSERT INTO `student` VALUES (850, '赧俊人', '20201000849', '57c3cb70f14ca167abc6dc3bde5d1cd8', 'hXFkAGtHgP', NULL, '2022-12-11 03:14:19', '2022-12-26 23:54:08');
INSERT INTO `student` VALUES (851, '庹阳炎', '20201000850', '57c3cb70f14ca167abc6dc3bde5d1cd8', 'hXFkAGtHgP', NULL, '2022-12-11 03:14:19', '2022-12-26 23:54:08');
INSERT INTO `student` VALUES (852, '巴暄婷', '20201000851', '57c3cb70f14ca167abc6dc3bde5d1cd8', 'hXFkAGtHgP', NULL, '2022-12-11 03:14:19', '2022-12-26 23:54:08');
INSERT INTO `student` VALUES (853, '金妙旋', '20201000852', '57c3cb70f14ca167abc6dc3bde5d1cd8', 'hXFkAGtHgP', NULL, '2022-12-11 03:14:19', '2022-12-26 23:54:08');
INSERT INTO `student` VALUES (854, '驹谷枫', '20201000853', '57c3cb70f14ca167abc6dc3bde5d1cd8', 'hXFkAGtHgP', NULL, '2022-12-11 03:14:19', '2022-12-26 23:54:08');
INSERT INTO `student` VALUES (855, '鄂睿姿', '20201000854', '57c3cb70f14ca167abc6dc3bde5d1cd8', 'hXFkAGtHgP', NULL, '2022-12-11 03:14:19', '2022-12-26 23:54:08');
INSERT INTO `student` VALUES (856, '刘航', '20201000855', '57c3cb70f14ca167abc6dc3bde5d1cd8', 'hXFkAGtHgP', NULL, '2022-12-11 03:14:19', '2022-12-26 23:54:08');
INSERT INTO `student` VALUES (857, '卜美华', '20201000856', '57c3cb70f14ca167abc6dc3bde5d1cd8', 'hXFkAGtHgP', NULL, '2022-12-11 03:14:19', '2022-12-26 23:54:08');
INSERT INTO `student` VALUES (858, '萨红云', '20201000857', '57c3cb70f14ca167abc6dc3bde5d1cd8', 'hXFkAGtHgP', NULL, '2022-12-11 03:14:19', '2022-12-26 23:54:08');
INSERT INTO `student` VALUES (859, '但秋灵', '20201000858', '57c3cb70f14ca167abc6dc3bde5d1cd8', 'hXFkAGtHgP', NULL, '2022-12-11 03:14:19', '2022-12-26 23:54:08');
INSERT INTO `student` VALUES (860, '劳念文', '20201000859', '57c3cb70f14ca167abc6dc3bde5d1cd8', 'hXFkAGtHgP', NULL, '2022-12-11 03:14:19', '2022-12-26 23:54:08');
INSERT INTO `student` VALUES (861, '井璇珠', '20201000860', '57c3cb70f14ca167abc6dc3bde5d1cd8', 'hXFkAGtHgP', NULL, '2022-12-11 03:14:20', '2022-12-26 23:54:08');
INSERT INTO `student` VALUES (862, '希乐天', '20201000861', '57c3cb70f14ca167abc6dc3bde5d1cd8', 'hXFkAGtHgP', NULL, '2022-12-11 03:14:20', '2022-12-26 23:54:08');
INSERT INTO `student` VALUES (863, '秋辰铭', '20201000862', '57c3cb70f14ca167abc6dc3bde5d1cd8', 'hXFkAGtHgP', NULL, '2022-12-11 03:14:20', '2022-12-26 23:54:08');
INSERT INTO `student` VALUES (864, '覃雪枫', '20201000863', '57c3cb70f14ca167abc6dc3bde5d1cd8', 'hXFkAGtHgP', NULL, '2022-12-11 03:14:20', '2022-12-26 23:54:08');
INSERT INTO `student` VALUES (865, '缑光济', '20201000864', '57c3cb70f14ca167abc6dc3bde5d1cd8', 'hXFkAGtHgP', NULL, '2022-12-11 03:14:20', '2022-12-26 23:54:08');
INSERT INTO `student` VALUES (866, '乐正兰娜', '20201000865', '57c3cb70f14ca167abc6dc3bde5d1cd8', 'hXFkAGtHgP', NULL, '2022-12-11 03:14:20', '2022-12-26 23:54:08');
INSERT INTO `student` VALUES (867, '骆语林', '20201000866', '57c3cb70f14ca167abc6dc3bde5d1cd8', 'hXFkAGtHgP', NULL, '2022-12-11 03:14:20', '2022-12-26 23:54:08');
INSERT INTO `student` VALUES (868, '锁盼香', '20201000867', '57c3cb70f14ca167abc6dc3bde5d1cd8', 'hXFkAGtHgP', NULL, '2022-12-11 03:14:20', '2022-12-26 23:54:08');
INSERT INTO `student` VALUES (869, '力婉秀', '20201000868', '57c3cb70f14ca167abc6dc3bde5d1cd8', 'hXFkAGtHgP', NULL, '2022-12-11 03:14:20', '2022-12-26 23:54:08');
INSERT INTO `student` VALUES (870, '荀傲菡', '20201000869', '57c3cb70f14ca167abc6dc3bde5d1cd8', 'hXFkAGtHgP', NULL, '2022-12-11 03:14:20', '2022-12-26 23:54:08');
INSERT INTO `student` VALUES (871, '战晓彤', '20201000870', '57c3cb70f14ca167abc6dc3bde5d1cd8', 'hXFkAGtHgP', NULL, '2022-12-11 03:14:20', '2022-12-26 23:54:08');
INSERT INTO `student` VALUES (872, '謇碧春', '20201000871', '57c3cb70f14ca167abc6dc3bde5d1cd8', 'hXFkAGtHgP', NULL, '2022-12-11 03:14:20', '2022-12-26 23:54:08');
INSERT INTO `student` VALUES (873, '旁春柏', '20201000872', '57c3cb70f14ca167abc6dc3bde5d1cd8', 'hXFkAGtHgP', NULL, '2022-12-11 03:14:20', '2022-12-26 23:54:08');
INSERT INTO `student` VALUES (874, '邱晨钰', '20201000873', '57c3cb70f14ca167abc6dc3bde5d1cd8', 'hXFkAGtHgP', NULL, '2022-12-11 03:14:20', '2022-12-26 23:54:08');
INSERT INTO `student` VALUES (875, '任晔', '20201000874', '57c3cb70f14ca167abc6dc3bde5d1cd8', 'hXFkAGtHgP', NULL, '2022-12-11 03:14:20', '2022-12-26 23:54:08');
INSERT INTO `student` VALUES (876, '刘航', '20201000875', '57c3cb70f14ca167abc6dc3bde5d1cd8', 'hXFkAGtHgP', NULL, '2022-12-11 03:14:20', '2022-12-26 23:54:08');
INSERT INTO `student` VALUES (877, '郑之', '20201000876', '57c3cb70f14ca167abc6dc3bde5d1cd8', 'hXFkAGtHgP', NULL, '2022-12-11 03:14:20', '2022-12-26 23:54:08');
INSERT INTO `student` VALUES (878, '嵇俊豪', '20201000877', '57c3cb70f14ca167abc6dc3bde5d1cd8', 'hXFkAGtHgP', NULL, '2022-12-11 03:14:20', '2022-12-26 23:54:08');
INSERT INTO `student` VALUES (879, '同暄美', '20201000878', '57c3cb70f14ca167abc6dc3bde5d1cd8', 'hXFkAGtHgP', NULL, '2022-12-11 03:14:20', '2022-12-26 23:54:08');
INSERT INTO `student` VALUES (880, '迮幻香', '20201000879', '57c3cb70f14ca167abc6dc3bde5d1cd8', 'hXFkAGtHgP', NULL, '2022-12-11 03:14:20', '2022-12-26 23:54:08');
INSERT INTO `student` VALUES (881, '宗政囡囡', '20201000880', '57c3cb70f14ca167abc6dc3bde5d1cd8', 'hXFkAGtHgP', NULL, '2022-12-11 03:14:20', '2022-12-26 23:54:08');
INSERT INTO `student` VALUES (882, '塔温韦', '20201000881', '57c3cb70f14ca167abc6dc3bde5d1cd8', 'hXFkAGtHgP', NULL, '2022-12-11 03:14:20', '2022-12-26 23:54:08');
INSERT INTO `student` VALUES (883, '竺白梅', '20201000882', '57c3cb70f14ca167abc6dc3bde5d1cd8', 'hXFkAGtHgP', NULL, '2022-12-11 03:14:20', '2022-12-26 23:54:08');
INSERT INTO `student` VALUES (884, '水茂材', '20201000883', '57c3cb70f14ca167abc6dc3bde5d1cd8', 'hXFkAGtHgP', NULL, '2022-12-11 03:14:20', '2022-12-26 23:54:08');
INSERT INTO `student` VALUES (885, '闫绍辉', '20201000884', '57c3cb70f14ca167abc6dc3bde5d1cd8', 'hXFkAGtHgP', NULL, '2022-12-11 03:14:20', '2022-12-26 23:54:08');
INSERT INTO `student` VALUES (886, '明飞翔', '20201000885', '57c3cb70f14ca167abc6dc3bde5d1cd8', 'hXFkAGtHgP', NULL, '2022-12-11 03:14:20', '2022-12-26 23:54:08');
INSERT INTO `student` VALUES (887, '玄骞北', '20201000886', '57c3cb70f14ca167abc6dc3bde5d1cd8', 'hXFkAGtHgP', NULL, '2022-12-11 03:14:20', '2022-12-26 23:54:08');
INSERT INTO `student` VALUES (888, '生天工', '20201000887', '57c3cb70f14ca167abc6dc3bde5d1cd8', 'hXFkAGtHgP', NULL, '2022-12-11 03:14:20', '2022-12-26 23:54:08');
INSERT INTO `student` VALUES (889, '酒晓莉', '20201000888', '57c3cb70f14ca167abc6dc3bde5d1cd8', 'hXFkAGtHgP', NULL, '2022-12-11 03:14:20', '2022-12-26 23:54:08');
INSERT INTO `student` VALUES (890, '姒天泽', '20201000889', '57c3cb70f14ca167abc6dc3bde5d1cd8', 'hXFkAGtHgP', NULL, '2022-12-11 03:14:20', '2022-12-26 23:54:08');
INSERT INTO `student` VALUES (891, '成雅蕊', '20201000890', '57c3cb70f14ca167abc6dc3bde5d1cd8', 'hXFkAGtHgP', NULL, '2022-12-11 03:14:20', '2022-12-26 23:54:08');
INSERT INTO `student` VALUES (892, '师卓逸', '20201000891', '57c3cb70f14ca167abc6dc3bde5d1cd8', 'hXFkAGtHgP', NULL, '2022-12-11 03:14:20', '2022-12-26 23:54:08');
INSERT INTO `student` VALUES (893, '盖清', '20201000892', '57c3cb70f14ca167abc6dc3bde5d1cd8', 'hXFkAGtHgP', NULL, '2022-12-11 03:14:20', '2022-12-26 23:54:08');
INSERT INTO `student` VALUES (894, '茅柔怀', '20201000893', '57c3cb70f14ca167abc6dc3bde5d1cd8', 'hXFkAGtHgP', NULL, '2022-12-11 03:14:20', '2022-12-26 23:54:08');
INSERT INTO `student` VALUES (895, '荀傲菡', '20201000894', '57c3cb70f14ca167abc6dc3bde5d1cd8', 'hXFkAGtHgP', NULL, '2022-12-11 03:14:20', '2022-12-26 23:54:08');
INSERT INTO `student` VALUES (896, '行醉蝶', '20201000895', '57c3cb70f14ca167abc6dc3bde5d1cd8', 'hXFkAGtHgP', NULL, '2022-12-11 03:14:20', '2022-12-26 23:54:08');
INSERT INTO `student` VALUES (897, '阎北辰', '20201000896', '57c3cb70f14ca167abc6dc3bde5d1cd8', 'hXFkAGtHgP', NULL, '2022-12-11 03:14:20', '2022-12-26 23:54:08');
INSERT INTO `student` VALUES (898, '御珑', '20201000897', '57c3cb70f14ca167abc6dc3bde5d1cd8', 'hXFkAGtHgP', NULL, '2022-12-11 03:14:20', '2022-12-26 23:54:08');
INSERT INTO `student` VALUES (899, '侍运珹', '20201000898', '57c3cb70f14ca167abc6dc3bde5d1cd8', 'hXFkAGtHgP', NULL, '2022-12-11 03:14:20', '2022-12-26 23:54:08');
INSERT INTO `student` VALUES (900, '秋辰铭', '20201000899', '57c3cb70f14ca167abc6dc3bde5d1cd8', 'hXFkAGtHgP', NULL, '2022-12-11 03:14:20', '2022-12-26 23:54:08');
INSERT INTO `student` VALUES (901, '雷新柔', '20201000900', '57c3cb70f14ca167abc6dc3bde5d1cd8', 'hXFkAGtHgP', NULL, '2022-12-11 03:14:20', '2022-12-26 23:54:08');
INSERT INTO `student` VALUES (902, '郎念柏', '20201000901', '57c3cb70f14ca167abc6dc3bde5d1cd8', 'hXFkAGtHgP', NULL, '2022-12-11 03:14:20', '2022-12-26 23:54:08');
INSERT INTO `student` VALUES (903, '冷朝雨', '20201000902', '57c3cb70f14ca167abc6dc3bde5d1cd8', 'hXFkAGtHgP', NULL, '2022-12-11 03:14:20', '2022-12-26 23:54:08');
INSERT INTO `student` VALUES (904, '朱红螺', '20201000903', '57c3cb70f14ca167abc6dc3bde5d1cd8', 'hXFkAGtHgP', NULL, '2022-12-11 03:14:20', '2022-12-26 23:54:08');
INSERT INTO `student` VALUES (905, '己美', '20201000904', '57c3cb70f14ca167abc6dc3bde5d1cd8', 'hXFkAGtHgP', NULL, '2022-12-11 03:14:20', '2022-12-26 23:54:08');
INSERT INTO `student` VALUES (906, '盈寒烟', '20201000905', '57c3cb70f14ca167abc6dc3bde5d1cd8', 'hXFkAGtHgP', NULL, '2022-12-11 03:14:20', '2022-12-26 23:54:08');
INSERT INTO `student` VALUES (907, '完颜牧', '20201000906', '57c3cb70f14ca167abc6dc3bde5d1cd8', 'hXFkAGtHgP', NULL, '2022-12-11 03:14:20', '2022-12-26 23:54:08');
INSERT INTO `student` VALUES (908, '浦景彰', '20201000907', '57c3cb70f14ca167abc6dc3bde5d1cd8', 'hXFkAGtHgP', NULL, '2022-12-11 03:14:20', '2022-12-26 23:54:08');
INSERT INTO `student` VALUES (909, '郝雅琴', '20201000908', '57c3cb70f14ca167abc6dc3bde5d1cd8', 'hXFkAGtHgP', NULL, '2022-12-11 03:14:20', '2022-12-26 23:54:08');
INSERT INTO `student` VALUES (910, '犹隽洁', '20201000909', '57c3cb70f14ca167abc6dc3bde5d1cd8', 'hXFkAGtHgP', NULL, '2022-12-11 03:14:20', '2022-12-26 23:54:08');
INSERT INTO `student` VALUES (911, '松盛', '20201000910', '57c3cb70f14ca167abc6dc3bde5d1cd8', 'hXFkAGtHgP', NULL, '2022-12-11 03:14:20', '2022-12-26 23:54:08');
INSERT INTO `student` VALUES (912, '权真', '20201000911', '57c3cb70f14ca167abc6dc3bde5d1cd8', 'hXFkAGtHgP', NULL, '2022-12-11 03:14:20', '2022-12-26 23:54:08');
INSERT INTO `student` VALUES (913, '霜璇珠', '20201000912', '57c3cb70f14ca167abc6dc3bde5d1cd8', 'hXFkAGtHgP', NULL, '2022-12-11 03:14:20', '2022-12-26 23:54:08');
INSERT INTO `student` VALUES (914, '毕婉清', '20201000913', '57c3cb70f14ca167abc6dc3bde5d1cd8', 'hXFkAGtHgP', NULL, '2022-12-11 03:14:20', '2022-12-26 23:54:08');
INSERT INTO `student` VALUES (915, '曹正', '20201000914', '57c3cb70f14ca167abc6dc3bde5d1cd8', 'hXFkAGtHgP', NULL, '2022-12-11 03:14:20', '2022-12-26 23:54:08');
INSERT INTO `student` VALUES (916, '出骊文', '20201000915', '57c3cb70f14ca167abc6dc3bde5d1cd8', 'hXFkAGtHgP', NULL, '2022-12-11 03:14:20', '2022-12-26 23:54:08');
INSERT INTO `student` VALUES (917, '轩辕尔', '20201000916', '57c3cb70f14ca167abc6dc3bde5d1cd8', 'hXFkAGtHgP', NULL, '2022-12-11 03:14:20', '2022-12-26 23:54:08');
INSERT INTO `student` VALUES (918, '毓黎昕', '20201000917', '57c3cb70f14ca167abc6dc3bde5d1cd8', 'hXFkAGtHgP', NULL, '2022-12-11 03:14:20', '2022-12-26 23:54:08');
INSERT INTO `student` VALUES (919, '傅朵', '20201000918', '57c3cb70f14ca167abc6dc3bde5d1cd8', 'hXFkAGtHgP', NULL, '2022-12-11 03:14:20', '2022-12-26 23:54:08');
INSERT INTO `student` VALUES (920, '水茂材', '20201000919', '57c3cb70f14ca167abc6dc3bde5d1cd8', 'hXFkAGtHgP', NULL, '2022-12-11 03:14:20', '2022-12-26 23:54:08');
INSERT INTO `student` VALUES (921, '黄岳', '20201000920', '57c3cb70f14ca167abc6dc3bde5d1cd8', 'hXFkAGtHgP', NULL, '2022-12-11 03:14:20', '2022-12-26 23:54:08');
INSERT INTO `student` VALUES (922, '修尔阳', '20201000921', '57c3cb70f14ca167abc6dc3bde5d1cd8', 'hXFkAGtHgP', NULL, '2022-12-11 03:14:20', '2022-12-26 23:54:08');
INSERT INTO `student` VALUES (923, '贺书蝶', '20201000922', '57c3cb70f14ca167abc6dc3bde5d1cd8', 'hXFkAGtHgP', NULL, '2022-12-11 03:14:20', '2022-12-26 23:54:08');
INSERT INTO `student` VALUES (924, '扬秋白', '20201000923', '57c3cb70f14ca167abc6dc3bde5d1cd8', 'hXFkAGtHgP', NULL, '2022-12-11 03:14:20', '2022-12-26 23:54:08');
INSERT INTO `student` VALUES (925, '微生晴雪', '20201000924', '57c3cb70f14ca167abc6dc3bde5d1cd8', 'hXFkAGtHgP', NULL, '2022-12-11 03:14:20', '2022-12-26 23:54:08');
INSERT INTO `student` VALUES (926, '示丹亦', '20201000925', '57c3cb70f14ca167abc6dc3bde5d1cd8', 'hXFkAGtHgP', NULL, '2022-12-11 03:14:20', '2022-12-26 23:54:08');
INSERT INTO `student` VALUES (927, '德新月', '20201000926', '57c3cb70f14ca167abc6dc3bde5d1cd8', 'hXFkAGtHgP', NULL, '2022-12-11 03:14:20', '2022-12-26 23:54:08');
INSERT INTO `student` VALUES (928, '应秀妮', '20201000927', '57c3cb70f14ca167abc6dc3bde5d1cd8', 'hXFkAGtHgP', NULL, '2022-12-11 03:14:20', '2022-12-26 23:54:08');
INSERT INTO `student` VALUES (929, '历玟玉', '20201000928', '57c3cb70f14ca167abc6dc3bde5d1cd8', 'hXFkAGtHgP', NULL, '2022-12-11 03:14:20', '2022-12-26 23:54:08');
INSERT INTO `student` VALUES (930, '悉黛娥', '20201000929', '57c3cb70f14ca167abc6dc3bde5d1cd8', 'hXFkAGtHgP', NULL, '2022-12-11 03:14:20', '2022-12-26 23:54:08');
INSERT INTO `student` VALUES (931, '源傲冬', '20201000930', '57c3cb70f14ca167abc6dc3bde5d1cd8', 'hXFkAGtHgP', NULL, '2022-12-11 03:14:20', '2022-12-26 23:54:08');
INSERT INTO `student` VALUES (932, '纵浩思', '20201000931', '57c3cb70f14ca167abc6dc3bde5d1cd8', 'hXFkAGtHgP', NULL, '2022-12-11 03:14:20', '2022-12-26 23:54:08');
INSERT INTO `student` VALUES (933, '书和平', '20201000932', '57c3cb70f14ca167abc6dc3bde5d1cd8', 'hXFkAGtHgP', NULL, '2022-12-11 03:14:20', '2022-12-26 23:54:08');
INSERT INTO `student` VALUES (934, '针翰音', '20201000933', '57c3cb70f14ca167abc6dc3bde5d1cd8', 'hXFkAGtHgP', NULL, '2022-12-11 03:14:20', '2022-12-26 23:54:08');
INSERT INTO `student` VALUES (935, '冠念露', '20201000934', '57c3cb70f14ca167abc6dc3bde5d1cd8', 'hXFkAGtHgP', NULL, '2022-12-11 03:14:20', '2022-12-26 23:54:08');
INSERT INTO `student` VALUES (936, '郝雅琴', '20201000935', '57c3cb70f14ca167abc6dc3bde5d1cd8', 'hXFkAGtHgP', NULL, '2022-12-11 03:14:20', '2022-12-26 23:54:08');
INSERT INTO `student` VALUES (937, '戎晴丽', '20201000936', '57c3cb70f14ca167abc6dc3bde5d1cd8', 'hXFkAGtHgP', NULL, '2022-12-11 03:14:20', '2022-12-26 23:54:08');
INSERT INTO `student` VALUES (938, '井璇珠', '20201000937', '57c3cb70f14ca167abc6dc3bde5d1cd8', 'hXFkAGtHgP', NULL, '2022-12-11 03:14:20', '2022-12-26 23:54:08');
INSERT INTO `student` VALUES (939, '关以彤', '20201000938', '57c3cb70f14ca167abc6dc3bde5d1cd8', 'hXFkAGtHgP', NULL, '2022-12-11 03:14:20', '2022-12-26 23:54:08');
INSERT INTO `student` VALUES (940, '单承嗣', '20201000939', '57c3cb70f14ca167abc6dc3bde5d1cd8', 'hXFkAGtHgP', NULL, '2022-12-11 03:14:20', '2022-12-26 23:54:08');
INSERT INTO `student` VALUES (941, '麦冷珍', '20201000940', '57c3cb70f14ca167abc6dc3bde5d1cd8', 'hXFkAGtHgP', NULL, '2022-12-11 03:14:20', '2022-12-26 23:54:08');
INSERT INTO `student` VALUES (942, '汝雨雪', '20201000941', '57c3cb70f14ca167abc6dc3bde5d1cd8', 'hXFkAGtHgP', NULL, '2022-12-11 03:14:20', '2022-12-26 23:54:08');
INSERT INTO `student` VALUES (943, '呼听露', '20201000942', '57c3cb70f14ca167abc6dc3bde5d1cd8', 'hXFkAGtHgP', NULL, '2022-12-11 03:14:20', '2022-12-26 23:54:08');
INSERT INTO `student` VALUES (944, '苏寄柔', '20201000943', '57c3cb70f14ca167abc6dc3bde5d1cd8', 'hXFkAGtHgP', NULL, '2022-12-11 03:14:20', '2022-12-26 23:54:08');
INSERT INTO `student` VALUES (945, '栾宵', '20201000944', '57c3cb70f14ca167abc6dc3bde5d1cd8', 'hXFkAGtHgP', NULL, '2022-12-11 03:14:20', '2022-12-26 23:54:08');
INSERT INTO `student` VALUES (946, '师卓逸', '20201000945', '57c3cb70f14ca167abc6dc3bde5d1cd8', 'hXFkAGtHgP', NULL, '2022-12-11 03:14:20', '2022-12-26 23:54:08');
INSERT INTO `student` VALUES (947, '相初蓝', '20201000946', '57c3cb70f14ca167abc6dc3bde5d1cd8', 'hXFkAGtHgP', NULL, '2022-12-11 03:14:20', '2022-12-26 23:54:08');
INSERT INTO `student` VALUES (948, '战晓彤', '20201000947', '57c3cb70f14ca167abc6dc3bde5d1cd8', 'hXFkAGtHgP', NULL, '2022-12-11 03:14:20', '2022-12-26 23:54:08');
INSERT INTO `student` VALUES (949, '改媛女', '20201000948', '57c3cb70f14ca167abc6dc3bde5d1cd8', 'hXFkAGtHgP', NULL, '2022-12-11 03:14:20', '2022-12-26 23:54:08');
INSERT INTO `student` VALUES (950, '偶梦竹', '20201000949', '57c3cb70f14ca167abc6dc3bde5d1cd8', 'hXFkAGtHgP', NULL, '2022-12-11 03:14:20', '2022-12-26 23:54:08');
INSERT INTO `student` VALUES (951, '都铃', '20201000950', '57c3cb70f14ca167abc6dc3bde5d1cd8', 'hXFkAGtHgP', NULL, '2022-12-11 03:14:20', '2022-12-26 23:54:08');
INSERT INTO `student` VALUES (952, '扬秋白', '20201000951', '57c3cb70f14ca167abc6dc3bde5d1cd8', 'hXFkAGtHgP', NULL, '2022-12-11 03:14:20', '2022-12-26 23:54:08');
INSERT INTO `student` VALUES (953, '隐珺琦', '20201000952', '57c3cb70f14ca167abc6dc3bde5d1cd8', 'hXFkAGtHgP', NULL, '2022-12-11 03:14:20', '2022-12-26 23:54:08');
INSERT INTO `student` VALUES (954, '告晓夏', '20201000953', '57c3cb70f14ca167abc6dc3bde5d1cd8', 'hXFkAGtHgP', NULL, '2022-12-11 03:14:20', '2022-12-26 23:54:08');
INSERT INTO `student` VALUES (955, '时书桃', '20201000954', '57c3cb70f14ca167abc6dc3bde5d1cd8', 'hXFkAGtHgP', NULL, '2022-12-11 03:14:20', '2022-12-26 23:54:08');
INSERT INTO `student` VALUES (956, '府问香', '20201000955', '57c3cb70f14ca167abc6dc3bde5d1cd8', 'hXFkAGtHgP', NULL, '2022-12-11 03:14:20', '2022-12-26 23:54:08');
INSERT INTO `student` VALUES (957, '士英范', '20201000956', '57c3cb70f14ca167abc6dc3bde5d1cd8', 'hXFkAGtHgP', NULL, '2022-12-11 03:14:20', '2022-12-26 23:54:08');
INSERT INTO `student` VALUES (958, '兴容', '20201000957', '57c3cb70f14ca167abc6dc3bde5d1cd8', 'hXFkAGtHgP', NULL, '2022-12-11 03:14:20', '2022-12-26 23:54:08');
INSERT INTO `student` VALUES (959, '以慧丽', '20201000958', '57c3cb70f14ca167abc6dc3bde5d1cd8', 'hXFkAGtHgP', NULL, '2022-12-11 03:14:20', '2022-12-26 23:54:08');
INSERT INTO `student` VALUES (960, '鲜于英才', '20201000959', '57c3cb70f14ca167abc6dc3bde5d1cd8', 'hXFkAGtHgP', NULL, '2022-12-11 03:14:20', '2022-12-26 23:54:08');
INSERT INTO `student` VALUES (961, '顿姗姗', '20201000960', '57c3cb70f14ca167abc6dc3bde5d1cd8', 'hXFkAGtHgP', NULL, '2022-12-11 03:14:20', '2022-12-26 23:54:08');
INSERT INTO `student` VALUES (962, '逢坤', '20201000961', '57c3cb70f14ca167abc6dc3bde5d1cd8', 'hXFkAGtHgP', NULL, '2022-12-11 03:14:20', '2022-12-26 23:54:08');
INSERT INTO `student` VALUES (963, '丰泰和', '20201000962', '57c3cb70f14ca167abc6dc3bde5d1cd8', 'hXFkAGtHgP', NULL, '2022-12-11 03:14:20', '2022-12-26 23:54:08');
INSERT INTO `student` VALUES (964, '隽思博', '20201000963', '57c3cb70f14ca167abc6dc3bde5d1cd8', 'hXFkAGtHgP', NULL, '2022-12-11 03:14:20', '2022-12-26 23:54:08');
INSERT INTO `student` VALUES (965, '褚吉', '20201000964', '57c3cb70f14ca167abc6dc3bde5d1cd8', 'hXFkAGtHgP', NULL, '2022-12-11 03:14:20', '2022-12-26 23:54:08');
INSERT INTO `student` VALUES (966, '农谷蓝', '20201000965', '57c3cb70f14ca167abc6dc3bde5d1cd8', 'hXFkAGtHgP', NULL, '2022-12-11 03:14:20', '2022-12-26 23:54:08');
INSERT INTO `student` VALUES (967, '琴绿蕊', '20201000966', '57c3cb70f14ca167abc6dc3bde5d1cd8', 'hXFkAGtHgP', NULL, '2022-12-11 03:14:20', '2022-12-26 23:54:08');
INSERT INTO `student` VALUES (968, '沐涵涵', '20201000967', '57c3cb70f14ca167abc6dc3bde5d1cd8', 'hXFkAGtHgP', NULL, '2022-12-11 03:14:20', '2022-12-26 23:54:08');
INSERT INTO `student` VALUES (969, '释乃欣', '20201000968', '57c3cb70f14ca167abc6dc3bde5d1cd8', 'hXFkAGtHgP', NULL, '2022-12-11 03:14:20', '2022-12-26 23:54:08');
INSERT INTO `student` VALUES (970, '安曲', '20201000969', '57c3cb70f14ca167abc6dc3bde5d1cd8', 'hXFkAGtHgP', NULL, '2022-12-11 03:14:20', '2022-12-26 23:54:08');
INSERT INTO `student` VALUES (971, '翦信', '20201000970', '57c3cb70f14ca167abc6dc3bde5d1cd8', 'hXFkAGtHgP', NULL, '2022-12-11 03:14:20', '2022-12-26 23:54:08');
INSERT INTO `student` VALUES (972, '诺淑婉', '20201000971', '57c3cb70f14ca167abc6dc3bde5d1cd8', 'hXFkAGtHgP', NULL, '2022-12-11 03:14:20', '2022-12-26 23:54:08');
INSERT INTO `student` VALUES (973, '寇华美', '20201000972', '57c3cb70f14ca167abc6dc3bde5d1cd8', 'hXFkAGtHgP', NULL, '2022-12-11 03:14:20', '2022-12-26 23:54:08');
INSERT INTO `student` VALUES (974, '戊米', '20201000973', '57c3cb70f14ca167abc6dc3bde5d1cd8', 'hXFkAGtHgP', NULL, '2022-12-11 03:14:20', '2022-12-26 23:54:08');
INSERT INTO `student` VALUES (975, '佛思枫', '20201000974', '57c3cb70f14ca167abc6dc3bde5d1cd8', 'hXFkAGtHgP', NULL, '2022-12-11 03:14:20', '2022-12-26 23:54:08');
INSERT INTO `student` VALUES (976, '少半槐', '20201000975', '57c3cb70f14ca167abc6dc3bde5d1cd8', 'hXFkAGtHgP', NULL, '2022-12-11 03:14:20', '2022-12-26 23:54:08');
INSERT INTO `student` VALUES (977, '亓闲丽', '20201000976', '57c3cb70f14ca167abc6dc3bde5d1cd8', 'hXFkAGtHgP', NULL, '2022-12-11 03:14:20', '2022-12-26 23:54:08');
INSERT INTO `student` VALUES (978, '扈蓉城', '20201000977', '57c3cb70f14ca167abc6dc3bde5d1cd8', 'hXFkAGtHgP', NULL, '2022-12-11 03:14:20', '2022-12-26 23:54:08');
INSERT INTO `student` VALUES (979, '赫连杨', '20201000978', '57c3cb70f14ca167abc6dc3bde5d1cd8', 'hXFkAGtHgP', NULL, '2022-12-11 03:14:20', '2022-12-26 23:54:08');
INSERT INTO `student` VALUES (980, '居元绿', '20201000979', '57c3cb70f14ca167abc6dc3bde5d1cd8', 'hXFkAGtHgP', NULL, '2022-12-11 03:14:20', '2022-12-26 23:54:08');
INSERT INTO `student` VALUES (981, '羊元亮', '20201000980', '57c3cb70f14ca167abc6dc3bde5d1cd8', 'hXFkAGtHgP', NULL, '2022-12-11 03:14:20', '2022-12-26 23:54:08');
INSERT INTO `student` VALUES (982, '蹉秀', '20201000981', '57c3cb70f14ca167abc6dc3bde5d1cd8', 'hXFkAGtHgP', NULL, '2022-12-11 03:14:20', '2022-12-26 23:54:08');
INSERT INTO `student` VALUES (983, '首雁荷', '20201000982', '57c3cb70f14ca167abc6dc3bde5d1cd8', 'hXFkAGtHgP', NULL, '2022-12-11 03:14:20', '2022-12-26 23:54:08');
INSERT INTO `student` VALUES (984, '赏凝荷', '20201000983', '57c3cb70f14ca167abc6dc3bde5d1cd8', 'hXFkAGtHgP', NULL, '2022-12-11 03:14:20', '2022-12-26 23:54:08');
INSERT INTO `student` VALUES (985, '柴春琳', '20201000984', '57c3cb70f14ca167abc6dc3bde5d1cd8', 'hXFkAGtHgP', NULL, '2022-12-11 03:14:20', '2022-12-26 23:54:08');
INSERT INTO `student` VALUES (986, '招向山', '20201000985', '57c3cb70f14ca167abc6dc3bde5d1cd8', 'hXFkAGtHgP', NULL, '2022-12-11 03:14:20', '2022-12-26 23:54:08');
INSERT INTO `student` VALUES (987, '仆洛妃', '20201000986', '57c3cb70f14ca167abc6dc3bde5d1cd8', 'hXFkAGtHgP', NULL, '2022-12-11 03:14:20', '2022-12-26 23:54:08');
INSERT INTO `student` VALUES (988, '皮芷蝶', '20201000987', '57c3cb70f14ca167abc6dc3bde5d1cd8', 'hXFkAGtHgP', NULL, '2022-12-11 03:14:20', '2022-12-26 23:54:08');
INSERT INTO `student` VALUES (989, '改媛女', '20201000988', '57c3cb70f14ca167abc6dc3bde5d1cd8', 'hXFkAGtHgP', NULL, '2022-12-11 03:14:20', '2022-12-26 23:54:08');
INSERT INTO `student` VALUES (990, '进惜筠', '20201000989', '57c3cb70f14ca167abc6dc3bde5d1cd8', 'hXFkAGtHgP', NULL, '2022-12-11 03:14:20', '2022-12-26 23:54:08');
INSERT INTO `student` VALUES (991, '潘芷文', '20201000990', '57c3cb70f14ca167abc6dc3bde5d1cd8', 'hXFkAGtHgP', NULL, '2022-12-11 03:14:20', '2022-12-26 23:54:08');
INSERT INTO `student` VALUES (992, '板远', '20201000991', '57c3cb70f14ca167abc6dc3bde5d1cd8', 'hXFkAGtHgP', NULL, '2022-12-11 03:14:20', '2022-12-26 23:54:08');
INSERT INTO `student` VALUES (993, '笪灵寒', '20201000992', '57c3cb70f14ca167abc6dc3bde5d1cd8', 'hXFkAGtHgP', NULL, '2022-12-11 03:14:20', '2022-12-26 23:54:08');
INSERT INTO `student` VALUES (994, '谌静柏', '20201000993', '57c3cb70f14ca167abc6dc3bde5d1cd8', 'hXFkAGtHgP', NULL, '2022-12-11 03:14:20', '2022-12-26 23:54:08');
INSERT INTO `student` VALUES (995, '邓佳文', '20201000994', '57c3cb70f14ca167abc6dc3bde5d1cd8', 'hXFkAGtHgP', NULL, '2022-12-11 03:14:20', '2022-12-26 23:54:08');
INSERT INTO `student` VALUES (996, '卓怜南', '20201000995', '57c3cb70f14ca167abc6dc3bde5d1cd8', 'hXFkAGtHgP', NULL, '2022-12-11 03:14:20', '2022-12-26 23:54:08');
INSERT INTO `student` VALUES (997, '载宏盛', '20201000996', '57c3cb70f14ca167abc6dc3bde5d1cd8', 'hXFkAGtHgP', NULL, '2022-12-11 03:14:20', '2022-12-26 23:54:08');
INSERT INTO `student` VALUES (998, '剑歌韵', '20201000997', '57c3cb70f14ca167abc6dc3bde5d1cd8', 'hXFkAGtHgP', NULL, '2022-12-11 03:14:20', '2022-12-26 23:54:08');
INSERT INTO `student` VALUES (999, '留怡嘉', '20201000998', '57c3cb70f14ca167abc6dc3bde5d1cd8', 'hXFkAGtHgP', NULL, '2022-12-11 03:14:20', '2022-12-26 23:54:08');
INSERT INTO `student` VALUES (1000, '屠斯年', '20201000999', '57c3cb70f14ca167abc6dc3bde5d1cd8', 'hXFkAGtHgP', NULL, '2022-12-11 03:14:20', '2022-12-26 23:54:08');
INSERT INTO `student` VALUES (1008, 'wzf', '20201002959', '96de5dccada3104df30dff215e6c3be5', 'eB6hOawZUD', NULL, '2022-12-23 20:50:35', '2022-12-26 23:54:08');
INSERT INTO `student` VALUES (1009, 'test', '20201002955', '45a455fb92f7da89cb0bed84498a20d2', 'NSqWiNkkJM', '2022-12-27 16:14:56', '2022-12-23 20:50:41', '2022-12-27 19:20:54');
INSERT INTO `student` VALUES (1010, 'mqh', '20201003044', '5261ce2a489f447507b201ac4dc0e7e9', 'zb1VO68oMz', NULL, '2022-12-23 20:51:09', '2022-12-26 23:54:08');
INSERT INTO `student` VALUES (1011, 'hzq', '20201003198', '34fb4d4b20d4899f741341d8d6cd6048', 'VBxYyMNnEv', NULL, '2022-12-23 20:51:15', '2022-12-26 23:54:08');
INSERT INTO `student` VALUES (1012, 'zjx', '20201003168', '5e3952f09ef11f7cf977b0a77aa44f28', 'JxS6GhZPzp', NULL, '2022-12-23 20:51:28', '2022-12-26 23:54:08');
INSERT INTO `student` VALUES (1013, 'test', '20201002958', '7a0a70ba508236d9069ffa810abe9714', '8yemZiArHc', NULL, '2022-12-26 18:28:31', '2022-12-26 23:54:08');
INSERT INTO `student` VALUES (1014, 'zjx', '20191002968', '7684852327c4bb5b81bd25fa6ffa92cf', 'sSzyA1zsz5', '2022-12-27 02:44:28', '2022-12-27 02:34:28', '2022-12-27 02:44:28');

-- ----------------------------
-- Table structure for student_major
-- ----------------------------
DROP TABLE IF EXISTS `student_major`;
CREATE TABLE `student_major`  (
  `id` bigint NOT NULL AUTO_INCREMENT COMMENT 'pk_id',
  `student_id` bigint NULL DEFAULT NULL COMMENT '学生id',
  `major_id` bigint NULL DEFAULT NULL COMMENT '学院id',
  `year` char(4) CHARACTER SET utf8mb4 COLLATE utf8mb4_0900_ai_ci NULL DEFAULT NULL COMMENT '年级',
  `is_deleted` tinyint NOT NULL DEFAULT 0 COMMENT '逻辑删除(1为已删除 默认为0)',
  `gmt_create` datetime NOT NULL DEFAULT CURRENT_TIMESTAMP COMMENT '创建时间',
  `gmt_modified` datetime NOT NULL DEFAULT CURRENT_TIMESTAMP ON UPDATE CURRENT_TIMESTAMP COMMENT '修改时间',
  PRIMARY KEY (`id`) USING BTREE
) ENGINE = InnoDB AUTO_INCREMENT = 1010 CHARACTER SET = utf8mb4 COLLATE = utf8mb4_0900_ai_ci ROW_FORMAT = Dynamic;

-- ----------------------------
-- Records of student_major
-- ----------------------------
INSERT INTO `student_major` VALUES (1, 1, 1, '2022', 0, '2022-12-11 03:28:57', '2022-12-12 03:57:22');
INSERT INTO `student_major` VALUES (2, 2, 4, '2021', 0, '2022-12-11 03:28:57', '2022-12-11 03:28:57');
INSERT INTO `student_major` VALUES (3, 3, 3, '2019', 0, '2022-12-11 03:28:57', '2022-12-11 03:28:57');
INSERT INTO `student_major` VALUES (4, 4, 3, '2020', 0, '2022-12-11 03:28:57', '2022-12-11 03:28:57');
INSERT INTO `student_major` VALUES (5, 5, 3, '2020', 0, '2022-12-11 03:28:57', '2022-12-11 03:28:57');
INSERT INTO `student_major` VALUES (6, 6, 4, '2019', 0, '2022-12-11 03:28:57', '2022-12-11 03:28:57');
INSERT INTO `student_major` VALUES (7, 7, 5, '2019', 0, '2022-12-11 03:28:57', '2022-12-11 03:28:57');
INSERT INTO `student_major` VALUES (8, 8, 5, '2022', 0, '2022-12-11 03:28:57', '2022-12-11 03:28:57');
INSERT INTO `student_major` VALUES (9, 9, 5, '2022', 0, '2022-12-11 03:28:57', '2022-12-11 03:28:57');
INSERT INTO `student_major` VALUES (10, 10, 2, '2022', 0, '2022-12-11 03:28:57', '2022-12-11 03:28:57');
INSERT INTO `student_major` VALUES (11, 11, 6, '2021', 0, '2022-12-11 03:28:57', '2022-12-11 03:28:57');
INSERT INTO `student_major` VALUES (12, 12, 2, '2019', 0, '2022-12-11 03:28:57', '2022-12-11 03:28:57');
INSERT INTO `student_major` VALUES (13, 13, 3, '2021', 0, '2022-12-11 03:28:57', '2022-12-11 03:28:57');
INSERT INTO `student_major` VALUES (14, 14, 2, '2020', 0, '2022-12-11 03:28:57', '2022-12-11 03:28:57');
INSERT INTO `student_major` VALUES (15, 15, 6, '2022', 0, '2022-12-11 03:28:57', '2022-12-11 03:28:57');
INSERT INTO `student_major` VALUES (16, 16, 4, '2019', 0, '2022-12-11 03:28:57', '2022-12-11 03:28:57');
INSERT INTO `student_major` VALUES (17, 17, 5, '2021', 0, '2022-12-11 03:28:57', '2022-12-11 03:28:57');
INSERT INTO `student_major` VALUES (18, 18, 4, '2020', 0, '2022-12-11 03:28:57', '2022-12-11 03:28:57');
INSERT INTO `student_major` VALUES (19, 19, 3, '2021', 0, '2022-12-11 03:28:57', '2022-12-11 03:28:57');
INSERT INTO `student_major` VALUES (20, 20, 5, '2022', 0, '2022-12-11 03:28:57', '2022-12-11 03:28:57');
INSERT INTO `student_major` VALUES (21, 21, 3, '2020', 0, '2022-12-11 03:28:57', '2022-12-11 03:28:57');
INSERT INTO `student_major` VALUES (22, 22, 6, '2021', 0, '2022-12-11 03:28:57', '2022-12-11 03:28:57');
INSERT INTO `student_major` VALUES (23, 23, 2, '2022', 0, '2022-12-11 03:28:57', '2022-12-11 03:28:57');
INSERT INTO `student_major` VALUES (24, 24, 6, '2019', 0, '2022-12-11 03:28:57', '2022-12-11 03:28:57');
INSERT INTO `student_major` VALUES (25, 25, 4, '2019', 0, '2022-12-11 03:28:57', '2022-12-11 03:28:57');
INSERT INTO `student_major` VALUES (26, 26, 2, '2022', 0, '2022-12-11 03:28:57', '2022-12-11 03:28:57');
INSERT INTO `student_major` VALUES (27, 27, 1, '2019', 0, '2022-12-11 03:28:57', '2022-12-11 03:28:57');
INSERT INTO `student_major` VALUES (28, 28, 3, '2019', 0, '2022-12-11 03:28:57', '2022-12-11 03:28:57');
INSERT INTO `student_major` VALUES (29, 29, 4, '2021', 0, '2022-12-11 03:28:57', '2022-12-11 03:28:57');
INSERT INTO `student_major` VALUES (30, 30, 4, '2021', 0, '2022-12-11 03:28:57', '2022-12-11 03:28:57');
INSERT INTO `student_major` VALUES (31, 31, 4, '2019', 0, '2022-12-11 03:28:57', '2022-12-11 03:28:57');
INSERT INTO `student_major` VALUES (32, 32, 4, '2021', 0, '2022-12-11 03:28:57', '2022-12-11 03:28:57');
INSERT INTO `student_major` VALUES (33, 33, 1, '2019', 0, '2022-12-11 03:28:57', '2022-12-11 03:28:57');
INSERT INTO `student_major` VALUES (34, 34, 2, '2021', 0, '2022-12-11 03:28:57', '2022-12-11 03:28:57');
INSERT INTO `student_major` VALUES (35, 35, 3, '2020', 0, '2022-12-11 03:28:57', '2022-12-11 03:28:57');
INSERT INTO `student_major` VALUES (36, 36, 2, '2019', 0, '2022-12-11 03:28:57', '2022-12-11 03:28:57');
INSERT INTO `student_major` VALUES (37, 37, 4, '2019', 0, '2022-12-11 03:28:57', '2022-12-11 03:28:57');
INSERT INTO `student_major` VALUES (38, 38, 5, '2020', 0, '2022-12-11 03:28:57', '2022-12-11 03:28:57');
INSERT INTO `student_major` VALUES (39, 39, 1, '2019', 0, '2022-12-11 03:28:57', '2022-12-11 03:28:57');
INSERT INTO `student_major` VALUES (40, 40, 6, '2019', 0, '2022-12-11 03:28:57', '2022-12-11 03:28:57');
INSERT INTO `student_major` VALUES (41, 41, 5, '2021', 0, '2022-12-11 03:28:57', '2022-12-11 03:28:57');
INSERT INTO `student_major` VALUES (42, 42, 1, '2020', 0, '2022-12-11 03:28:57', '2022-12-11 03:28:57');
INSERT INTO `student_major` VALUES (43, 43, 2, '2021', 0, '2022-12-11 03:28:57', '2022-12-11 03:28:57');
INSERT INTO `student_major` VALUES (44, 44, 6, '2019', 0, '2022-12-11 03:28:57', '2022-12-11 03:28:57');
INSERT INTO `student_major` VALUES (45, 45, 3, '2020', 0, '2022-12-11 03:28:57', '2022-12-11 03:28:57');
INSERT INTO `student_major` VALUES (46, 46, 5, '2019', 0, '2022-12-11 03:28:57', '2022-12-11 03:28:57');
INSERT INTO `student_major` VALUES (47, 47, 3, '2020', 0, '2022-12-11 03:28:57', '2022-12-11 03:28:57');
INSERT INTO `student_major` VALUES (48, 48, 4, '2022', 0, '2022-12-11 03:28:57', '2022-12-11 03:28:57');
INSERT INTO `student_major` VALUES (49, 49, 3, '2022', 0, '2022-12-11 03:28:57', '2022-12-11 03:28:57');
INSERT INTO `student_major` VALUES (50, 50, 4, '2019', 0, '2022-12-11 03:28:57', '2022-12-11 03:28:57');
INSERT INTO `student_major` VALUES (51, 51, 4, '2021', 0, '2022-12-11 03:28:57', '2022-12-11 03:28:57');
INSERT INTO `student_major` VALUES (52, 52, 3, '2022', 0, '2022-12-11 03:28:57', '2022-12-11 03:28:57');
INSERT INTO `student_major` VALUES (53, 53, 4, '2019', 0, '2022-12-11 03:28:57', '2022-12-11 03:28:57');
INSERT INTO `student_major` VALUES (54, 54, 4, '2020', 0, '2022-12-11 03:28:57', '2022-12-11 03:28:57');
INSERT INTO `student_major` VALUES (55, 55, 2, '2021', 0, '2022-12-11 03:28:57', '2022-12-11 03:28:57');
INSERT INTO `student_major` VALUES (56, 56, 5, '2019', 0, '2022-12-11 03:28:57', '2022-12-11 03:28:57');
INSERT INTO `student_major` VALUES (57, 57, 4, '2020', 0, '2022-12-11 03:28:57', '2022-12-11 03:28:57');
INSERT INTO `student_major` VALUES (58, 58, 2, '2022', 0, '2022-12-11 03:28:57', '2022-12-11 03:28:57');
INSERT INTO `student_major` VALUES (59, 59, 1, '2020', 0, '2022-12-11 03:28:57', '2022-12-11 03:28:57');
INSERT INTO `student_major` VALUES (60, 60, 6, '2021', 0, '2022-12-11 03:28:57', '2022-12-11 03:28:57');
INSERT INTO `student_major` VALUES (61, 61, 6, '2019', 0, '2022-12-11 03:28:57', '2022-12-11 03:28:57');
INSERT INTO `student_major` VALUES (62, 62, 4, '2020', 0, '2022-12-11 03:28:57', '2022-12-11 03:28:57');
INSERT INTO `student_major` VALUES (63, 63, 2, '2019', 0, '2022-12-11 03:28:57', '2022-12-11 03:28:57');
INSERT INTO `student_major` VALUES (64, 64, 6, '2022', 0, '2022-12-11 03:28:57', '2022-12-11 03:28:57');
INSERT INTO `student_major` VALUES (65, 65, 5, '2020', 0, '2022-12-11 03:28:57', '2022-12-11 03:28:57');
INSERT INTO `student_major` VALUES (66, 66, 4, '2021', 0, '2022-12-11 03:28:57', '2022-12-11 03:28:57');
INSERT INTO `student_major` VALUES (67, 67, 3, '2020', 0, '2022-12-11 03:28:57', '2022-12-11 03:28:57');
INSERT INTO `student_major` VALUES (68, 68, 4, '2022', 0, '2022-12-11 03:28:57', '2022-12-11 03:28:57');
INSERT INTO `student_major` VALUES (69, 69, 5, '2022', 0, '2022-12-11 03:28:57', '2022-12-11 03:28:57');
INSERT INTO `student_major` VALUES (70, 70, 5, '2019', 0, '2022-12-11 03:28:57', '2022-12-11 03:28:57');
INSERT INTO `student_major` VALUES (71, 71, 5, '2021', 0, '2022-12-11 03:28:57', '2022-12-11 03:28:57');
INSERT INTO `student_major` VALUES (72, 72, 6, '2022', 0, '2022-12-11 03:28:57', '2022-12-11 03:28:57');
INSERT INTO `student_major` VALUES (73, 73, 4, '2021', 0, '2022-12-11 03:28:57', '2022-12-11 03:28:57');
INSERT INTO `student_major` VALUES (74, 74, 2, '2019', 0, '2022-12-11 03:28:57', '2022-12-11 03:28:57');
INSERT INTO `student_major` VALUES (75, 75, 3, '2021', 0, '2022-12-11 03:28:57', '2022-12-11 03:28:57');
INSERT INTO `student_major` VALUES (76, 76, 4, '2021', 0, '2022-12-11 03:28:57', '2022-12-11 03:28:57');
INSERT INTO `student_major` VALUES (77, 77, 1, '2022', 0, '2022-12-11 03:28:57', '2022-12-11 03:28:57');
INSERT INTO `student_major` VALUES (78, 78, 1, '2019', 0, '2022-12-11 03:28:57', '2022-12-11 03:28:57');
INSERT INTO `student_major` VALUES (79, 79, 2, '2021', 0, '2022-12-11 03:28:57', '2022-12-11 03:28:57');
INSERT INTO `student_major` VALUES (80, 80, 1, '2022', 0, '2022-12-11 03:28:57', '2022-12-11 03:28:57');
INSERT INTO `student_major` VALUES (81, 81, 3, '2021', 0, '2022-12-11 03:28:57', '2022-12-11 03:28:57');
INSERT INTO `student_major` VALUES (82, 82, 6, '2019', 0, '2022-12-11 03:28:57', '2022-12-11 03:28:57');
INSERT INTO `student_major` VALUES (83, 83, 5, '2019', 0, '2022-12-11 03:28:57', '2022-12-11 03:28:57');
INSERT INTO `student_major` VALUES (84, 84, 3, '2021', 0, '2022-12-11 03:28:57', '2022-12-11 03:28:57');
INSERT INTO `student_major` VALUES (85, 85, 6, '2020', 0, '2022-12-11 03:28:57', '2022-12-11 03:28:57');
INSERT INTO `student_major` VALUES (86, 86, 5, '2020', 0, '2022-12-11 03:28:57', '2022-12-11 03:28:57');
INSERT INTO `student_major` VALUES (87, 87, 6, '2020', 0, '2022-12-11 03:28:57', '2022-12-11 03:28:57');
INSERT INTO `student_major` VALUES (88, 88, 2, '2019', 0, '2022-12-11 03:28:57', '2022-12-11 03:28:57');
INSERT INTO `student_major` VALUES (89, 89, 2, '2020', 0, '2022-12-11 03:28:57', '2022-12-11 03:28:57');
INSERT INTO `student_major` VALUES (90, 90, 3, '2022', 0, '2022-12-11 03:28:57', '2022-12-11 03:28:57');
INSERT INTO `student_major` VALUES (91, 91, 4, '2022', 0, '2022-12-11 03:28:57', '2022-12-11 03:28:57');
INSERT INTO `student_major` VALUES (92, 92, 3, '2022', 0, '2022-12-11 03:28:57', '2022-12-11 03:28:57');
INSERT INTO `student_major` VALUES (93, 93, 2, '2022', 0, '2022-12-11 03:28:57', '2022-12-11 03:28:57');
INSERT INTO `student_major` VALUES (94, 94, 1, '2020', 0, '2022-12-11 03:28:57', '2022-12-11 03:28:57');
INSERT INTO `student_major` VALUES (95, 95, 5, '2019', 0, '2022-12-11 03:28:57', '2022-12-11 03:28:57');
INSERT INTO `student_major` VALUES (96, 96, 2, '2022', 0, '2022-12-11 03:28:57', '2022-12-11 03:28:57');
INSERT INTO `student_major` VALUES (97, 97, 6, '2019', 0, '2022-12-11 03:28:57', '2022-12-11 03:28:57');
INSERT INTO `student_major` VALUES (98, 98, 6, '2021', 0, '2022-12-11 03:28:57', '2022-12-11 03:28:57');
INSERT INTO `student_major` VALUES (99, 99, 2, '2021', 0, '2022-12-11 03:28:57', '2022-12-11 03:28:57');
INSERT INTO `student_major` VALUES (100, 100, 6, '2020', 0, '2022-12-11 03:28:57', '2022-12-11 03:28:57');
INSERT INTO `student_major` VALUES (101, 101, 1, '2020', 0, '2022-12-11 03:28:57', '2022-12-11 03:28:57');
INSERT INTO `student_major` VALUES (102, 102, 5, '2021', 0, '2022-12-11 03:28:57', '2022-12-11 03:28:57');
INSERT INTO `student_major` VALUES (103, 103, 2, '2019', 0, '2022-12-11 03:28:57', '2022-12-11 03:28:57');
INSERT INTO `student_major` VALUES (104, 104, 6, '2022', 0, '2022-12-11 03:28:57', '2022-12-11 03:28:57');
INSERT INTO `student_major` VALUES (105, 105, 1, '2020', 0, '2022-12-11 03:28:57', '2022-12-11 03:28:57');
INSERT INTO `student_major` VALUES (106, 106, 4, '2019', 0, '2022-12-11 03:28:57', '2022-12-11 03:28:57');
INSERT INTO `student_major` VALUES (107, 107, 2, '2022', 0, '2022-12-11 03:28:57', '2022-12-11 03:28:57');
INSERT INTO `student_major` VALUES (108, 108, 5, '2019', 0, '2022-12-11 03:28:57', '2022-12-11 03:28:57');
INSERT INTO `student_major` VALUES (109, 109, 2, '2020', 0, '2022-12-11 03:28:57', '2022-12-11 03:28:57');
INSERT INTO `student_major` VALUES (110, 110, 3, '2022', 0, '2022-12-11 03:28:57', '2022-12-11 03:28:57');
INSERT INTO `student_major` VALUES (111, 111, 5, '2022', 0, '2022-12-11 03:28:57', '2022-12-11 03:28:57');
INSERT INTO `student_major` VALUES (112, 112, 1, '2020', 0, '2022-12-11 03:28:57', '2022-12-11 03:28:57');
INSERT INTO `student_major` VALUES (113, 113, 1, '2019', 0, '2022-12-11 03:28:57', '2022-12-11 03:28:57');
INSERT INTO `student_major` VALUES (114, 114, 1, '2022', 0, '2022-12-11 03:28:57', '2022-12-11 03:28:57');
INSERT INTO `student_major` VALUES (115, 115, 4, '2022', 0, '2022-12-11 03:28:57', '2022-12-11 03:28:57');
INSERT INTO `student_major` VALUES (116, 116, 1, '2020', 0, '2022-12-11 03:28:57', '2022-12-11 03:28:57');
INSERT INTO `student_major` VALUES (117, 117, 3, '2022', 0, '2022-12-11 03:28:57', '2022-12-11 03:28:57');
INSERT INTO `student_major` VALUES (118, 118, 1, '2020', 0, '2022-12-11 03:28:57', '2022-12-11 03:28:57');
INSERT INTO `student_major` VALUES (119, 119, 1, '2022', 0, '2022-12-11 03:28:57', '2022-12-11 03:28:57');
INSERT INTO `student_major` VALUES (120, 120, 2, '2021', 0, '2022-12-11 03:28:57', '2022-12-11 03:28:57');
INSERT INTO `student_major` VALUES (121, 121, 1, '2019', 0, '2022-12-11 03:28:57', '2022-12-11 03:28:57');
INSERT INTO `student_major` VALUES (122, 122, 4, '2020', 0, '2022-12-11 03:28:57', '2022-12-11 03:28:57');
INSERT INTO `student_major` VALUES (123, 123, 1, '2021', 0, '2022-12-11 03:28:57', '2022-12-11 03:28:57');
INSERT INTO `student_major` VALUES (124, 124, 5, '2021', 0, '2022-12-11 03:28:57', '2022-12-11 03:28:57');
INSERT INTO `student_major` VALUES (125, 125, 2, '2020', 0, '2022-12-11 03:28:57', '2022-12-11 03:28:57');
INSERT INTO `student_major` VALUES (126, 126, 6, '2020', 0, '2022-12-11 03:28:57', '2022-12-11 03:28:57');
INSERT INTO `student_major` VALUES (127, 127, 2, '2021', 0, '2022-12-11 03:28:57', '2022-12-11 03:28:57');
INSERT INTO `student_major` VALUES (128, 128, 2, '2021', 0, '2022-12-11 03:28:57', '2022-12-11 03:28:57');
INSERT INTO `student_major` VALUES (129, 129, 1, '2021', 0, '2022-12-11 03:28:57', '2022-12-11 03:28:57');
INSERT INTO `student_major` VALUES (130, 130, 5, '2020', 0, '2022-12-11 03:28:57', '2022-12-11 03:28:57');
INSERT INTO `student_major` VALUES (131, 131, 3, '2020', 0, '2022-12-11 03:28:57', '2022-12-11 03:28:57');
INSERT INTO `student_major` VALUES (132, 132, 6, '2022', 0, '2022-12-11 03:28:57', '2022-12-11 03:28:57');
INSERT INTO `student_major` VALUES (133, 133, 4, '2019', 0, '2022-12-11 03:28:57', '2022-12-11 03:28:57');
INSERT INTO `student_major` VALUES (134, 134, 6, '2022', 0, '2022-12-11 03:28:57', '2022-12-11 03:28:57');
INSERT INTO `student_major` VALUES (135, 135, 6, '2021', 0, '2022-12-11 03:28:57', '2022-12-11 03:28:57');
INSERT INTO `student_major` VALUES (136, 136, 5, '2022', 0, '2022-12-11 03:28:57', '2022-12-11 03:28:57');
INSERT INTO `student_major` VALUES (137, 137, 1, '2021', 0, '2022-12-11 03:28:57', '2022-12-11 03:28:57');
INSERT INTO `student_major` VALUES (138, 138, 5, '2020', 0, '2022-12-11 03:28:57', '2022-12-11 03:28:57');
INSERT INTO `student_major` VALUES (139, 139, 3, '2019', 0, '2022-12-11 03:28:57', '2022-12-11 03:28:57');
INSERT INTO `student_major` VALUES (140, 140, 5, '2020', 0, '2022-12-11 03:28:57', '2022-12-11 03:28:57');
INSERT INTO `student_major` VALUES (141, 141, 4, '2022', 0, '2022-12-11 03:28:58', '2022-12-11 03:28:58');
INSERT INTO `student_major` VALUES (142, 142, 4, '2019', 0, '2022-12-11 03:28:58', '2022-12-11 03:28:58');
INSERT INTO `student_major` VALUES (143, 143, 4, '2022', 0, '2022-12-11 03:28:58', '2022-12-11 03:28:58');
INSERT INTO `student_major` VALUES (144, 144, 4, '2020', 0, '2022-12-11 03:28:58', '2022-12-11 03:28:58');
INSERT INTO `student_major` VALUES (145, 145, 1, '2021', 0, '2022-12-11 03:28:58', '2022-12-11 03:28:58');
INSERT INTO `student_major` VALUES (146, 146, 6, '2022', 0, '2022-12-11 03:28:58', '2022-12-11 03:28:58');
INSERT INTO `student_major` VALUES (147, 147, 4, '2020', 0, '2022-12-11 03:28:58', '2022-12-11 03:28:58');
INSERT INTO `student_major` VALUES (148, 148, 1, '2021', 0, '2022-12-11 03:28:58', '2022-12-11 03:28:58');
INSERT INTO `student_major` VALUES (149, 149, 2, '2021', 0, '2022-12-11 03:28:58', '2022-12-11 03:28:58');
INSERT INTO `student_major` VALUES (150, 150, 6, '2020', 0, '2022-12-11 03:28:58', '2022-12-11 03:28:58');
INSERT INTO `student_major` VALUES (151, 151, 5, '2022', 0, '2022-12-11 03:28:58', '2022-12-11 03:28:58');
INSERT INTO `student_major` VALUES (152, 152, 1, '2022', 0, '2022-12-11 03:28:58', '2022-12-11 03:28:58');
INSERT INTO `student_major` VALUES (153, 153, 1, '2022', 0, '2022-12-11 03:28:58', '2022-12-11 03:28:58');
INSERT INTO `student_major` VALUES (154, 154, 1, '2020', 0, '2022-12-11 03:28:58', '2022-12-11 03:28:58');
INSERT INTO `student_major` VALUES (155, 155, 1, '2019', 0, '2022-12-11 03:28:58', '2022-12-11 03:28:58');
INSERT INTO `student_major` VALUES (156, 156, 3, '2021', 0, '2022-12-11 03:28:58', '2022-12-11 03:28:58');
INSERT INTO `student_major` VALUES (157, 157, 5, '2022', 0, '2022-12-11 03:28:58', '2022-12-11 03:28:58');
INSERT INTO `student_major` VALUES (158, 158, 3, '2021', 0, '2022-12-11 03:28:58', '2022-12-11 03:28:58');
INSERT INTO `student_major` VALUES (159, 159, 3, '2020', 0, '2022-12-11 03:28:58', '2022-12-11 03:28:58');
INSERT INTO `student_major` VALUES (160, 160, 5, '2019', 0, '2022-12-11 03:28:58', '2022-12-11 03:28:58');
INSERT INTO `student_major` VALUES (161, 161, 6, '2019', 0, '2022-12-11 03:28:58', '2022-12-11 03:28:58');
INSERT INTO `student_major` VALUES (162, 162, 4, '2021', 0, '2022-12-11 03:28:58', '2022-12-11 03:28:58');
INSERT INTO `student_major` VALUES (163, 163, 2, '2019', 0, '2022-12-11 03:28:58', '2022-12-11 03:28:58');
INSERT INTO `student_major` VALUES (164, 164, 4, '2022', 0, '2022-12-11 03:28:58', '2022-12-11 03:28:58');
INSERT INTO `student_major` VALUES (165, 165, 2, '2020', 0, '2022-12-11 03:28:58', '2022-12-11 03:28:58');
INSERT INTO `student_major` VALUES (166, 166, 5, '2020', 0, '2022-12-11 03:28:58', '2022-12-11 03:28:58');
INSERT INTO `student_major` VALUES (167, 167, 1, '2022', 0, '2022-12-11 03:28:58', '2022-12-11 03:28:58');
INSERT INTO `student_major` VALUES (168, 168, 5, '2020', 0, '2022-12-11 03:28:58', '2022-12-11 03:28:58');
INSERT INTO `student_major` VALUES (169, 169, 4, '2022', 0, '2022-12-11 03:28:58', '2022-12-11 03:28:58');
INSERT INTO `student_major` VALUES (170, 170, 2, '2019', 0, '2022-12-11 03:28:58', '2022-12-11 03:28:58');
INSERT INTO `student_major` VALUES (171, 171, 3, '2021', 0, '2022-12-11 03:28:58', '2022-12-11 03:28:58');
INSERT INTO `student_major` VALUES (172, 172, 4, '2022', 0, '2022-12-11 03:28:58', '2022-12-11 03:28:58');
INSERT INTO `student_major` VALUES (173, 173, 2, '2019', 0, '2022-12-11 03:28:58', '2022-12-11 03:28:58');
INSERT INTO `student_major` VALUES (174, 174, 1, '2019', 0, '2022-12-11 03:28:58', '2022-12-11 03:28:58');
INSERT INTO `student_major` VALUES (175, 175, 1, '2020', 0, '2022-12-11 03:28:58', '2022-12-11 03:28:58');
INSERT INTO `student_major` VALUES (176, 176, 5, '2020', 0, '2022-12-11 03:28:58', '2022-12-11 03:28:58');
INSERT INTO `student_major` VALUES (177, 177, 3, '2020', 0, '2022-12-11 03:28:58', '2022-12-11 03:28:58');
INSERT INTO `student_major` VALUES (178, 178, 6, '2019', 0, '2022-12-11 03:28:58', '2022-12-11 03:28:58');
INSERT INTO `student_major` VALUES (179, 179, 4, '2019', 0, '2022-12-11 03:28:58', '2022-12-11 03:28:58');
INSERT INTO `student_major` VALUES (180, 180, 6, '2019', 0, '2022-12-11 03:28:58', '2022-12-11 03:28:58');
INSERT INTO `student_major` VALUES (181, 181, 5, '2020', 0, '2022-12-11 03:28:58', '2022-12-11 03:28:58');
INSERT INTO `student_major` VALUES (182, 182, 6, '2020', 0, '2022-12-11 03:28:58', '2022-12-11 03:28:58');
INSERT INTO `student_major` VALUES (183, 183, 5, '2021', 0, '2022-12-11 03:28:58', '2022-12-11 03:28:58');
INSERT INTO `student_major` VALUES (184, 184, 3, '2021', 0, '2022-12-11 03:28:58', '2022-12-11 03:28:58');
INSERT INTO `student_major` VALUES (185, 185, 6, '2022', 0, '2022-12-11 03:28:58', '2022-12-11 03:28:58');
INSERT INTO `student_major` VALUES (186, 186, 1, '2021', 0, '2022-12-11 03:28:58', '2022-12-11 03:28:58');
INSERT INTO `student_major` VALUES (187, 187, 6, '2019', 0, '2022-12-11 03:28:58', '2022-12-11 03:28:58');
INSERT INTO `student_major` VALUES (188, 188, 5, '2022', 0, '2022-12-11 03:28:58', '2022-12-11 03:28:58');
INSERT INTO `student_major` VALUES (189, 189, 4, '2021', 0, '2022-12-11 03:28:58', '2022-12-11 03:28:58');
INSERT INTO `student_major` VALUES (190, 190, 4, '2020', 0, '2022-12-11 03:28:58', '2022-12-11 03:28:58');
INSERT INTO `student_major` VALUES (191, 191, 1, '2022', 0, '2022-12-11 03:28:58', '2022-12-11 03:28:58');
INSERT INTO `student_major` VALUES (192, 192, 1, '2022', 0, '2022-12-11 03:28:58', '2022-12-11 03:28:58');
INSERT INTO `student_major` VALUES (193, 193, 3, '2022', 0, '2022-12-11 03:28:58', '2022-12-11 03:28:58');
INSERT INTO `student_major` VALUES (194, 194, 5, '2020', 0, '2022-12-11 03:28:58', '2022-12-11 03:28:58');
INSERT INTO `student_major` VALUES (195, 195, 4, '2022', 0, '2022-12-11 03:28:58', '2022-12-11 03:28:58');
INSERT INTO `student_major` VALUES (196, 196, 4, '2020', 0, '2022-12-11 03:28:58', '2022-12-11 03:28:58');
INSERT INTO `student_major` VALUES (197, 197, 5, '2020', 0, '2022-12-11 03:28:58', '2022-12-11 03:28:58');
INSERT INTO `student_major` VALUES (198, 198, 6, '2020', 0, '2022-12-11 03:28:58', '2022-12-11 03:28:58');
INSERT INTO `student_major` VALUES (199, 199, 2, '2022', 0, '2022-12-11 03:28:58', '2022-12-11 03:28:58');
INSERT INTO `student_major` VALUES (200, 200, 5, '2019', 0, '2022-12-11 03:28:58', '2022-12-11 03:28:58');
INSERT INTO `student_major` VALUES (201, 201, 1, '2022', 0, '2022-12-11 03:28:58', '2022-12-11 03:28:58');
INSERT INTO `student_major` VALUES (202, 202, 2, '2022', 0, '2022-12-11 03:28:58', '2022-12-11 03:28:58');
INSERT INTO `student_major` VALUES (203, 203, 6, '2020', 0, '2022-12-11 03:28:58', '2022-12-11 03:28:58');
INSERT INTO `student_major` VALUES (204, 204, 1, '2019', 0, '2022-12-11 03:28:58', '2022-12-11 03:28:58');
INSERT INTO `student_major` VALUES (205, 205, 1, '2020', 0, '2022-12-11 03:28:58', '2022-12-11 03:28:58');
INSERT INTO `student_major` VALUES (206, 206, 5, '2022', 0, '2022-12-11 03:28:58', '2022-12-11 03:28:58');
INSERT INTO `student_major` VALUES (207, 207, 5, '2020', 0, '2022-12-11 03:28:58', '2022-12-11 03:28:58');
INSERT INTO `student_major` VALUES (208, 208, 5, '2020', 0, '2022-12-11 03:28:58', '2022-12-11 03:28:58');
INSERT INTO `student_major` VALUES (209, 209, 2, '2020', 0, '2022-12-11 03:28:58', '2022-12-11 03:28:58');
INSERT INTO `student_major` VALUES (210, 210, 5, '2019', 0, '2022-12-11 03:28:58', '2022-12-11 03:28:58');
INSERT INTO `student_major` VALUES (211, 211, 5, '2020', 0, '2022-12-11 03:28:58', '2022-12-11 03:28:58');
INSERT INTO `student_major` VALUES (212, 212, 6, '2022', 0, '2022-12-11 03:28:58', '2022-12-11 03:28:58');
INSERT INTO `student_major` VALUES (213, 213, 3, '2019', 0, '2022-12-11 03:28:58', '2022-12-11 03:28:58');
INSERT INTO `student_major` VALUES (214, 214, 3, '2022', 0, '2022-12-11 03:28:58', '2022-12-11 03:28:58');
INSERT INTO `student_major` VALUES (215, 215, 6, '2019', 0, '2022-12-11 03:28:58', '2022-12-11 03:28:58');
INSERT INTO `student_major` VALUES (216, 216, 4, '2020', 0, '2022-12-11 03:28:58', '2022-12-11 03:28:58');
INSERT INTO `student_major` VALUES (217, 217, 6, '2022', 0, '2022-12-11 03:28:58', '2022-12-11 03:28:58');
INSERT INTO `student_major` VALUES (218, 218, 6, '2022', 0, '2022-12-11 03:28:58', '2022-12-11 03:28:58');
INSERT INTO `student_major` VALUES (219, 219, 1, '2020', 0, '2022-12-11 03:28:58', '2022-12-11 03:28:58');
INSERT INTO `student_major` VALUES (220, 220, 4, '2021', 0, '2022-12-11 03:28:58', '2022-12-11 03:28:58');
INSERT INTO `student_major` VALUES (221, 221, 2, '2022', 0, '2022-12-11 03:28:58', '2022-12-11 03:28:58');
INSERT INTO `student_major` VALUES (222, 222, 4, '2019', 0, '2022-12-11 03:28:58', '2022-12-11 03:28:58');
INSERT INTO `student_major` VALUES (223, 223, 3, '2021', 0, '2022-12-11 03:28:58', '2022-12-11 03:28:58');
INSERT INTO `student_major` VALUES (224, 224, 5, '2021', 0, '2022-12-11 03:28:58', '2022-12-11 03:28:58');
INSERT INTO `student_major` VALUES (225, 225, 5, '2020', 0, '2022-12-11 03:28:58', '2022-12-11 03:28:58');
INSERT INTO `student_major` VALUES (226, 226, 5, '2022', 0, '2022-12-11 03:28:58', '2022-12-11 03:28:58');
INSERT INTO `student_major` VALUES (227, 227, 6, '2021', 0, '2022-12-11 03:28:58', '2022-12-11 03:28:58');
INSERT INTO `student_major` VALUES (228, 228, 3, '2022', 0, '2022-12-11 03:28:58', '2022-12-11 03:28:58');
INSERT INTO `student_major` VALUES (229, 229, 2, '2019', 0, '2022-12-11 03:28:58', '2022-12-11 03:28:58');
INSERT INTO `student_major` VALUES (230, 230, 5, '2022', 0, '2022-12-11 03:28:58', '2022-12-11 03:28:58');
INSERT INTO `student_major` VALUES (231, 231, 3, '2019', 0, '2022-12-11 03:28:58', '2022-12-11 03:28:58');
INSERT INTO `student_major` VALUES (232, 232, 3, '2020', 0, '2022-12-11 03:28:58', '2022-12-11 03:28:58');
INSERT INTO `student_major` VALUES (233, 233, 5, '2019', 0, '2022-12-11 03:28:58', '2022-12-11 03:28:58');
INSERT INTO `student_major` VALUES (234, 234, 4, '2020', 0, '2022-12-11 03:28:58', '2022-12-11 03:28:58');
INSERT INTO `student_major` VALUES (235, 235, 5, '2022', 0, '2022-12-11 03:28:58', '2022-12-11 03:28:58');
INSERT INTO `student_major` VALUES (236, 236, 1, '2022', 0, '2022-12-11 03:28:58', '2022-12-11 03:28:58');
INSERT INTO `student_major` VALUES (237, 237, 4, '2019', 0, '2022-12-11 03:28:58', '2022-12-11 03:28:58');
INSERT INTO `student_major` VALUES (238, 238, 1, '2019', 0, '2022-12-11 03:28:58', '2022-12-11 03:28:58');
INSERT INTO `student_major` VALUES (239, 239, 6, '2021', 0, '2022-12-11 03:28:58', '2022-12-11 03:28:58');
INSERT INTO `student_major` VALUES (240, 240, 6, '2021', 0, '2022-12-11 03:28:58', '2022-12-11 03:28:58');
INSERT INTO `student_major` VALUES (241, 241, 2, '2021', 0, '2022-12-11 03:28:58', '2022-12-11 03:28:58');
INSERT INTO `student_major` VALUES (242, 242, 5, '2021', 0, '2022-12-11 03:28:58', '2022-12-11 03:28:58');
INSERT INTO `student_major` VALUES (243, 243, 5, '2021', 0, '2022-12-11 03:28:58', '2022-12-11 03:28:58');
INSERT INTO `student_major` VALUES (244, 244, 4, '2021', 0, '2022-12-11 03:28:58', '2022-12-11 03:28:58');
INSERT INTO `student_major` VALUES (245, 245, 4, '2021', 0, '2022-12-11 03:28:58', '2022-12-11 03:28:58');
INSERT INTO `student_major` VALUES (246, 246, 6, '2021', 0, '2022-12-11 03:28:58', '2022-12-11 03:28:58');
INSERT INTO `student_major` VALUES (247, 247, 1, '2019', 0, '2022-12-11 03:28:58', '2022-12-11 03:28:58');
INSERT INTO `student_major` VALUES (248, 248, 6, '2019', 0, '2022-12-11 03:28:58', '2022-12-11 03:28:58');
INSERT INTO `student_major` VALUES (249, 249, 3, '2021', 0, '2022-12-11 03:28:58', '2022-12-11 03:28:58');
INSERT INTO `student_major` VALUES (250, 250, 1, '2021', 0, '2022-12-11 03:28:58', '2022-12-11 03:28:58');
INSERT INTO `student_major` VALUES (251, 251, 5, '2022', 0, '2022-12-11 03:28:58', '2022-12-11 03:28:58');
INSERT INTO `student_major` VALUES (252, 252, 5, '2021', 0, '2022-12-11 03:28:58', '2022-12-11 03:28:58');
INSERT INTO `student_major` VALUES (253, 253, 4, '2020', 0, '2022-12-11 03:28:58', '2022-12-11 03:28:58');
INSERT INTO `student_major` VALUES (254, 254, 2, '2020', 0, '2022-12-11 03:28:58', '2022-12-11 03:28:58');
INSERT INTO `student_major` VALUES (255, 255, 2, '2020', 0, '2022-12-11 03:28:58', '2022-12-11 03:28:58');
INSERT INTO `student_major` VALUES (256, 256, 6, '2019', 0, '2022-12-11 03:28:58', '2022-12-11 03:28:58');
INSERT INTO `student_major` VALUES (257, 257, 4, '2022', 0, '2022-12-11 03:28:58', '2022-12-11 03:28:58');
INSERT INTO `student_major` VALUES (258, 258, 6, '2022', 0, '2022-12-11 03:28:58', '2022-12-11 03:28:58');
INSERT INTO `student_major` VALUES (259, 259, 3, '2022', 0, '2022-12-11 03:28:58', '2022-12-11 03:28:58');
INSERT INTO `student_major` VALUES (260, 260, 1, '2021', 0, '2022-12-11 03:28:58', '2022-12-11 03:28:58');
INSERT INTO `student_major` VALUES (261, 261, 6, '2022', 0, '2022-12-11 03:28:58', '2022-12-11 03:28:58');
INSERT INTO `student_major` VALUES (262, 262, 2, '2021', 0, '2022-12-11 03:28:58', '2022-12-11 03:28:58');
INSERT INTO `student_major` VALUES (263, 263, 2, '2020', 0, '2022-12-11 03:28:58', '2022-12-11 03:28:58');
INSERT INTO `student_major` VALUES (264, 264, 5, '2022', 0, '2022-12-11 03:28:58', '2022-12-11 03:28:58');
INSERT INTO `student_major` VALUES (265, 265, 2, '2019', 0, '2022-12-11 03:28:58', '2022-12-11 03:28:58');
INSERT INTO `student_major` VALUES (266, 266, 1, '2019', 0, '2022-12-11 03:28:58', '2022-12-11 03:28:58');
INSERT INTO `student_major` VALUES (267, 267, 2, '2019', 0, '2022-12-11 03:28:58', '2022-12-11 03:28:58');
INSERT INTO `student_major` VALUES (268, 268, 4, '2022', 0, '2022-12-11 03:28:58', '2022-12-11 03:28:58');
INSERT INTO `student_major` VALUES (269, 269, 5, '2021', 0, '2022-12-11 03:28:58', '2022-12-11 03:28:58');
INSERT INTO `student_major` VALUES (270, 270, 4, '2021', 0, '2022-12-11 03:28:58', '2022-12-11 03:28:58');
INSERT INTO `student_major` VALUES (271, 271, 3, '2019', 0, '2022-12-11 03:28:58', '2022-12-11 03:28:58');
INSERT INTO `student_major` VALUES (272, 272, 3, '2021', 0, '2022-12-11 03:28:58', '2022-12-11 03:28:58');
INSERT INTO `student_major` VALUES (273, 273, 5, '2022', 0, '2022-12-11 03:28:58', '2022-12-11 03:28:58');
INSERT INTO `student_major` VALUES (274, 274, 4, '2022', 0, '2022-12-11 03:28:58', '2022-12-11 03:28:58');
INSERT INTO `student_major` VALUES (275, 275, 1, '2019', 0, '2022-12-11 03:28:58', '2022-12-11 03:28:58');
INSERT INTO `student_major` VALUES (276, 276, 1, '2022', 0, '2022-12-11 03:28:58', '2022-12-11 03:28:58');
INSERT INTO `student_major` VALUES (277, 277, 5, '2022', 0, '2022-12-11 03:28:58', '2022-12-11 03:28:58');
INSERT INTO `student_major` VALUES (278, 278, 1, '2020', 0, '2022-12-11 03:28:58', '2022-12-11 03:28:58');
INSERT INTO `student_major` VALUES (279, 279, 6, '2019', 0, '2022-12-11 03:28:58', '2022-12-11 03:28:58');
INSERT INTO `student_major` VALUES (280, 280, 5, '2021', 0, '2022-12-11 03:28:58', '2022-12-11 03:28:58');
INSERT INTO `student_major` VALUES (281, 281, 3, '2020', 0, '2022-12-11 03:28:58', '2022-12-11 03:28:58');
INSERT INTO `student_major` VALUES (282, 282, 3, '2019', 0, '2022-12-11 03:28:58', '2022-12-11 03:28:58');
INSERT INTO `student_major` VALUES (283, 283, 2, '2020', 0, '2022-12-11 03:28:58', '2022-12-11 03:28:58');
INSERT INTO `student_major` VALUES (284, 284, 2, '2020', 0, '2022-12-11 03:28:58', '2022-12-11 03:28:58');
INSERT INTO `student_major` VALUES (285, 285, 4, '2021', 0, '2022-12-11 03:28:58', '2022-12-11 03:28:58');
INSERT INTO `student_major` VALUES (286, 286, 5, '2020', 0, '2022-12-11 03:28:58', '2022-12-11 03:28:58');
INSERT INTO `student_major` VALUES (287, 287, 4, '2019', 0, '2022-12-11 03:28:58', '2022-12-11 03:28:58');
INSERT INTO `student_major` VALUES (288, 288, 2, '2022', 0, '2022-12-11 03:28:58', '2022-12-11 03:28:58');
INSERT INTO `student_major` VALUES (289, 289, 6, '2021', 0, '2022-12-11 03:28:58', '2022-12-11 03:28:58');
INSERT INTO `student_major` VALUES (290, 290, 4, '2021', 0, '2022-12-11 03:28:58', '2022-12-11 03:28:58');
INSERT INTO `student_major` VALUES (291, 291, 1, '2020', 0, '2022-12-11 03:28:58', '2022-12-11 03:28:58');
INSERT INTO `student_major` VALUES (292, 292, 2, '2019', 0, '2022-12-11 03:28:58', '2022-12-11 03:28:58');
INSERT INTO `student_major` VALUES (293, 293, 4, '2021', 0, '2022-12-11 03:28:58', '2022-12-11 03:28:58');
INSERT INTO `student_major` VALUES (294, 294, 5, '2021', 0, '2022-12-11 03:28:58', '2022-12-11 03:28:58');
INSERT INTO `student_major` VALUES (295, 295, 1, '2021', 0, '2022-12-11 03:28:58', '2022-12-11 03:28:58');
INSERT INTO `student_major` VALUES (296, 296, 3, '2021', 0, '2022-12-11 03:28:58', '2022-12-11 03:28:58');
INSERT INTO `student_major` VALUES (297, 297, 2, '2021', 0, '2022-12-11 03:28:58', '2022-12-11 03:28:58');
INSERT INTO `student_major` VALUES (298, 298, 3, '2021', 0, '2022-12-11 03:28:58', '2022-12-11 03:28:58');
INSERT INTO `student_major` VALUES (299, 299, 6, '2021', 0, '2022-12-11 03:28:58', '2022-12-11 03:28:58');
INSERT INTO `student_major` VALUES (300, 300, 1, '2020', 0, '2022-12-11 03:28:58', '2022-12-11 03:28:58');
INSERT INTO `student_major` VALUES (301, 301, 4, '2019', 0, '2022-12-11 03:28:58', '2022-12-11 03:28:58');
INSERT INTO `student_major` VALUES (302, 302, 5, '2020', 0, '2022-12-11 03:28:58', '2022-12-11 03:28:58');
INSERT INTO `student_major` VALUES (303, 303, 3, '2021', 0, '2022-12-11 03:28:58', '2022-12-11 03:28:58');
INSERT INTO `student_major` VALUES (304, 304, 5, '2021', 0, '2022-12-11 03:28:58', '2022-12-11 03:28:58');
INSERT INTO `student_major` VALUES (305, 305, 1, '2021', 0, '2022-12-11 03:28:58', '2022-12-11 03:28:58');
INSERT INTO `student_major` VALUES (306, 306, 6, '2020', 0, '2022-12-11 03:28:58', '2022-12-11 03:28:58');
INSERT INTO `student_major` VALUES (307, 307, 5, '2021', 0, '2022-12-11 03:28:58', '2022-12-11 03:28:58');
INSERT INTO `student_major` VALUES (308, 308, 1, '2019', 0, '2022-12-11 03:28:58', '2022-12-11 03:28:58');
INSERT INTO `student_major` VALUES (309, 309, 3, '2020', 0, '2022-12-11 03:28:58', '2022-12-11 03:28:58');
INSERT INTO `student_major` VALUES (310, 310, 5, '2019', 0, '2022-12-11 03:28:58', '2022-12-11 03:28:58');
INSERT INTO `student_major` VALUES (311, 311, 3, '2021', 0, '2022-12-11 03:28:58', '2022-12-11 03:28:58');
INSERT INTO `student_major` VALUES (312, 312, 3, '2022', 0, '2022-12-11 03:28:58', '2022-12-11 03:28:58');
INSERT INTO `student_major` VALUES (313, 313, 3, '2022', 0, '2022-12-11 03:28:58', '2022-12-11 03:28:58');
INSERT INTO `student_major` VALUES (314, 314, 6, '2019', 0, '2022-12-11 03:28:58', '2022-12-11 03:28:58');
INSERT INTO `student_major` VALUES (315, 315, 5, '2022', 0, '2022-12-11 03:28:58', '2022-12-11 03:28:58');
INSERT INTO `student_major` VALUES (316, 316, 1, '2020', 0, '2022-12-11 03:28:58', '2022-12-11 03:28:58');
INSERT INTO `student_major` VALUES (317, 317, 2, '2022', 0, '2022-12-11 03:28:58', '2022-12-11 03:28:58');
INSERT INTO `student_major` VALUES (318, 318, 1, '2020', 0, '2022-12-11 03:28:58', '2022-12-11 03:28:58');
INSERT INTO `student_major` VALUES (319, 319, 4, '2021', 0, '2022-12-11 03:28:58', '2022-12-11 03:28:58');
INSERT INTO `student_major` VALUES (320, 320, 2, '2019', 0, '2022-12-11 03:28:58', '2022-12-11 03:28:58');
INSERT INTO `student_major` VALUES (321, 321, 6, '2020', 0, '2022-12-11 03:28:58', '2022-12-11 03:28:58');
INSERT INTO `student_major` VALUES (322, 322, 5, '2020', 0, '2022-12-11 03:28:58', '2022-12-11 03:28:58');
INSERT INTO `student_major` VALUES (323, 323, 5, '2022', 0, '2022-12-11 03:28:58', '2022-12-11 03:28:58');
INSERT INTO `student_major` VALUES (324, 324, 6, '2020', 0, '2022-12-11 03:28:58', '2022-12-11 03:28:58');
INSERT INTO `student_major` VALUES (325, 325, 1, '2021', 0, '2022-12-11 03:28:58', '2022-12-11 03:28:58');
INSERT INTO `student_major` VALUES (326, 326, 5, '2021', 0, '2022-12-11 03:28:58', '2022-12-11 03:28:58');
INSERT INTO `student_major` VALUES (327, 327, 2, '2020', 0, '2022-12-11 03:28:58', '2022-12-11 03:28:58');
INSERT INTO `student_major` VALUES (328, 328, 4, '2022', 0, '2022-12-11 03:28:58', '2022-12-11 03:28:58');
INSERT INTO `student_major` VALUES (329, 329, 2, '2019', 0, '2022-12-11 03:28:58', '2022-12-11 03:28:58');
INSERT INTO `student_major` VALUES (330, 330, 6, '2022', 0, '2022-12-11 03:28:58', '2022-12-11 03:28:58');
INSERT INTO `student_major` VALUES (331, 331, 3, '2019', 0, '2022-12-11 03:28:59', '2022-12-11 03:28:59');
INSERT INTO `student_major` VALUES (332, 332, 4, '2020', 0, '2022-12-11 03:28:59', '2022-12-11 03:28:59');
INSERT INTO `student_major` VALUES (333, 333, 6, '2020', 0, '2022-12-11 03:28:59', '2022-12-11 03:28:59');
INSERT INTO `student_major` VALUES (334, 334, 1, '2019', 0, '2022-12-11 03:28:59', '2022-12-11 03:28:59');
INSERT INTO `student_major` VALUES (335, 335, 6, '2021', 0, '2022-12-11 03:28:59', '2022-12-11 03:28:59');
INSERT INTO `student_major` VALUES (336, 336, 4, '2022', 0, '2022-12-11 03:28:59', '2022-12-11 03:28:59');
INSERT INTO `student_major` VALUES (337, 337, 5, '2019', 0, '2022-12-11 03:28:59', '2022-12-11 03:28:59');
INSERT INTO `student_major` VALUES (338, 338, 2, '2019', 0, '2022-12-11 03:28:59', '2022-12-11 03:28:59');
INSERT INTO `student_major` VALUES (339, 339, 2, '2021', 0, '2022-12-11 03:28:59', '2022-12-11 03:28:59');
INSERT INTO `student_major` VALUES (340, 340, 5, '2022', 0, '2022-12-11 03:28:59', '2022-12-11 03:28:59');
INSERT INTO `student_major` VALUES (341, 341, 1, '2019', 0, '2022-12-11 03:28:59', '2022-12-11 03:28:59');
INSERT INTO `student_major` VALUES (342, 342, 5, '2019', 0, '2022-12-11 03:28:59', '2022-12-11 03:28:59');
INSERT INTO `student_major` VALUES (343, 343, 4, '2021', 0, '2022-12-11 03:28:59', '2022-12-11 03:28:59');
INSERT INTO `student_major` VALUES (344, 344, 1, '2020', 0, '2022-12-11 03:28:59', '2022-12-11 03:28:59');
INSERT INTO `student_major` VALUES (345, 345, 5, '2020', 0, '2022-12-11 03:28:59', '2022-12-11 03:28:59');
INSERT INTO `student_major` VALUES (346, 346, 5, '2019', 0, '2022-12-11 03:28:59', '2022-12-11 03:28:59');
INSERT INTO `student_major` VALUES (347, 347, 4, '2022', 0, '2022-12-11 03:28:59', '2022-12-11 03:28:59');
INSERT INTO `student_major` VALUES (348, 348, 5, '2022', 0, '2022-12-11 03:28:59', '2022-12-11 03:28:59');
INSERT INTO `student_major` VALUES (349, 349, 1, '2022', 0, '2022-12-11 03:28:59', '2022-12-11 03:28:59');
INSERT INTO `student_major` VALUES (350, 350, 3, '2021', 0, '2022-12-11 03:28:59', '2022-12-11 03:28:59');
INSERT INTO `student_major` VALUES (351, 351, 1, '2019', 0, '2022-12-11 03:28:59', '2022-12-11 03:28:59');
INSERT INTO `student_major` VALUES (352, 352, 3, '2019', 0, '2022-12-11 03:28:59', '2022-12-11 03:28:59');
INSERT INTO `student_major` VALUES (353, 353, 2, '2021', 0, '2022-12-11 03:28:59', '2022-12-11 03:28:59');
INSERT INTO `student_major` VALUES (354, 354, 2, '2019', 0, '2022-12-11 03:28:59', '2022-12-11 03:28:59');
INSERT INTO `student_major` VALUES (355, 355, 3, '2021', 0, '2022-12-11 03:28:59', '2022-12-11 03:28:59');
INSERT INTO `student_major` VALUES (356, 356, 5, '2021', 0, '2022-12-11 03:28:59', '2022-12-11 03:28:59');
INSERT INTO `student_major` VALUES (357, 357, 5, '2020', 0, '2022-12-11 03:28:59', '2022-12-11 03:28:59');
INSERT INTO `student_major` VALUES (358, 358, 5, '2020', 0, '2022-12-11 03:28:59', '2022-12-11 03:28:59');
INSERT INTO `student_major` VALUES (359, 359, 6, '2020', 0, '2022-12-11 03:28:59', '2022-12-11 03:28:59');
INSERT INTO `student_major` VALUES (360, 360, 5, '2021', 0, '2022-12-11 03:28:59', '2022-12-11 03:28:59');
INSERT INTO `student_major` VALUES (361, 361, 1, '2020', 0, '2022-12-11 03:28:59', '2022-12-11 03:28:59');
INSERT INTO `student_major` VALUES (362, 362, 2, '2020', 0, '2022-12-11 03:28:59', '2022-12-11 03:28:59');
INSERT INTO `student_major` VALUES (363, 363, 6, '2021', 0, '2022-12-11 03:28:59', '2022-12-11 03:28:59');
INSERT INTO `student_major` VALUES (364, 364, 4, '2020', 0, '2022-12-11 03:28:59', '2022-12-11 03:28:59');
INSERT INTO `student_major` VALUES (365, 365, 2, '2019', 0, '2022-12-11 03:28:59', '2022-12-11 03:28:59');
INSERT INTO `student_major` VALUES (366, 366, 6, '2019', 0, '2022-12-11 03:28:59', '2022-12-11 03:28:59');
INSERT INTO `student_major` VALUES (367, 367, 1, '2020', 0, '2022-12-11 03:28:59', '2022-12-11 03:28:59');
INSERT INTO `student_major` VALUES (368, 368, 1, '2019', 0, '2022-12-11 03:28:59', '2022-12-11 03:28:59');
INSERT INTO `student_major` VALUES (369, 369, 5, '2019', 0, '2022-12-11 03:28:59', '2022-12-11 03:28:59');
INSERT INTO `student_major` VALUES (370, 370, 6, '2019', 0, '2022-12-11 03:28:59', '2022-12-11 03:28:59');
INSERT INTO `student_major` VALUES (371, 371, 1, '2019', 0, '2022-12-11 03:28:59', '2022-12-11 03:28:59');
INSERT INTO `student_major` VALUES (372, 372, 3, '2019', 0, '2022-12-11 03:28:59', '2022-12-11 03:28:59');
INSERT INTO `student_major` VALUES (373, 373, 5, '2021', 0, '2022-12-11 03:28:59', '2022-12-11 03:28:59');
INSERT INTO `student_major` VALUES (374, 374, 2, '2020', 0, '2022-12-11 03:28:59', '2022-12-11 03:28:59');
INSERT INTO `student_major` VALUES (375, 375, 6, '2022', 0, '2022-12-11 03:28:59', '2022-12-11 03:28:59');
INSERT INTO `student_major` VALUES (376, 376, 5, '2021', 0, '2022-12-11 03:28:59', '2022-12-11 03:28:59');
INSERT INTO `student_major` VALUES (377, 377, 1, '2021', 0, '2022-12-11 03:28:59', '2022-12-11 03:28:59');
INSERT INTO `student_major` VALUES (378, 378, 1, '2020', 0, '2022-12-11 03:28:59', '2022-12-11 03:28:59');
INSERT INTO `student_major` VALUES (379, 379, 3, '2022', 0, '2022-12-11 03:28:59', '2022-12-11 03:28:59');
INSERT INTO `student_major` VALUES (380, 380, 4, '2019', 0, '2022-12-11 03:28:59', '2022-12-11 03:28:59');
INSERT INTO `student_major` VALUES (381, 381, 2, '2021', 0, '2022-12-11 03:28:59', '2022-12-11 03:28:59');
INSERT INTO `student_major` VALUES (382, 382, 3, '2020', 0, '2022-12-11 03:28:59', '2022-12-11 03:28:59');
INSERT INTO `student_major` VALUES (383, 383, 4, '2022', 0, '2022-12-11 03:28:59', '2022-12-11 03:28:59');
INSERT INTO `student_major` VALUES (384, 384, 3, '2019', 0, '2022-12-11 03:28:59', '2022-12-11 03:28:59');
INSERT INTO `student_major` VALUES (385, 385, 5, '2020', 0, '2022-12-11 03:28:59', '2022-12-11 03:28:59');
INSERT INTO `student_major` VALUES (386, 386, 3, '2020', 0, '2022-12-11 03:28:59', '2022-12-11 03:28:59');
INSERT INTO `student_major` VALUES (387, 387, 6, '2020', 0, '2022-12-11 03:28:59', '2022-12-11 03:28:59');
INSERT INTO `student_major` VALUES (388, 388, 4, '2019', 0, '2022-12-11 03:28:59', '2022-12-11 03:28:59');
INSERT INTO `student_major` VALUES (389, 389, 5, '2019', 0, '2022-12-11 03:28:59', '2022-12-11 03:28:59');
INSERT INTO `student_major` VALUES (390, 390, 1, '2020', 0, '2022-12-11 03:28:59', '2022-12-11 03:28:59');
INSERT INTO `student_major` VALUES (391, 391, 2, '2021', 0, '2022-12-11 03:28:59', '2022-12-11 03:28:59');
INSERT INTO `student_major` VALUES (392, 392, 1, '2020', 0, '2022-12-11 03:28:59', '2022-12-11 03:28:59');
INSERT INTO `student_major` VALUES (393, 393, 3, '2020', 0, '2022-12-11 03:28:59', '2022-12-11 03:28:59');
INSERT INTO `student_major` VALUES (394, 394, 3, '2021', 0, '2022-12-11 03:28:59', '2022-12-11 03:28:59');
INSERT INTO `student_major` VALUES (395, 395, 3, '2022', 0, '2022-12-11 03:28:59', '2022-12-11 03:28:59');
INSERT INTO `student_major` VALUES (396, 396, 5, '2022', 0, '2022-12-11 03:28:59', '2022-12-11 03:28:59');
INSERT INTO `student_major` VALUES (397, 397, 5, '2021', 0, '2022-12-11 03:28:59', '2022-12-11 03:28:59');
INSERT INTO `student_major` VALUES (398, 398, 3, '2021', 0, '2022-12-11 03:28:59', '2022-12-11 03:28:59');
INSERT INTO `student_major` VALUES (399, 399, 2, '2021', 0, '2022-12-11 03:28:59', '2022-12-11 03:28:59');
INSERT INTO `student_major` VALUES (400, 400, 4, '2019', 0, '2022-12-11 03:28:59', '2022-12-11 03:28:59');
INSERT INTO `student_major` VALUES (401, 401, 4, '2019', 0, '2022-12-11 03:28:59', '2022-12-11 03:28:59');
INSERT INTO `student_major` VALUES (402, 402, 3, '2022', 0, '2022-12-11 03:28:59', '2022-12-11 03:28:59');
INSERT INTO `student_major` VALUES (403, 403, 6, '2022', 0, '2022-12-11 03:28:59', '2022-12-11 03:28:59');
INSERT INTO `student_major` VALUES (404, 404, 5, '2020', 0, '2022-12-11 03:28:59', '2022-12-11 03:28:59');
INSERT INTO `student_major` VALUES (405, 405, 1, '2021', 0, '2022-12-11 03:28:59', '2022-12-11 03:28:59');
INSERT INTO `student_major` VALUES (406, 406, 6, '2022', 0, '2022-12-11 03:28:59', '2022-12-11 03:28:59');
INSERT INTO `student_major` VALUES (407, 407, 2, '2019', 0, '2022-12-11 03:28:59', '2022-12-11 03:28:59');
INSERT INTO `student_major` VALUES (408, 408, 2, '2021', 0, '2022-12-11 03:28:59', '2022-12-11 03:28:59');
INSERT INTO `student_major` VALUES (409, 409, 6, '2022', 0, '2022-12-11 03:28:59', '2022-12-11 03:28:59');
INSERT INTO `student_major` VALUES (410, 410, 5, '2022', 0, '2022-12-11 03:28:59', '2022-12-11 03:28:59');
INSERT INTO `student_major` VALUES (411, 411, 2, '2021', 0, '2022-12-11 03:28:59', '2022-12-11 03:28:59');
INSERT INTO `student_major` VALUES (412, 412, 2, '2022', 0, '2022-12-11 03:28:59', '2022-12-11 03:28:59');
INSERT INTO `student_major` VALUES (413, 413, 6, '2019', 0, '2022-12-11 03:28:59', '2022-12-11 03:28:59');
INSERT INTO `student_major` VALUES (414, 414, 5, '2019', 0, '2022-12-11 03:28:59', '2022-12-11 03:28:59');
INSERT INTO `student_major` VALUES (415, 415, 5, '2021', 0, '2022-12-11 03:28:59', '2022-12-11 03:28:59');
INSERT INTO `student_major` VALUES (416, 416, 4, '2019', 0, '2022-12-11 03:28:59', '2022-12-11 03:28:59');
INSERT INTO `student_major` VALUES (417, 417, 3, '2020', 0, '2022-12-11 03:28:59', '2022-12-11 03:28:59');
INSERT INTO `student_major` VALUES (418, 418, 4, '2021', 0, '2022-12-11 03:28:59', '2022-12-11 03:28:59');
INSERT INTO `student_major` VALUES (419, 419, 5, '2022', 0, '2022-12-11 03:28:59', '2022-12-11 03:28:59');
INSERT INTO `student_major` VALUES (420, 420, 4, '2020', 0, '2022-12-11 03:28:59', '2022-12-11 03:28:59');
INSERT INTO `student_major` VALUES (421, 421, 1, '2020', 0, '2022-12-11 03:28:59', '2022-12-11 03:28:59');
INSERT INTO `student_major` VALUES (422, 422, 4, '2021', 0, '2022-12-11 03:28:59', '2022-12-11 03:28:59');
INSERT INTO `student_major` VALUES (423, 423, 5, '2020', 0, '2022-12-11 03:28:59', '2022-12-11 03:28:59');
INSERT INTO `student_major` VALUES (424, 424, 5, '2021', 0, '2022-12-11 03:28:59', '2022-12-11 03:28:59');
INSERT INTO `student_major` VALUES (425, 425, 4, '2019', 0, '2022-12-11 03:28:59', '2022-12-11 03:28:59');
INSERT INTO `student_major` VALUES (426, 426, 2, '2021', 0, '2022-12-11 03:28:59', '2022-12-11 03:28:59');
INSERT INTO `student_major` VALUES (427, 427, 6, '2020', 0, '2022-12-11 03:28:59', '2022-12-11 03:28:59');
INSERT INTO `student_major` VALUES (428, 428, 1, '2020', 0, '2022-12-11 03:28:59', '2022-12-11 03:28:59');
INSERT INTO `student_major` VALUES (429, 429, 4, '2022', 0, '2022-12-11 03:28:59', '2022-12-11 03:28:59');
INSERT INTO `student_major` VALUES (430, 430, 1, '2022', 0, '2022-12-11 03:28:59', '2022-12-11 03:28:59');
INSERT INTO `student_major` VALUES (431, 431, 1, '2020', 0, '2022-12-11 03:28:59', '2022-12-11 03:28:59');
INSERT INTO `student_major` VALUES (432, 432, 4, '2019', 0, '2022-12-11 03:28:59', '2022-12-11 03:28:59');
INSERT INTO `student_major` VALUES (433, 433, 5, '2020', 0, '2022-12-11 03:28:59', '2022-12-11 03:28:59');
INSERT INTO `student_major` VALUES (434, 434, 4, '2021', 0, '2022-12-11 03:28:59', '2022-12-11 03:28:59');
INSERT INTO `student_major` VALUES (435, 435, 4, '2021', 0, '2022-12-11 03:28:59', '2022-12-11 03:28:59');
INSERT INTO `student_major` VALUES (436, 436, 3, '2022', 0, '2022-12-11 03:28:59', '2022-12-11 03:28:59');
INSERT INTO `student_major` VALUES (437, 437, 1, '2020', 0, '2022-12-11 03:28:59', '2022-12-11 03:28:59');
INSERT INTO `student_major` VALUES (438, 438, 5, '2019', 0, '2022-12-11 03:28:59', '2022-12-11 03:28:59');
INSERT INTO `student_major` VALUES (439, 439, 4, '2022', 0, '2022-12-11 03:28:59', '2022-12-11 03:28:59');
INSERT INTO `student_major` VALUES (440, 440, 4, '2022', 0, '2022-12-11 03:28:59', '2022-12-11 03:28:59');
INSERT INTO `student_major` VALUES (441, 441, 6, '2020', 0, '2022-12-11 03:28:59', '2022-12-11 03:28:59');
INSERT INTO `student_major` VALUES (442, 442, 4, '2021', 0, '2022-12-11 03:28:59', '2022-12-11 03:28:59');
INSERT INTO `student_major` VALUES (443, 443, 6, '2022', 0, '2022-12-11 03:28:59', '2022-12-11 03:28:59');
INSERT INTO `student_major` VALUES (444, 444, 5, '2022', 0, '2022-12-11 03:28:59', '2022-12-11 03:28:59');
INSERT INTO `student_major` VALUES (445, 445, 1, '2019', 0, '2022-12-11 03:28:59', '2022-12-11 03:28:59');
INSERT INTO `student_major` VALUES (446, 446, 2, '2019', 0, '2022-12-11 03:28:59', '2022-12-11 03:28:59');
INSERT INTO `student_major` VALUES (447, 447, 5, '2021', 0, '2022-12-11 03:28:59', '2022-12-11 03:28:59');
INSERT INTO `student_major` VALUES (448, 448, 5, '2019', 0, '2022-12-11 03:28:59', '2022-12-11 03:28:59');
INSERT INTO `student_major` VALUES (449, 449, 4, '2022', 0, '2022-12-11 03:28:59', '2022-12-11 03:28:59');
INSERT INTO `student_major` VALUES (450, 450, 2, '2019', 0, '2022-12-11 03:28:59', '2022-12-11 03:28:59');
INSERT INTO `student_major` VALUES (451, 451, 2, '2020', 0, '2022-12-11 03:28:59', '2022-12-11 03:28:59');
INSERT INTO `student_major` VALUES (452, 452, 2, '2019', 0, '2022-12-11 03:28:59', '2022-12-11 03:28:59');
INSERT INTO `student_major` VALUES (453, 453, 2, '2019', 0, '2022-12-11 03:28:59', '2022-12-11 03:28:59');
INSERT INTO `student_major` VALUES (454, 454, 4, '2020', 0, '2022-12-11 03:28:59', '2022-12-11 03:28:59');
INSERT INTO `student_major` VALUES (455, 455, 4, '2020', 0, '2022-12-11 03:28:59', '2022-12-11 03:28:59');
INSERT INTO `student_major` VALUES (456, 456, 4, '2022', 0, '2022-12-11 03:28:59', '2022-12-11 03:28:59');
INSERT INTO `student_major` VALUES (457, 457, 3, '2020', 0, '2022-12-11 03:28:59', '2022-12-11 03:28:59');
INSERT INTO `student_major` VALUES (458, 458, 5, '2020', 0, '2022-12-11 03:28:59', '2022-12-11 03:28:59');
INSERT INTO `student_major` VALUES (459, 459, 2, '2022', 0, '2022-12-11 03:28:59', '2022-12-11 03:28:59');
INSERT INTO `student_major` VALUES (460, 460, 6, '2021', 0, '2022-12-11 03:28:59', '2022-12-11 03:28:59');
INSERT INTO `student_major` VALUES (461, 461, 3, '2022', 0, '2022-12-11 03:28:59', '2022-12-11 03:28:59');
INSERT INTO `student_major` VALUES (462, 462, 5, '2020', 0, '2022-12-11 03:28:59', '2022-12-11 03:28:59');
INSERT INTO `student_major` VALUES (463, 463, 6, '2022', 0, '2022-12-11 03:28:59', '2022-12-11 03:28:59');
INSERT INTO `student_major` VALUES (464, 464, 2, '2021', 0, '2022-12-11 03:28:59', '2022-12-11 03:28:59');
INSERT INTO `student_major` VALUES (465, 465, 6, '2020', 0, '2022-12-11 03:28:59', '2022-12-11 03:28:59');
INSERT INTO `student_major` VALUES (466, 466, 6, '2019', 0, '2022-12-11 03:28:59', '2022-12-11 03:28:59');
INSERT INTO `student_major` VALUES (467, 467, 5, '2020', 0, '2022-12-11 03:28:59', '2022-12-11 03:28:59');
INSERT INTO `student_major` VALUES (468, 468, 1, '2020', 0, '2022-12-11 03:28:59', '2022-12-11 03:28:59');
INSERT INTO `student_major` VALUES (469, 469, 1, '2021', 0, '2022-12-11 03:28:59', '2022-12-11 03:28:59');
INSERT INTO `student_major` VALUES (470, 470, 2, '2021', 0, '2022-12-11 03:28:59', '2022-12-11 03:28:59');
INSERT INTO `student_major` VALUES (471, 471, 5, '2019', 0, '2022-12-11 03:28:59', '2022-12-11 03:28:59');
INSERT INTO `student_major` VALUES (472, 472, 1, '2020', 0, '2022-12-11 03:28:59', '2022-12-11 03:28:59');
INSERT INTO `student_major` VALUES (473, 473, 6, '2019', 0, '2022-12-11 03:28:59', '2022-12-11 03:28:59');
INSERT INTO `student_major` VALUES (474, 474, 6, '2022', 0, '2022-12-11 03:28:59', '2022-12-11 03:28:59');
INSERT INTO `student_major` VALUES (475, 475, 5, '2019', 0, '2022-12-11 03:28:59', '2022-12-11 03:28:59');
INSERT INTO `student_major` VALUES (476, 476, 1, '2019', 0, '2022-12-11 03:28:59', '2022-12-11 03:28:59');
INSERT INTO `student_major` VALUES (477, 477, 2, '2019', 0, '2022-12-11 03:28:59', '2022-12-11 03:28:59');
INSERT INTO `student_major` VALUES (478, 478, 1, '2020', 0, '2022-12-11 03:28:59', '2022-12-11 03:28:59');
INSERT INTO `student_major` VALUES (479, 479, 1, '2021', 0, '2022-12-11 03:28:59', '2022-12-11 03:28:59');
INSERT INTO `student_major` VALUES (480, 480, 6, '2022', 0, '2022-12-11 03:28:59', '2022-12-11 03:28:59');
INSERT INTO `student_major` VALUES (481, 481, 2, '2021', 0, '2022-12-11 03:28:59', '2022-12-11 03:28:59');
INSERT INTO `student_major` VALUES (482, 482, 4, '2019', 0, '2022-12-11 03:28:59', '2022-12-11 03:28:59');
INSERT INTO `student_major` VALUES (483, 483, 1, '2022', 0, '2022-12-11 03:28:59', '2022-12-11 03:28:59');
INSERT INTO `student_major` VALUES (484, 484, 6, '2020', 0, '2022-12-11 03:28:59', '2022-12-11 03:28:59');
INSERT INTO `student_major` VALUES (485, 485, 6, '2019', 0, '2022-12-11 03:28:59', '2022-12-11 03:28:59');
INSERT INTO `student_major` VALUES (486, 486, 1, '2021', 0, '2022-12-11 03:28:59', '2022-12-11 03:28:59');
INSERT INTO `student_major` VALUES (487, 487, 1, '2021', 0, '2022-12-11 03:28:59', '2022-12-11 03:28:59');
INSERT INTO `student_major` VALUES (488, 488, 1, '2021', 0, '2022-12-11 03:28:59', '2022-12-11 03:28:59');
INSERT INTO `student_major` VALUES (489, 489, 4, '2020', 0, '2022-12-11 03:28:59', '2022-12-11 03:28:59');
INSERT INTO `student_major` VALUES (490, 490, 4, '2019', 0, '2022-12-11 03:28:59', '2022-12-11 03:28:59');
INSERT INTO `student_major` VALUES (491, 491, 3, '2020', 0, '2022-12-11 03:28:59', '2022-12-11 03:28:59');
INSERT INTO `student_major` VALUES (492, 492, 1, '2022', 0, '2022-12-11 03:28:59', '2022-12-11 03:28:59');
INSERT INTO `student_major` VALUES (493, 493, 3, '2019', 0, '2022-12-11 03:28:59', '2022-12-11 03:28:59');
INSERT INTO `student_major` VALUES (494, 494, 6, '2021', 0, '2022-12-11 03:28:59', '2022-12-11 03:28:59');
INSERT INTO `student_major` VALUES (495, 495, 1, '2020', 0, '2022-12-11 03:28:59', '2022-12-11 03:28:59');
INSERT INTO `student_major` VALUES (496, 496, 6, '2020', 0, '2022-12-11 03:28:59', '2022-12-11 03:28:59');
INSERT INTO `student_major` VALUES (497, 497, 2, '2022', 0, '2022-12-11 03:28:59', '2022-12-11 03:28:59');
INSERT INTO `student_major` VALUES (498, 498, 5, '2022', 0, '2022-12-11 03:28:59', '2022-12-11 03:28:59');
INSERT INTO `student_major` VALUES (499, 499, 3, '2022', 0, '2022-12-11 03:28:59', '2022-12-11 03:28:59');
INSERT INTO `student_major` VALUES (500, 500, 4, '2021', 0, '2022-12-11 03:28:59', '2022-12-11 03:28:59');
INSERT INTO `student_major` VALUES (501, 501, 5, '2021', 0, '2022-12-11 03:28:59', '2022-12-11 03:28:59');
INSERT INTO `student_major` VALUES (502, 502, 6, '2021', 0, '2022-12-11 03:28:59', '2022-12-11 03:28:59');
INSERT INTO `student_major` VALUES (503, 503, 6, '2021', 0, '2022-12-11 03:28:59', '2022-12-11 03:28:59');
INSERT INTO `student_major` VALUES (504, 504, 1, '2019', 0, '2022-12-11 03:28:59', '2022-12-11 03:28:59');
INSERT INTO `student_major` VALUES (505, 505, 6, '2020', 0, '2022-12-11 03:28:59', '2022-12-11 03:28:59');
INSERT INTO `student_major` VALUES (506, 506, 5, '2019', 0, '2022-12-11 03:28:59', '2022-12-11 03:28:59');
INSERT INTO `student_major` VALUES (507, 507, 4, '2020', 0, '2022-12-11 03:28:59', '2022-12-11 03:28:59');
INSERT INTO `student_major` VALUES (508, 508, 1, '2022', 0, '2022-12-11 03:28:59', '2022-12-11 03:28:59');
INSERT INTO `student_major` VALUES (509, 509, 5, '2020', 0, '2022-12-11 03:28:59', '2022-12-11 03:28:59');
INSERT INTO `student_major` VALUES (510, 510, 1, '2022', 0, '2022-12-11 03:28:59', '2022-12-11 03:28:59');
INSERT INTO `student_major` VALUES (511, 511, 6, '2019', 0, '2022-12-11 03:28:59', '2022-12-11 03:28:59');
INSERT INTO `student_major` VALUES (512, 512, 2, '2021', 0, '2022-12-11 03:28:59', '2022-12-11 03:28:59');
INSERT INTO `student_major` VALUES (513, 513, 1, '2021', 0, '2022-12-11 03:28:59', '2022-12-11 03:28:59');
INSERT INTO `student_major` VALUES (514, 514, 5, '2019', 0, '2022-12-11 03:28:59', '2022-12-11 03:28:59');
INSERT INTO `student_major` VALUES (515, 515, 5, '2022', 0, '2022-12-11 03:28:59', '2022-12-11 03:28:59');
INSERT INTO `student_major` VALUES (516, 516, 1, '2021', 0, '2022-12-11 03:28:59', '2022-12-11 03:28:59');
INSERT INTO `student_major` VALUES (517, 517, 4, '2019', 0, '2022-12-11 03:28:59', '2022-12-11 03:28:59');
INSERT INTO `student_major` VALUES (518, 518, 3, '2022', 0, '2022-12-11 03:28:59', '2022-12-11 03:28:59');
INSERT INTO `student_major` VALUES (519, 519, 4, '2020', 0, '2022-12-11 03:28:59', '2022-12-11 03:28:59');
INSERT INTO `student_major` VALUES (520, 520, 3, '2019', 0, '2022-12-11 03:28:59', '2022-12-11 03:28:59');
INSERT INTO `student_major` VALUES (521, 521, 3, '2020', 0, '2022-12-11 03:29:00', '2022-12-11 03:29:00');
INSERT INTO `student_major` VALUES (522, 522, 1, '2019', 0, '2022-12-11 03:29:00', '2022-12-11 03:29:00');
INSERT INTO `student_major` VALUES (523, 523, 2, '2020', 0, '2022-12-11 03:29:00', '2022-12-11 03:29:00');
INSERT INTO `student_major` VALUES (524, 524, 5, '2019', 0, '2022-12-11 03:29:00', '2022-12-11 03:29:00');
INSERT INTO `student_major` VALUES (525, 525, 6, '2022', 0, '2022-12-11 03:29:00', '2022-12-11 03:29:00');
INSERT INTO `student_major` VALUES (526, 526, 1, '2019', 0, '2022-12-11 03:29:00', '2022-12-11 03:29:00');
INSERT INTO `student_major` VALUES (527, 527, 3, '2022', 0, '2022-12-11 03:29:00', '2022-12-11 03:29:00');
INSERT INTO `student_major` VALUES (528, 528, 3, '2019', 0, '2022-12-11 03:29:00', '2022-12-11 03:29:00');
INSERT INTO `student_major` VALUES (529, 529, 2, '2021', 0, '2022-12-11 03:29:00', '2022-12-11 03:29:00');
INSERT INTO `student_major` VALUES (530, 530, 5, '2022', 0, '2022-12-11 03:29:00', '2022-12-11 03:29:00');
INSERT INTO `student_major` VALUES (531, 531, 1, '2020', 0, '2022-12-11 03:29:00', '2022-12-11 03:29:00');
INSERT INTO `student_major` VALUES (532, 532, 5, '2021', 0, '2022-12-11 03:29:00', '2022-12-11 03:29:00');
INSERT INTO `student_major` VALUES (533, 533, 4, '2021', 0, '2022-12-11 03:29:00', '2022-12-11 03:29:00');
INSERT INTO `student_major` VALUES (534, 534, 1, '2020', 0, '2022-12-11 03:29:00', '2022-12-11 03:29:00');
INSERT INTO `student_major` VALUES (535, 535, 1, '2020', 0, '2022-12-11 03:29:00', '2022-12-11 03:29:00');
INSERT INTO `student_major` VALUES (536, 536, 6, '2019', 0, '2022-12-11 03:29:00', '2022-12-11 03:29:00');
INSERT INTO `student_major` VALUES (537, 537, 2, '2021', 0, '2022-12-11 03:29:00', '2022-12-11 03:29:00');
INSERT INTO `student_major` VALUES (538, 538, 1, '2020', 0, '2022-12-11 03:29:00', '2022-12-11 03:29:00');
INSERT INTO `student_major` VALUES (539, 539, 3, '2019', 0, '2022-12-11 03:29:00', '2022-12-11 03:29:00');
INSERT INTO `student_major` VALUES (540, 540, 2, '2020', 0, '2022-12-11 03:29:00', '2022-12-11 03:29:00');
INSERT INTO `student_major` VALUES (541, 541, 4, '2021', 0, '2022-12-11 03:29:00', '2022-12-11 03:29:00');
INSERT INTO `student_major` VALUES (542, 542, 2, '2019', 0, '2022-12-11 03:29:00', '2022-12-11 03:29:00');
INSERT INTO `student_major` VALUES (543, 543, 4, '2021', 0, '2022-12-11 03:29:00', '2022-12-11 03:29:00');
INSERT INTO `student_major` VALUES (544, 544, 6, '2022', 0, '2022-12-11 03:29:00', '2022-12-11 03:29:00');
INSERT INTO `student_major` VALUES (545, 545, 4, '2022', 0, '2022-12-11 03:29:00', '2022-12-11 03:29:00');
INSERT INTO `student_major` VALUES (546, 546, 2, '2020', 0, '2022-12-11 03:29:00', '2022-12-11 03:29:00');
INSERT INTO `student_major` VALUES (547, 547, 4, '2019', 0, '2022-12-11 03:29:00', '2022-12-11 03:29:00');
INSERT INTO `student_major` VALUES (548, 548, 5, '2021', 0, '2022-12-11 03:29:00', '2022-12-11 03:29:00');
INSERT INTO `student_major` VALUES (549, 549, 3, '2019', 0, '2022-12-11 03:29:00', '2022-12-11 03:29:00');
INSERT INTO `student_major` VALUES (550, 550, 1, '2020', 0, '2022-12-11 03:29:00', '2022-12-11 03:29:00');
INSERT INTO `student_major` VALUES (551, 551, 2, '2020', 0, '2022-12-11 03:29:00', '2022-12-11 03:29:00');
INSERT INTO `student_major` VALUES (552, 552, 3, '2022', 0, '2022-12-11 03:29:00', '2022-12-11 03:29:00');
INSERT INTO `student_major` VALUES (553, 553, 6, '2019', 0, '2022-12-11 03:29:00', '2022-12-11 03:29:00');
INSERT INTO `student_major` VALUES (554, 554, 1, '2022', 0, '2022-12-11 03:29:00', '2022-12-11 03:29:00');
INSERT INTO `student_major` VALUES (555, 555, 5, '2019', 0, '2022-12-11 03:29:00', '2022-12-11 03:29:00');
INSERT INTO `student_major` VALUES (556, 556, 1, '2020', 0, '2022-12-11 03:29:00', '2022-12-11 03:29:00');
INSERT INTO `student_major` VALUES (557, 557, 4, '2021', 0, '2022-12-11 03:29:00', '2022-12-11 03:29:00');
INSERT INTO `student_major` VALUES (558, 558, 3, '2019', 0, '2022-12-11 03:29:00', '2022-12-11 03:29:00');
INSERT INTO `student_major` VALUES (559, 559, 6, '2021', 0, '2022-12-11 03:29:00', '2022-12-11 03:29:00');
INSERT INTO `student_major` VALUES (560, 560, 6, '2020', 0, '2022-12-11 03:29:00', '2022-12-11 03:29:00');
INSERT INTO `student_major` VALUES (561, 561, 4, '2021', 0, '2022-12-11 03:29:00', '2022-12-11 03:29:00');
INSERT INTO `student_major` VALUES (562, 562, 2, '2019', 0, '2022-12-11 03:29:00', '2022-12-11 03:29:00');
INSERT INTO `student_major` VALUES (563, 563, 3, '2022', 0, '2022-12-11 03:29:00', '2022-12-11 03:29:00');
INSERT INTO `student_major` VALUES (564, 564, 6, '2021', 0, '2022-12-11 03:29:00', '2022-12-11 03:29:00');
INSERT INTO `student_major` VALUES (565, 565, 3, '2021', 0, '2022-12-11 03:29:00', '2022-12-11 03:29:00');
INSERT INTO `student_major` VALUES (566, 566, 3, '2021', 0, '2022-12-11 03:29:00', '2022-12-11 03:29:00');
INSERT INTO `student_major` VALUES (567, 567, 2, '2021', 0, '2022-12-11 03:29:00', '2022-12-11 03:29:00');
INSERT INTO `student_major` VALUES (568, 568, 5, '2022', 0, '2022-12-11 03:29:00', '2022-12-11 03:29:00');
INSERT INTO `student_major` VALUES (569, 569, 2, '2022', 0, '2022-12-11 03:29:00', '2022-12-11 03:29:00');
INSERT INTO `student_major` VALUES (570, 570, 1, '2022', 0, '2022-12-11 03:29:00', '2022-12-11 03:29:00');
INSERT INTO `student_major` VALUES (571, 571, 5, '2020', 0, '2022-12-11 03:29:00', '2022-12-11 03:29:00');
INSERT INTO `student_major` VALUES (572, 572, 4, '2021', 0, '2022-12-11 03:29:00', '2022-12-11 03:29:00');
INSERT INTO `student_major` VALUES (573, 573, 6, '2022', 0, '2022-12-11 03:29:00', '2022-12-11 03:29:00');
INSERT INTO `student_major` VALUES (574, 574, 5, '2021', 0, '2022-12-11 03:29:00', '2022-12-11 03:29:00');
INSERT INTO `student_major` VALUES (575, 575, 1, '2021', 0, '2022-12-11 03:29:00', '2022-12-11 03:29:00');
INSERT INTO `student_major` VALUES (576, 576, 3, '2020', 0, '2022-12-11 03:29:00', '2022-12-11 03:29:00');
INSERT INTO `student_major` VALUES (577, 577, 6, '2022', 0, '2022-12-11 03:29:00', '2022-12-11 03:29:00');
INSERT INTO `student_major` VALUES (578, 578, 6, '2021', 0, '2022-12-11 03:29:00', '2022-12-11 03:29:00');
INSERT INTO `student_major` VALUES (579, 579, 3, '2022', 0, '2022-12-11 03:29:00', '2022-12-11 03:29:00');
INSERT INTO `student_major` VALUES (580, 580, 6, '2021', 0, '2022-12-11 03:29:00', '2022-12-11 03:29:00');
INSERT INTO `student_major` VALUES (581, 581, 1, '2022', 0, '2022-12-11 03:29:00', '2022-12-11 03:29:00');
INSERT INTO `student_major` VALUES (582, 582, 2, '2021', 0, '2022-12-11 03:29:00', '2022-12-11 03:29:00');
INSERT INTO `student_major` VALUES (583, 583, 1, '2020', 0, '2022-12-11 03:29:00', '2022-12-11 03:29:00');
INSERT INTO `student_major` VALUES (584, 584, 3, '2022', 0, '2022-12-11 03:29:00', '2022-12-11 03:29:00');
INSERT INTO `student_major` VALUES (585, 585, 1, '2022', 0, '2022-12-11 03:29:00', '2022-12-11 03:29:00');
INSERT INTO `student_major` VALUES (586, 586, 2, '2021', 0, '2022-12-11 03:29:00', '2022-12-11 03:29:00');
INSERT INTO `student_major` VALUES (587, 587, 3, '2020', 0, '2022-12-11 03:29:00', '2022-12-11 03:29:00');
INSERT INTO `student_major` VALUES (588, 588, 6, '2021', 0, '2022-12-11 03:29:00', '2022-12-11 03:29:00');
INSERT INTO `student_major` VALUES (589, 589, 3, '2020', 0, '2022-12-11 03:29:00', '2022-12-11 03:29:00');
INSERT INTO `student_major` VALUES (590, 590, 6, '2019', 0, '2022-12-11 03:29:00', '2022-12-11 03:29:00');
INSERT INTO `student_major` VALUES (591, 591, 2, '2021', 0, '2022-12-11 03:29:00', '2022-12-11 03:29:00');
INSERT INTO `student_major` VALUES (592, 592, 1, '2020', 0, '2022-12-11 03:29:00', '2022-12-11 03:29:00');
INSERT INTO `student_major` VALUES (593, 593, 6, '2021', 0, '2022-12-11 03:29:00', '2022-12-11 03:29:00');
INSERT INTO `student_major` VALUES (594, 594, 2, '2020', 0, '2022-12-11 03:29:00', '2022-12-11 03:29:00');
INSERT INTO `student_major` VALUES (595, 595, 2, '2020', 0, '2022-12-11 03:29:00', '2022-12-11 03:29:00');
INSERT INTO `student_major` VALUES (596, 596, 1, '2021', 0, '2022-12-11 03:29:00', '2022-12-11 03:29:00');
INSERT INTO `student_major` VALUES (597, 597, 3, '2020', 0, '2022-12-11 03:29:00', '2022-12-11 03:29:00');
INSERT INTO `student_major` VALUES (598, 598, 1, '2019', 0, '2022-12-11 03:29:00', '2022-12-11 03:29:00');
INSERT INTO `student_major` VALUES (599, 599, 1, '2021', 0, '2022-12-11 03:29:00', '2022-12-11 03:29:00');
INSERT INTO `student_major` VALUES (600, 600, 2, '2020', 0, '2022-12-11 03:29:00', '2022-12-11 03:29:00');
INSERT INTO `student_major` VALUES (601, 601, 6, '2022', 0, '2022-12-11 03:29:00', '2022-12-11 03:29:00');
INSERT INTO `student_major` VALUES (602, 602, 3, '2019', 0, '2022-12-11 03:29:00', '2022-12-11 03:29:00');
INSERT INTO `student_major` VALUES (603, 603, 1, '2020', 0, '2022-12-11 03:29:00', '2022-12-11 03:29:00');
INSERT INTO `student_major` VALUES (604, 604, 6, '2019', 0, '2022-12-11 03:29:00', '2022-12-11 03:29:00');
INSERT INTO `student_major` VALUES (605, 605, 5, '2019', 0, '2022-12-11 03:29:00', '2022-12-11 03:29:00');
INSERT INTO `student_major` VALUES (606, 606, 3, '2022', 0, '2022-12-11 03:29:00', '2022-12-11 03:29:00');
INSERT INTO `student_major` VALUES (607, 607, 1, '2019', 0, '2022-12-11 03:29:00', '2022-12-11 03:29:00');
INSERT INTO `student_major` VALUES (608, 608, 1, '2022', 0, '2022-12-11 03:29:00', '2022-12-11 03:29:00');
INSERT INTO `student_major` VALUES (609, 609, 4, '2019', 0, '2022-12-11 03:29:00', '2022-12-11 03:29:00');
INSERT INTO `student_major` VALUES (610, 610, 6, '2019', 0, '2022-12-11 03:29:00', '2022-12-11 03:29:00');
INSERT INTO `student_major` VALUES (611, 611, 4, '2022', 0, '2022-12-11 03:29:00', '2022-12-11 03:29:00');
INSERT INTO `student_major` VALUES (612, 612, 3, '2019', 0, '2022-12-11 03:29:00', '2022-12-11 03:29:00');
INSERT INTO `student_major` VALUES (613, 613, 6, '2019', 0, '2022-12-11 03:29:00', '2022-12-11 03:29:00');
INSERT INTO `student_major` VALUES (614, 614, 5, '2021', 0, '2022-12-11 03:29:00', '2022-12-11 03:29:00');
INSERT INTO `student_major` VALUES (615, 615, 2, '2020', 0, '2022-12-11 03:29:00', '2022-12-11 03:29:00');
INSERT INTO `student_major` VALUES (616, 616, 5, '2021', 0, '2022-12-11 03:29:00', '2022-12-11 03:29:00');
INSERT INTO `student_major` VALUES (617, 617, 6, '2021', 0, '2022-12-11 03:29:00', '2022-12-11 03:29:00');
INSERT INTO `student_major` VALUES (618, 618, 4, '2021', 0, '2022-12-11 03:29:00', '2022-12-11 03:29:00');
INSERT INTO `student_major` VALUES (619, 619, 4, '2019', 0, '2022-12-11 03:29:00', '2022-12-11 03:29:00');
INSERT INTO `student_major` VALUES (620, 620, 2, '2019', 0, '2022-12-11 03:29:00', '2022-12-11 03:29:00');
INSERT INTO `student_major` VALUES (621, 621, 1, '2020', 0, '2022-12-11 03:29:00', '2022-12-11 03:29:00');
INSERT INTO `student_major` VALUES (622, 622, 2, '2021', 0, '2022-12-11 03:29:00', '2022-12-11 03:29:00');
INSERT INTO `student_major` VALUES (623, 623, 5, '2021', 0, '2022-12-11 03:29:00', '2022-12-11 03:29:00');
INSERT INTO `student_major` VALUES (624, 624, 3, '2019', 0, '2022-12-11 03:29:00', '2022-12-11 03:29:00');
INSERT INTO `student_major` VALUES (625, 625, 6, '2019', 0, '2022-12-11 03:29:00', '2022-12-11 03:29:00');
INSERT INTO `student_major` VALUES (626, 626, 5, '2019', 0, '2022-12-11 03:29:00', '2022-12-11 03:29:00');
INSERT INTO `student_major` VALUES (627, 627, 3, '2022', 0, '2022-12-11 03:29:00', '2022-12-11 03:29:00');
INSERT INTO `student_major` VALUES (628, 628, 6, '2020', 0, '2022-12-11 03:29:00', '2022-12-11 03:29:00');
INSERT INTO `student_major` VALUES (629, 629, 2, '2019', 0, '2022-12-11 03:29:00', '2022-12-11 03:29:00');
INSERT INTO `student_major` VALUES (630, 630, 4, '2022', 0, '2022-12-11 03:29:00', '2022-12-11 03:29:00');
INSERT INTO `student_major` VALUES (631, 631, 2, '2022', 0, '2022-12-11 03:29:00', '2022-12-11 03:29:00');
INSERT INTO `student_major` VALUES (632, 632, 5, '2020', 0, '2022-12-11 03:29:00', '2022-12-11 03:29:00');
INSERT INTO `student_major` VALUES (633, 633, 2, '2022', 0, '2022-12-11 03:29:00', '2022-12-11 03:29:00');
INSERT INTO `student_major` VALUES (634, 634, 6, '2020', 0, '2022-12-11 03:29:00', '2022-12-11 03:29:00');
INSERT INTO `student_major` VALUES (635, 635, 5, '2020', 0, '2022-12-11 03:29:00', '2022-12-11 03:29:00');
INSERT INTO `student_major` VALUES (636, 636, 6, '2021', 0, '2022-12-11 03:29:00', '2022-12-11 03:29:00');
INSERT INTO `student_major` VALUES (637, 637, 1, '2022', 0, '2022-12-11 03:29:00', '2022-12-11 03:29:00');
INSERT INTO `student_major` VALUES (638, 638, 2, '2019', 0, '2022-12-11 03:29:00', '2022-12-11 03:29:00');
INSERT INTO `student_major` VALUES (639, 639, 2, '2019', 0, '2022-12-11 03:29:00', '2022-12-11 03:29:00');
INSERT INTO `student_major` VALUES (640, 640, 2, '2021', 0, '2022-12-11 03:29:00', '2022-12-11 03:29:00');
INSERT INTO `student_major` VALUES (641, 641, 3, '2019', 0, '2022-12-11 03:29:00', '2022-12-11 03:29:00');
INSERT INTO `student_major` VALUES (642, 642, 3, '2019', 0, '2022-12-11 03:29:00', '2022-12-11 03:29:00');
INSERT INTO `student_major` VALUES (643, 643, 5, '2021', 0, '2022-12-11 03:29:00', '2022-12-11 03:29:00');
INSERT INTO `student_major` VALUES (644, 644, 2, '2021', 0, '2022-12-11 03:29:00', '2022-12-11 03:29:00');
INSERT INTO `student_major` VALUES (645, 645, 5, '2022', 0, '2022-12-11 03:29:00', '2022-12-11 03:29:00');
INSERT INTO `student_major` VALUES (646, 646, 1, '2021', 0, '2022-12-11 03:29:00', '2022-12-11 03:29:00');
INSERT INTO `student_major` VALUES (647, 647, 6, '2020', 0, '2022-12-11 03:29:00', '2022-12-11 03:29:00');
INSERT INTO `student_major` VALUES (648, 648, 6, '2021', 0, '2022-12-11 03:29:00', '2022-12-11 03:29:00');
INSERT INTO `student_major` VALUES (649, 649, 2, '2020', 0, '2022-12-11 03:29:00', '2022-12-11 03:29:00');
INSERT INTO `student_major` VALUES (650, 650, 6, '2022', 0, '2022-12-11 03:29:00', '2022-12-11 03:29:00');
INSERT INTO `student_major` VALUES (651, 651, 3, '2020', 0, '2022-12-11 03:29:00', '2022-12-11 03:29:00');
INSERT INTO `student_major` VALUES (652, 652, 1, '2021', 0, '2022-12-11 03:29:00', '2022-12-11 03:29:00');
INSERT INTO `student_major` VALUES (653, 653, 3, '2019', 0, '2022-12-11 03:29:00', '2022-12-11 03:29:00');
INSERT INTO `student_major` VALUES (654, 654, 1, '2022', 0, '2022-12-11 03:29:00', '2022-12-11 03:29:00');
INSERT INTO `student_major` VALUES (655, 655, 5, '2020', 0, '2022-12-11 03:29:00', '2022-12-11 03:29:00');
INSERT INTO `student_major` VALUES (656, 656, 1, '2020', 0, '2022-12-11 03:29:00', '2022-12-11 03:29:00');
INSERT INTO `student_major` VALUES (657, 657, 4, '2020', 0, '2022-12-11 03:29:00', '2022-12-11 03:29:00');
INSERT INTO `student_major` VALUES (658, 658, 2, '2020', 0, '2022-12-11 03:29:00', '2022-12-11 03:29:00');
INSERT INTO `student_major` VALUES (659, 659, 2, '2022', 0, '2022-12-11 03:29:00', '2022-12-11 03:29:00');
INSERT INTO `student_major` VALUES (660, 660, 3, '2019', 0, '2022-12-11 03:29:00', '2022-12-11 03:29:00');
INSERT INTO `student_major` VALUES (661, 661, 1, '2020', 0, '2022-12-11 03:29:00', '2022-12-11 03:29:00');
INSERT INTO `student_major` VALUES (662, 662, 3, '2020', 0, '2022-12-11 03:29:00', '2022-12-11 03:29:00');
INSERT INTO `student_major` VALUES (663, 663, 4, '2019', 0, '2022-12-11 03:29:00', '2022-12-11 03:29:00');
INSERT INTO `student_major` VALUES (664, 664, 6, '2019', 0, '2022-12-11 03:29:00', '2022-12-11 03:29:00');
INSERT INTO `student_major` VALUES (665, 665, 4, '2021', 0, '2022-12-11 03:29:00', '2022-12-11 03:29:00');
INSERT INTO `student_major` VALUES (666, 666, 6, '2021', 0, '2022-12-11 03:29:00', '2022-12-11 03:29:00');
INSERT INTO `student_major` VALUES (667, 667, 4, '2019', 0, '2022-12-11 03:29:00', '2022-12-11 03:29:00');
INSERT INTO `student_major` VALUES (668, 668, 2, '2022', 0, '2022-12-11 03:29:00', '2022-12-11 03:29:00');
INSERT INTO `student_major` VALUES (669, 669, 1, '2022', 0, '2022-12-11 03:29:00', '2022-12-11 03:29:00');
INSERT INTO `student_major` VALUES (670, 670, 4, '2021', 0, '2022-12-11 03:29:00', '2022-12-11 03:29:00');
INSERT INTO `student_major` VALUES (671, 671, 2, '2021', 0, '2022-12-11 03:29:00', '2022-12-11 03:29:00');
INSERT INTO `student_major` VALUES (672, 672, 6, '2019', 0, '2022-12-11 03:29:00', '2022-12-11 03:29:00');
INSERT INTO `student_major` VALUES (673, 673, 6, '2021', 0, '2022-12-11 03:29:00', '2022-12-11 03:29:00');
INSERT INTO `student_major` VALUES (674, 674, 1, '2020', 0, '2022-12-11 03:29:00', '2022-12-11 03:29:00');
INSERT INTO `student_major` VALUES (675, 675, 3, '2019', 0, '2022-12-11 03:29:00', '2022-12-11 03:29:00');
INSERT INTO `student_major` VALUES (676, 676, 6, '2022', 0, '2022-12-11 03:29:00', '2022-12-11 03:29:00');
INSERT INTO `student_major` VALUES (677, 677, 3, '2022', 0, '2022-12-11 03:29:00', '2022-12-11 03:29:00');
INSERT INTO `student_major` VALUES (678, 678, 2, '2020', 0, '2022-12-11 03:29:00', '2022-12-11 03:29:00');
INSERT INTO `student_major` VALUES (679, 679, 1, '2020', 0, '2022-12-11 03:29:00', '2022-12-11 03:29:00');
INSERT INTO `student_major` VALUES (680, 680, 6, '2022', 0, '2022-12-11 03:29:00', '2022-12-11 03:29:00');
INSERT INTO `student_major` VALUES (681, 681, 1, '2019', 0, '2022-12-11 03:29:00', '2022-12-11 03:29:00');
INSERT INTO `student_major` VALUES (682, 682, 1, '2020', 0, '2022-12-11 03:29:00', '2022-12-11 03:29:00');
INSERT INTO `student_major` VALUES (683, 683, 5, '2022', 0, '2022-12-11 03:29:00', '2022-12-11 03:29:00');
INSERT INTO `student_major` VALUES (684, 684, 1, '2020', 0, '2022-12-11 03:29:00', '2022-12-11 03:29:00');
INSERT INTO `student_major` VALUES (685, 685, 5, '2022', 0, '2022-12-11 03:29:00', '2022-12-11 03:29:00');
INSERT INTO `student_major` VALUES (686, 686, 4, '2022', 0, '2022-12-11 03:29:00', '2022-12-11 03:29:00');
INSERT INTO `student_major` VALUES (687, 687, 4, '2019', 0, '2022-12-11 03:29:00', '2022-12-11 03:29:00');
INSERT INTO `student_major` VALUES (688, 688, 2, '2021', 0, '2022-12-11 03:29:00', '2022-12-11 03:29:00');
INSERT INTO `student_major` VALUES (689, 689, 1, '2021', 0, '2022-12-11 03:29:00', '2022-12-11 03:29:00');
INSERT INTO `student_major` VALUES (690, 690, 3, '2021', 0, '2022-12-11 03:29:00', '2022-12-11 03:29:00');
INSERT INTO `student_major` VALUES (691, 691, 1, '2021', 0, '2022-12-11 03:29:00', '2022-12-11 03:29:00');
INSERT INTO `student_major` VALUES (692, 692, 1, '2019', 0, '2022-12-11 03:29:00', '2022-12-11 03:29:00');
INSERT INTO `student_major` VALUES (693, 693, 2, '2021', 0, '2022-12-11 03:29:00', '2022-12-11 03:29:00');
INSERT INTO `student_major` VALUES (694, 694, 6, '2019', 0, '2022-12-11 03:29:00', '2022-12-11 03:29:00');
INSERT INTO `student_major` VALUES (695, 695, 2, '2022', 0, '2022-12-11 03:29:00', '2022-12-11 03:29:00');
INSERT INTO `student_major` VALUES (696, 696, 5, '2022', 0, '2022-12-11 03:29:00', '2022-12-11 03:29:00');
INSERT INTO `student_major` VALUES (697, 697, 3, '2020', 0, '2022-12-11 03:29:00', '2022-12-11 03:29:00');
INSERT INTO `student_major` VALUES (698, 698, 3, '2022', 0, '2022-12-11 03:29:00', '2022-12-11 03:29:00');
INSERT INTO `student_major` VALUES (699, 699, 2, '2019', 0, '2022-12-11 03:29:00', '2022-12-11 03:29:00');
INSERT INTO `student_major` VALUES (700, 700, 6, '2022', 0, '2022-12-11 03:29:00', '2022-12-11 03:29:00');
INSERT INTO `student_major` VALUES (701, 701, 1, '2019', 0, '2022-12-11 03:29:00', '2022-12-11 03:29:00');
INSERT INTO `student_major` VALUES (702, 702, 3, '2022', 0, '2022-12-11 03:29:00', '2022-12-11 03:29:00');
INSERT INTO `student_major` VALUES (703, 703, 4, '2020', 0, '2022-12-11 03:29:00', '2022-12-11 03:29:00');
INSERT INTO `student_major` VALUES (704, 704, 5, '2022', 0, '2022-12-11 03:29:00', '2022-12-11 03:29:00');
INSERT INTO `student_major` VALUES (705, 705, 5, '2021', 0, '2022-12-11 03:29:00', '2022-12-11 03:29:00');
INSERT INTO `student_major` VALUES (706, 706, 2, '2020', 0, '2022-12-11 03:29:00', '2022-12-11 03:29:00');
INSERT INTO `student_major` VALUES (707, 707, 4, '2019', 0, '2022-12-11 03:29:00', '2022-12-11 03:29:00');
INSERT INTO `student_major` VALUES (708, 708, 2, '2021', 0, '2022-12-11 03:29:00', '2022-12-11 03:29:00');
INSERT INTO `student_major` VALUES (709, 709, 3, '2021', 0, '2022-12-11 03:29:00', '2022-12-11 03:29:00');
INSERT INTO `student_major` VALUES (710, 710, 3, '2021', 0, '2022-12-11 03:29:00', '2022-12-11 03:29:00');
INSERT INTO `student_major` VALUES (711, 711, 2, '2021', 0, '2022-12-11 03:29:01', '2022-12-11 03:29:01');
INSERT INTO `student_major` VALUES (712, 712, 4, '2019', 0, '2022-12-11 03:29:01', '2022-12-11 03:29:01');
INSERT INTO `student_major` VALUES (713, 713, 2, '2019', 0, '2022-12-11 03:29:01', '2022-12-11 03:29:01');
INSERT INTO `student_major` VALUES (714, 714, 5, '2021', 0, '2022-12-11 03:29:01', '2022-12-11 03:29:01');
INSERT INTO `student_major` VALUES (715, 715, 3, '2020', 0, '2022-12-11 03:29:01', '2022-12-11 03:29:01');
INSERT INTO `student_major` VALUES (716, 716, 1, '2021', 0, '2022-12-11 03:29:01', '2022-12-11 03:29:01');
INSERT INTO `student_major` VALUES (717, 717, 5, '2019', 0, '2022-12-11 03:29:01', '2022-12-11 03:29:01');
INSERT INTO `student_major` VALUES (718, 718, 1, '2022', 0, '2022-12-11 03:29:01', '2022-12-11 03:29:01');
INSERT INTO `student_major` VALUES (719, 719, 1, '2021', 0, '2022-12-11 03:29:01', '2022-12-11 03:29:01');
INSERT INTO `student_major` VALUES (720, 720, 4, '2022', 0, '2022-12-11 03:29:01', '2022-12-11 03:29:01');
INSERT INTO `student_major` VALUES (721, 721, 2, '2020', 0, '2022-12-11 03:29:01', '2022-12-11 03:29:01');
INSERT INTO `student_major` VALUES (722, 722, 6, '2019', 0, '2022-12-11 03:29:01', '2022-12-11 03:29:01');
INSERT INTO `student_major` VALUES (723, 723, 2, '2019', 0, '2022-12-11 03:29:01', '2022-12-11 03:29:01');
INSERT INTO `student_major` VALUES (724, 724, 2, '2019', 0, '2022-12-11 03:29:01', '2022-12-11 03:29:01');
INSERT INTO `student_major` VALUES (725, 725, 6, '2022', 0, '2022-12-11 03:29:01', '2022-12-11 03:29:01');
INSERT INTO `student_major` VALUES (726, 726, 1, '2019', 0, '2022-12-11 03:29:01', '2022-12-11 03:29:01');
INSERT INTO `student_major` VALUES (727, 727, 6, '2019', 0, '2022-12-11 03:29:01', '2022-12-11 03:29:01');
INSERT INTO `student_major` VALUES (728, 728, 5, '2022', 0, '2022-12-11 03:29:01', '2022-12-11 03:29:01');
INSERT INTO `student_major` VALUES (729, 729, 6, '2019', 0, '2022-12-11 03:29:01', '2022-12-11 03:29:01');
INSERT INTO `student_major` VALUES (730, 730, 1, '2019', 0, '2022-12-11 03:29:01', '2022-12-11 03:29:01');
INSERT INTO `student_major` VALUES (731, 731, 6, '2020', 0, '2022-12-11 03:29:01', '2022-12-11 03:29:01');
INSERT INTO `student_major` VALUES (732, 732, 3, '2019', 0, '2022-12-11 03:29:01', '2022-12-11 03:29:01');
INSERT INTO `student_major` VALUES (733, 733, 1, '2022', 0, '2022-12-11 03:29:01', '2022-12-11 03:29:01');
INSERT INTO `student_major` VALUES (734, 734, 2, '2021', 0, '2022-12-11 03:29:01', '2022-12-11 03:29:01');
INSERT INTO `student_major` VALUES (735, 735, 5, '2021', 0, '2022-12-11 03:29:01', '2022-12-11 03:29:01');
INSERT INTO `student_major` VALUES (736, 736, 1, '2021', 0, '2022-12-11 03:29:01', '2022-12-11 03:29:01');
INSERT INTO `student_major` VALUES (737, 737, 2, '2021', 0, '2022-12-11 03:29:01', '2022-12-11 03:29:01');
INSERT INTO `student_major` VALUES (738, 738, 6, '2022', 0, '2022-12-11 03:29:01', '2022-12-11 03:29:01');
INSERT INTO `student_major` VALUES (739, 739, 3, '2019', 0, '2022-12-11 03:29:01', '2022-12-11 03:29:01');
INSERT INTO `student_major` VALUES (740, 740, 3, '2022', 0, '2022-12-11 03:29:01', '2022-12-11 03:29:01');
INSERT INTO `student_major` VALUES (741, 741, 6, '2019', 0, '2022-12-11 03:29:01', '2022-12-11 03:29:01');
INSERT INTO `student_major` VALUES (742, 742, 4, '2020', 0, '2022-12-11 03:29:01', '2022-12-11 03:29:01');
INSERT INTO `student_major` VALUES (743, 743, 2, '2020', 0, '2022-12-11 03:29:01', '2022-12-11 03:29:01');
INSERT INTO `student_major` VALUES (744, 744, 2, '2020', 0, '2022-12-11 03:29:01', '2022-12-11 03:29:01');
INSERT INTO `student_major` VALUES (745, 745, 6, '2022', 0, '2022-12-11 03:29:01', '2022-12-11 03:29:01');
INSERT INTO `student_major` VALUES (746, 746, 3, '2022', 0, '2022-12-11 03:29:01', '2022-12-11 03:29:01');
INSERT INTO `student_major` VALUES (747, 747, 3, '2021', 0, '2022-12-11 03:29:01', '2022-12-11 03:29:01');
INSERT INTO `student_major` VALUES (748, 748, 5, '2019', 0, '2022-12-11 03:29:01', '2022-12-11 03:29:01');
INSERT INTO `student_major` VALUES (749, 749, 4, '2021', 0, '2022-12-11 03:29:01', '2022-12-11 03:29:01');
INSERT INTO `student_major` VALUES (750, 750, 1, '2022', 0, '2022-12-11 03:29:01', '2022-12-11 03:29:01');
INSERT INTO `student_major` VALUES (751, 751, 5, '2021', 0, '2022-12-11 03:29:01', '2022-12-11 03:29:01');
INSERT INTO `student_major` VALUES (752, 752, 3, '2022', 0, '2022-12-11 03:29:01', '2022-12-11 03:29:01');
INSERT INTO `student_major` VALUES (753, 753, 5, '2019', 0, '2022-12-11 03:29:01', '2022-12-11 03:29:01');
INSERT INTO `student_major` VALUES (754, 754, 5, '2020', 0, '2022-12-11 03:29:01', '2022-12-11 03:29:01');
INSERT INTO `student_major` VALUES (755, 755, 6, '2019', 0, '2022-12-11 03:29:01', '2022-12-11 03:29:01');
INSERT INTO `student_major` VALUES (756, 756, 6, '2020', 0, '2022-12-11 03:29:01', '2022-12-11 03:29:01');
INSERT INTO `student_major` VALUES (757, 757, 6, '2022', 0, '2022-12-11 03:29:01', '2022-12-11 03:29:01');
INSERT INTO `student_major` VALUES (758, 758, 1, '2019', 0, '2022-12-11 03:29:01', '2022-12-11 03:29:01');
INSERT INTO `student_major` VALUES (759, 759, 3, '2019', 0, '2022-12-11 03:29:01', '2022-12-11 03:29:01');
INSERT INTO `student_major` VALUES (760, 760, 4, '2021', 0, '2022-12-11 03:29:01', '2022-12-11 03:29:01');
INSERT INTO `student_major` VALUES (761, 761, 3, '2020', 0, '2022-12-11 03:29:01', '2022-12-11 03:29:01');
INSERT INTO `student_major` VALUES (762, 762, 5, '2021', 0, '2022-12-11 03:29:01', '2022-12-11 03:29:01');
INSERT INTO `student_major` VALUES (763, 763, 3, '2021', 0, '2022-12-11 03:29:01', '2022-12-11 03:29:01');
INSERT INTO `student_major` VALUES (764, 764, 3, '2022', 0, '2022-12-11 03:29:01', '2022-12-11 03:29:01');
INSERT INTO `student_major` VALUES (765, 765, 3, '2022', 0, '2022-12-11 03:29:01', '2022-12-11 03:29:01');
INSERT INTO `student_major` VALUES (766, 766, 3, '2019', 0, '2022-12-11 03:29:01', '2022-12-11 03:29:01');
INSERT INTO `student_major` VALUES (767, 767, 2, '2022', 0, '2022-12-11 03:29:01', '2022-12-11 03:29:01');
INSERT INTO `student_major` VALUES (768, 768, 4, '2021', 0, '2022-12-11 03:29:01', '2022-12-11 03:29:01');
INSERT INTO `student_major` VALUES (769, 769, 5, '2020', 0, '2022-12-11 03:29:01', '2022-12-11 03:29:01');
INSERT INTO `student_major` VALUES (770, 770, 1, '2019', 0, '2022-12-11 03:29:01', '2022-12-11 03:29:01');
INSERT INTO `student_major` VALUES (771, 771, 5, '2021', 0, '2022-12-11 03:29:01', '2022-12-11 03:29:01');
INSERT INTO `student_major` VALUES (772, 772, 2, '2021', 0, '2022-12-11 03:29:01', '2022-12-11 03:29:01');
INSERT INTO `student_major` VALUES (773, 773, 2, '2019', 0, '2022-12-11 03:29:01', '2022-12-11 03:29:01');
INSERT INTO `student_major` VALUES (774, 774, 6, '2020', 0, '2022-12-11 03:29:01', '2022-12-11 03:29:01');
INSERT INTO `student_major` VALUES (775, 775, 5, '2022', 0, '2022-12-11 03:29:01', '2022-12-11 03:29:01');
INSERT INTO `student_major` VALUES (776, 776, 2, '2021', 0, '2022-12-11 03:29:01', '2022-12-11 03:29:01');
INSERT INTO `student_major` VALUES (777, 777, 2, '2021', 0, '2022-12-11 03:29:01', '2022-12-11 03:29:01');
INSERT INTO `student_major` VALUES (778, 778, 6, '2019', 0, '2022-12-11 03:29:01', '2022-12-11 03:29:01');
INSERT INTO `student_major` VALUES (779, 779, 2, '2022', 0, '2022-12-11 03:29:01', '2022-12-11 03:29:01');
INSERT INTO `student_major` VALUES (780, 780, 6, '2020', 0, '2022-12-11 03:29:01', '2022-12-11 03:29:01');
INSERT INTO `student_major` VALUES (781, 781, 2, '2021', 0, '2022-12-11 03:29:01', '2022-12-11 03:29:01');
INSERT INTO `student_major` VALUES (782, 782, 6, '2019', 0, '2022-12-11 03:29:01', '2022-12-11 03:29:01');
INSERT INTO `student_major` VALUES (783, 783, 4, '2022', 0, '2022-12-11 03:29:01', '2022-12-11 03:29:01');
INSERT INTO `student_major` VALUES (784, 784, 1, '2020', 0, '2022-12-11 03:29:01', '2022-12-11 03:29:01');
INSERT INTO `student_major` VALUES (785, 785, 4, '2019', 0, '2022-12-11 03:29:01', '2022-12-11 03:29:01');
INSERT INTO `student_major` VALUES (786, 786, 5, '2022', 0, '2022-12-11 03:29:01', '2022-12-11 03:29:01');
INSERT INTO `student_major` VALUES (787, 787, 2, '2022', 0, '2022-12-11 03:29:01', '2022-12-11 03:29:01');
INSERT INTO `student_major` VALUES (788, 788, 1, '2019', 0, '2022-12-11 03:29:01', '2022-12-11 03:29:01');
INSERT INTO `student_major` VALUES (789, 789, 2, '2020', 0, '2022-12-11 03:29:01', '2022-12-11 03:29:01');
INSERT INTO `student_major` VALUES (790, 790, 3, '2021', 0, '2022-12-11 03:29:01', '2022-12-11 03:29:01');
INSERT INTO `student_major` VALUES (791, 791, 2, '2019', 0, '2022-12-11 03:29:01', '2022-12-11 03:29:01');
INSERT INTO `student_major` VALUES (792, 792, 3, '2019', 0, '2022-12-11 03:29:01', '2022-12-11 03:29:01');
INSERT INTO `student_major` VALUES (793, 793, 5, '2019', 0, '2022-12-11 03:29:01', '2022-12-11 03:29:01');
INSERT INTO `student_major` VALUES (794, 794, 6, '2021', 0, '2022-12-11 03:29:01', '2022-12-11 03:29:01');
INSERT INTO `student_major` VALUES (795, 795, 5, '2022', 0, '2022-12-11 03:29:01', '2022-12-11 03:29:01');
INSERT INTO `student_major` VALUES (796, 796, 1, '2019', 0, '2022-12-11 03:29:01', '2022-12-11 03:29:01');
INSERT INTO `student_major` VALUES (797, 797, 3, '2019', 0, '2022-12-11 03:29:01', '2022-12-11 03:29:01');
INSERT INTO `student_major` VALUES (798, 798, 2, '2019', 0, '2022-12-11 03:29:01', '2022-12-11 03:29:01');
INSERT INTO `student_major` VALUES (799, 799, 3, '2019', 0, '2022-12-11 03:29:01', '2022-12-11 03:29:01');
INSERT INTO `student_major` VALUES (800, 800, 2, '2020', 0, '2022-12-11 03:29:01', '2022-12-11 03:29:01');
INSERT INTO `student_major` VALUES (801, 801, 3, '2022', 0, '2022-12-11 03:29:01', '2022-12-11 03:29:01');
INSERT INTO `student_major` VALUES (802, 802, 1, '2022', 0, '2022-12-11 03:29:01', '2022-12-11 03:29:01');
INSERT INTO `student_major` VALUES (803, 803, 2, '2019', 0, '2022-12-11 03:29:01', '2022-12-11 03:29:01');
INSERT INTO `student_major` VALUES (804, 804, 4, '2019', 0, '2022-12-11 03:29:01', '2022-12-11 03:29:01');
INSERT INTO `student_major` VALUES (805, 805, 4, '2019', 0, '2022-12-11 03:29:01', '2022-12-11 03:29:01');
INSERT INTO `student_major` VALUES (806, 806, 1, '2021', 0, '2022-12-11 03:29:01', '2022-12-11 03:29:01');
INSERT INTO `student_major` VALUES (807, 807, 5, '2019', 0, '2022-12-11 03:29:01', '2022-12-11 03:29:01');
INSERT INTO `student_major` VALUES (808, 808, 5, '2022', 0, '2022-12-11 03:29:01', '2022-12-11 03:29:01');
INSERT INTO `student_major` VALUES (809, 809, 5, '2019', 0, '2022-12-11 03:29:01', '2022-12-11 03:29:01');
INSERT INTO `student_major` VALUES (810, 810, 4, '2019', 0, '2022-12-11 03:29:01', '2022-12-11 03:29:01');
INSERT INTO `student_major` VALUES (811, 811, 4, '2019', 0, '2022-12-11 03:29:01', '2022-12-11 03:29:01');
INSERT INTO `student_major` VALUES (812, 812, 1, '2021', 0, '2022-12-11 03:29:01', '2022-12-11 03:29:01');
INSERT INTO `student_major` VALUES (813, 813, 4, '2021', 0, '2022-12-11 03:29:01', '2022-12-11 03:29:01');
INSERT INTO `student_major` VALUES (814, 814, 2, '2019', 0, '2022-12-11 03:29:01', '2022-12-11 03:29:01');
INSERT INTO `student_major` VALUES (815, 815, 6, '2022', 0, '2022-12-11 03:29:01', '2022-12-11 03:29:01');
INSERT INTO `student_major` VALUES (816, 816, 2, '2019', 0, '2022-12-11 03:29:01', '2022-12-11 03:29:01');
INSERT INTO `student_major` VALUES (817, 817, 6, '2019', 0, '2022-12-11 03:29:01', '2022-12-11 03:29:01');
INSERT INTO `student_major` VALUES (818, 818, 6, '2020', 0, '2022-12-11 03:29:01', '2022-12-11 03:29:01');
INSERT INTO `student_major` VALUES (819, 819, 1, '2019', 0, '2022-12-11 03:29:01', '2022-12-11 03:29:01');
INSERT INTO `student_major` VALUES (820, 820, 2, '2020', 0, '2022-12-11 03:29:01', '2022-12-11 03:29:01');
INSERT INTO `student_major` VALUES (821, 821, 6, '2019', 0, '2022-12-11 03:29:01', '2022-12-11 03:29:01');
INSERT INTO `student_major` VALUES (822, 822, 6, '2020', 0, '2022-12-11 03:29:01', '2022-12-11 03:29:01');
INSERT INTO `student_major` VALUES (823, 823, 2, '2021', 0, '2022-12-11 03:29:01', '2022-12-11 03:29:01');
INSERT INTO `student_major` VALUES (824, 824, 3, '2021', 0, '2022-12-11 03:29:01', '2022-12-11 03:29:01');
INSERT INTO `student_major` VALUES (825, 825, 4, '2022', 0, '2022-12-11 03:29:01', '2022-12-11 03:29:01');
INSERT INTO `student_major` VALUES (826, 826, 3, '2021', 0, '2022-12-11 03:29:01', '2022-12-11 03:29:01');
INSERT INTO `student_major` VALUES (827, 827, 6, '2021', 0, '2022-12-11 03:29:01', '2022-12-11 03:29:01');
INSERT INTO `student_major` VALUES (828, 828, 3, '2022', 0, '2022-12-11 03:29:01', '2022-12-11 03:29:01');
INSERT INTO `student_major` VALUES (829, 829, 1, '2020', 0, '2022-12-11 03:29:01', '2022-12-11 03:29:01');
INSERT INTO `student_major` VALUES (830, 830, 1, '2022', 0, '2022-12-11 03:29:01', '2022-12-11 03:29:01');
INSERT INTO `student_major` VALUES (831, 831, 6, '2019', 0, '2022-12-11 03:29:01', '2022-12-11 03:29:01');
INSERT INTO `student_major` VALUES (832, 832, 5, '2022', 0, '2022-12-11 03:29:01', '2022-12-11 03:29:01');
INSERT INTO `student_major` VALUES (833, 833, 6, '2020', 0, '2022-12-11 03:29:01', '2022-12-11 03:29:01');
INSERT INTO `student_major` VALUES (834, 834, 6, '2021', 0, '2022-12-11 03:29:01', '2022-12-11 03:29:01');
INSERT INTO `student_major` VALUES (835, 835, 2, '2020', 0, '2022-12-11 03:29:01', '2022-12-11 03:29:01');
INSERT INTO `student_major` VALUES (836, 836, 5, '2022', 0, '2022-12-11 03:29:01', '2022-12-11 03:29:01');
INSERT INTO `student_major` VALUES (837, 837, 1, '2021', 0, '2022-12-11 03:29:01', '2022-12-11 03:29:01');
INSERT INTO `student_major` VALUES (838, 838, 6, '2019', 0, '2022-12-11 03:29:01', '2022-12-11 03:29:01');
INSERT INTO `student_major` VALUES (839, 839, 5, '2022', 0, '2022-12-11 03:29:01', '2022-12-11 03:29:01');
INSERT INTO `student_major` VALUES (840, 840, 3, '2020', 0, '2022-12-11 03:29:01', '2022-12-11 03:29:01');
INSERT INTO `student_major` VALUES (841, 841, 5, '2022', 0, '2022-12-11 03:29:01', '2022-12-11 03:29:01');
INSERT INTO `student_major` VALUES (842, 842, 6, '2022', 0, '2022-12-11 03:29:01', '2022-12-11 03:29:01');
INSERT INTO `student_major` VALUES (843, 843, 3, '2020', 0, '2022-12-11 03:29:01', '2022-12-11 03:29:01');
INSERT INTO `student_major` VALUES (844, 844, 6, '2020', 0, '2022-12-11 03:29:01', '2022-12-11 03:29:01');
INSERT INTO `student_major` VALUES (845, 845, 3, '2020', 0, '2022-12-11 03:29:01', '2022-12-11 03:29:01');
INSERT INTO `student_major` VALUES (846, 846, 3, '2021', 0, '2022-12-11 03:29:01', '2022-12-11 03:29:01');
INSERT INTO `student_major` VALUES (847, 847, 5, '2021', 0, '2022-12-11 03:29:01', '2022-12-11 03:29:01');
INSERT INTO `student_major` VALUES (848, 848, 2, '2021', 0, '2022-12-11 03:29:01', '2022-12-11 03:29:01');
INSERT INTO `student_major` VALUES (849, 849, 3, '2020', 0, '2022-12-11 03:29:01', '2022-12-11 03:29:01');
INSERT INTO `student_major` VALUES (850, 850, 6, '2019', 0, '2022-12-11 03:29:01', '2022-12-11 03:29:01');
INSERT INTO `student_major` VALUES (851, 851, 2, '2021', 0, '2022-12-11 03:29:01', '2022-12-11 03:29:01');
INSERT INTO `student_major` VALUES (852, 852, 6, '2020', 0, '2022-12-11 03:29:01', '2022-12-11 03:29:01');
INSERT INTO `student_major` VALUES (853, 853, 2, '2019', 0, '2022-12-11 03:29:01', '2022-12-11 03:29:01');
INSERT INTO `student_major` VALUES (854, 854, 4, '2020', 0, '2022-12-11 03:29:01', '2022-12-11 03:29:01');
INSERT INTO `student_major` VALUES (855, 855, 1, '2021', 0, '2022-12-11 03:29:01', '2022-12-11 03:29:01');
INSERT INTO `student_major` VALUES (856, 856, 6, '2022', 0, '2022-12-11 03:29:01', '2022-12-11 03:29:01');
INSERT INTO `student_major` VALUES (857, 857, 1, '2022', 0, '2022-12-11 03:29:01', '2022-12-11 03:29:01');
INSERT INTO `student_major` VALUES (858, 858, 2, '2021', 0, '2022-12-11 03:29:01', '2022-12-11 03:29:01');
INSERT INTO `student_major` VALUES (859, 859, 5, '2019', 0, '2022-12-11 03:29:01', '2022-12-11 03:29:01');
INSERT INTO `student_major` VALUES (860, 860, 3, '2022', 0, '2022-12-11 03:29:01', '2022-12-11 03:29:01');
INSERT INTO `student_major` VALUES (861, 861, 3, '2021', 0, '2022-12-11 03:29:01', '2022-12-11 03:29:01');
INSERT INTO `student_major` VALUES (862, 862, 2, '2021', 0, '2022-12-11 03:29:01', '2022-12-11 03:29:01');
INSERT INTO `student_major` VALUES (863, 863, 3, '2021', 0, '2022-12-11 03:29:01', '2022-12-11 03:29:01');
INSERT INTO `student_major` VALUES (864, 864, 2, '2022', 0, '2022-12-11 03:29:01', '2022-12-11 03:29:01');
INSERT INTO `student_major` VALUES (865, 865, 5, '2021', 0, '2022-12-11 03:29:01', '2022-12-11 03:29:01');
INSERT INTO `student_major` VALUES (866, 866, 5, '2022', 0, '2022-12-11 03:29:01', '2022-12-11 03:29:01');
INSERT INTO `student_major` VALUES (867, 867, 1, '2019', 0, '2022-12-11 03:29:01', '2022-12-11 03:29:01');
INSERT INTO `student_major` VALUES (868, 868, 4, '2021', 0, '2022-12-11 03:29:01', '2022-12-11 03:29:01');
INSERT INTO `student_major` VALUES (869, 869, 3, '2022', 0, '2022-12-11 03:29:01', '2022-12-11 03:29:01');
INSERT INTO `student_major` VALUES (870, 870, 4, '2019', 0, '2022-12-11 03:29:01', '2022-12-11 03:29:01');
INSERT INTO `student_major` VALUES (871, 871, 3, '2021', 0, '2022-12-11 03:29:01', '2022-12-11 03:29:01');
INSERT INTO `student_major` VALUES (872, 872, 4, '2022', 0, '2022-12-11 03:29:01', '2022-12-11 03:29:01');
INSERT INTO `student_major` VALUES (873, 873, 1, '2019', 0, '2022-12-11 03:29:01', '2022-12-11 03:29:01');
INSERT INTO `student_major` VALUES (874, 874, 2, '2020', 0, '2022-12-11 03:29:01', '2022-12-11 03:29:01');
INSERT INTO `student_major` VALUES (875, 875, 3, '2020', 0, '2022-12-11 03:29:01', '2022-12-11 03:29:01');
INSERT INTO `student_major` VALUES (876, 876, 6, '2020', 0, '2022-12-11 03:29:01', '2022-12-11 03:29:01');
INSERT INTO `student_major` VALUES (877, 877, 5, '2019', 0, '2022-12-11 03:29:01', '2022-12-11 03:29:01');
INSERT INTO `student_major` VALUES (878, 878, 4, '2020', 0, '2022-12-11 03:29:01', '2022-12-11 03:29:01');
INSERT INTO `student_major` VALUES (879, 879, 3, '2020', 0, '2022-12-11 03:29:01', '2022-12-11 03:29:01');
INSERT INTO `student_major` VALUES (880, 880, 1, '2022', 0, '2022-12-11 03:29:01', '2022-12-11 03:29:01');
INSERT INTO `student_major` VALUES (881, 881, 2, '2022', 0, '2022-12-11 03:29:01', '2022-12-11 03:29:01');
INSERT INTO `student_major` VALUES (882, 882, 3, '2019', 0, '2022-12-11 03:29:01', '2022-12-11 03:29:01');
INSERT INTO `student_major` VALUES (883, 883, 5, '2020', 0, '2022-12-11 03:29:01', '2022-12-11 03:29:01');
INSERT INTO `student_major` VALUES (884, 884, 6, '2022', 0, '2022-12-11 03:29:01', '2022-12-11 03:29:01');
INSERT INTO `student_major` VALUES (885, 885, 3, '2019', 0, '2022-12-11 03:29:01', '2022-12-11 03:29:01');
INSERT INTO `student_major` VALUES (886, 886, 1, '2021', 0, '2022-12-11 03:29:01', '2022-12-11 03:29:01');
INSERT INTO `student_major` VALUES (887, 887, 5, '2021', 0, '2022-12-11 03:29:01', '2022-12-11 03:29:01');
INSERT INTO `student_major` VALUES (888, 888, 2, '2021', 0, '2022-12-11 03:29:01', '2022-12-11 03:29:01');
INSERT INTO `student_major` VALUES (889, 889, 3, '2022', 0, '2022-12-11 03:29:01', '2022-12-11 03:29:01');
INSERT INTO `student_major` VALUES (890, 890, 4, '2021', 0, '2022-12-11 03:29:01', '2022-12-11 03:29:01');
INSERT INTO `student_major` VALUES (891, 891, 6, '2019', 0, '2022-12-11 03:29:02', '2022-12-11 03:29:02');
INSERT INTO `student_major` VALUES (892, 892, 2, '2022', 0, '2022-12-11 03:29:02', '2022-12-11 03:29:02');
INSERT INTO `student_major` VALUES (893, 893, 4, '2022', 0, '2022-12-11 03:29:02', '2022-12-11 03:29:02');
INSERT INTO `student_major` VALUES (894, 894, 6, '2020', 0, '2022-12-11 03:29:02', '2022-12-11 03:29:02');
INSERT INTO `student_major` VALUES (895, 895, 1, '2021', 0, '2022-12-11 03:29:02', '2022-12-11 03:29:02');
INSERT INTO `student_major` VALUES (896, 896, 3, '2019', 0, '2022-12-11 03:29:02', '2022-12-11 03:29:02');
INSERT INTO `student_major` VALUES (897, 897, 3, '2021', 0, '2022-12-11 03:29:02', '2022-12-11 03:29:02');
INSERT INTO `student_major` VALUES (898, 898, 4, '2020', 0, '2022-12-11 03:29:02', '2022-12-11 03:29:02');
INSERT INTO `student_major` VALUES (899, 899, 3, '2021', 0, '2022-12-11 03:29:02', '2022-12-11 03:29:02');
INSERT INTO `student_major` VALUES (900, 900, 6, '2019', 0, '2022-12-11 03:29:02', '2022-12-11 03:29:02');
INSERT INTO `student_major` VALUES (901, 901, 1, '2022', 0, '2022-12-11 03:29:02', '2022-12-11 03:29:02');
INSERT INTO `student_major` VALUES (902, 902, 5, '2020', 0, '2022-12-11 03:29:02', '2022-12-11 03:29:02');
INSERT INTO `student_major` VALUES (903, 903, 3, '2020', 0, '2022-12-11 03:29:02', '2022-12-11 03:29:02');
INSERT INTO `student_major` VALUES (904, 904, 6, '2019', 0, '2022-12-11 03:29:02', '2022-12-11 03:29:02');
INSERT INTO `student_major` VALUES (905, 905, 1, '2021', 0, '2022-12-11 03:29:02', '2022-12-11 03:29:02');
INSERT INTO `student_major` VALUES (906, 906, 2, '2022', 0, '2022-12-11 03:29:02', '2022-12-11 03:29:02');
INSERT INTO `student_major` VALUES (907, 907, 6, '2019', 0, '2022-12-11 03:29:02', '2022-12-11 03:29:02');
INSERT INTO `student_major` VALUES (908, 908, 1, '2020', 0, '2022-12-11 03:29:02', '2022-12-11 03:29:02');
INSERT INTO `student_major` VALUES (909, 909, 2, '2021', 0, '2022-12-11 03:29:02', '2022-12-11 03:29:02');
INSERT INTO `student_major` VALUES (910, 910, 5, '2021', 0, '2022-12-11 03:29:02', '2022-12-11 03:29:02');
INSERT INTO `student_major` VALUES (911, 911, 4, '2021', 0, '2022-12-11 03:29:02', '2022-12-11 03:29:02');
INSERT INTO `student_major` VALUES (912, 912, 6, '2020', 0, '2022-12-11 03:29:02', '2022-12-11 03:29:02');
INSERT INTO `student_major` VALUES (913, 913, 5, '2022', 0, '2022-12-11 03:29:02', '2022-12-11 03:29:02');
INSERT INTO `student_major` VALUES (914, 914, 1, '2020', 0, '2022-12-11 03:29:02', '2022-12-11 03:29:02');
INSERT INTO `student_major` VALUES (915, 915, 6, '2020', 0, '2022-12-11 03:29:02', '2022-12-11 03:29:02');
INSERT INTO `student_major` VALUES (916, 916, 2, '2020', 0, '2022-12-11 03:29:02', '2022-12-11 03:29:02');
INSERT INTO `student_major` VALUES (917, 917, 3, '2022', 0, '2022-12-11 03:29:02', '2022-12-11 03:29:02');
INSERT INTO `student_major` VALUES (918, 918, 3, '2020', 0, '2022-12-11 03:29:02', '2022-12-11 03:29:02');
INSERT INTO `student_major` VALUES (919, 919, 1, '2019', 0, '2022-12-11 03:29:02', '2022-12-11 03:29:02');
INSERT INTO `student_major` VALUES (920, 920, 4, '2020', 0, '2022-12-11 03:29:02', '2022-12-11 03:29:02');
INSERT INTO `student_major` VALUES (921, 921, 5, '2019', 0, '2022-12-11 03:29:02', '2022-12-11 03:29:02');
INSERT INTO `student_major` VALUES (922, 922, 1, '2022', 0, '2022-12-11 03:29:02', '2022-12-11 03:29:02');
INSERT INTO `student_major` VALUES (923, 923, 1, '2021', 0, '2022-12-11 03:29:02', '2022-12-11 03:29:02');
INSERT INTO `student_major` VALUES (924, 924, 3, '2020', 0, '2022-12-11 03:29:02', '2022-12-11 03:29:02');
INSERT INTO `student_major` VALUES (925, 925, 1, '2021', 0, '2022-12-11 03:29:02', '2022-12-11 03:29:02');
INSERT INTO `student_major` VALUES (926, 926, 6, '2019', 0, '2022-12-11 03:29:02', '2022-12-11 03:29:02');
INSERT INTO `student_major` VALUES (927, 927, 1, '2020', 0, '2022-12-11 03:29:02', '2022-12-11 03:29:02');
INSERT INTO `student_major` VALUES (928, 928, 2, '2019', 0, '2022-12-11 03:29:02', '2022-12-11 03:29:02');
INSERT INTO `student_major` VALUES (929, 929, 2, '2019', 0, '2022-12-11 03:29:02', '2022-12-11 03:29:02');
INSERT INTO `student_major` VALUES (930, 930, 6, '2019', 0, '2022-12-11 03:29:02', '2022-12-11 03:29:02');
INSERT INTO `student_major` VALUES (931, 931, 2, '2021', 0, '2022-12-11 03:29:02', '2022-12-11 03:29:02');
INSERT INTO `student_major` VALUES (932, 932, 4, '2021', 0, '2022-12-11 03:29:02', '2022-12-11 03:29:02');
INSERT INTO `student_major` VALUES (933, 933, 5, '2021', 0, '2022-12-11 03:29:02', '2022-12-11 03:29:02');
INSERT INTO `student_major` VALUES (934, 934, 1, '2019', 0, '2022-12-11 03:29:02', '2022-12-11 03:29:02');
INSERT INTO `student_major` VALUES (935, 935, 5, '2020', 0, '2022-12-11 03:29:02', '2022-12-11 03:29:02');
INSERT INTO `student_major` VALUES (936, 936, 5, '2022', 0, '2022-12-11 03:29:02', '2022-12-11 03:29:02');
INSERT INTO `student_major` VALUES (937, 937, 1, '2020', 0, '2022-12-11 03:29:02', '2022-12-11 03:29:02');
INSERT INTO `student_major` VALUES (938, 938, 4, '2022', 0, '2022-12-11 03:29:02', '2022-12-11 03:29:02');
INSERT INTO `student_major` VALUES (939, 939, 4, '2020', 0, '2022-12-11 03:29:02', '2022-12-11 03:29:02');
INSERT INTO `student_major` VALUES (940, 940, 3, '2022', 0, '2022-12-11 03:29:02', '2022-12-11 03:29:02');
INSERT INTO `student_major` VALUES (941, 941, 1, '2019', 0, '2022-12-11 03:29:02', '2022-12-11 03:29:02');
INSERT INTO `student_major` VALUES (942, 942, 1, '2022', 0, '2022-12-11 03:29:02', '2022-12-11 03:29:02');
INSERT INTO `student_major` VALUES (943, 943, 3, '2022', 0, '2022-12-11 03:29:02', '2022-12-11 03:29:02');
INSERT INTO `student_major` VALUES (944, 944, 2, '2020', 0, '2022-12-11 03:29:02', '2022-12-11 03:29:02');
INSERT INTO `student_major` VALUES (945, 945, 4, '2019', 0, '2022-12-11 03:29:02', '2022-12-11 03:29:02');
INSERT INTO `student_major` VALUES (946, 946, 3, '2021', 0, '2022-12-11 03:29:02', '2022-12-11 03:29:02');
INSERT INTO `student_major` VALUES (947, 947, 4, '2021', 0, '2022-12-11 03:29:02', '2022-12-11 03:29:02');
INSERT INTO `student_major` VALUES (948, 948, 3, '2019', 0, '2022-12-11 03:29:02', '2022-12-11 03:29:02');
INSERT INTO `student_major` VALUES (949, 949, 1, '2022', 0, '2022-12-11 03:29:02', '2022-12-11 03:29:02');
INSERT INTO `student_major` VALUES (950, 950, 1, '2019', 0, '2022-12-11 03:29:02', '2022-12-11 03:29:02');
INSERT INTO `student_major` VALUES (951, 951, 1, '2021', 0, '2022-12-11 03:29:02', '2022-12-11 03:29:02');
INSERT INTO `student_major` VALUES (952, 952, 2, '2019', 0, '2022-12-11 03:29:02', '2022-12-11 03:29:02');
INSERT INTO `student_major` VALUES (953, 953, 2, '2019', 0, '2022-12-11 03:29:02', '2022-12-11 03:29:02');
INSERT INTO `student_major` VALUES (954, 954, 2, '2021', 0, '2022-12-11 03:29:02', '2022-12-11 03:29:02');
INSERT INTO `student_major` VALUES (955, 955, 2, '2020', 0, '2022-12-11 03:29:02', '2022-12-11 03:29:02');
INSERT INTO `student_major` VALUES (956, 956, 3, '2022', 0, '2022-12-11 03:29:02', '2022-12-11 03:29:02');
INSERT INTO `student_major` VALUES (957, 957, 4, '2022', 0, '2022-12-11 03:29:02', '2022-12-11 03:29:02');
INSERT INTO `student_major` VALUES (958, 958, 6, '2022', 0, '2022-12-11 03:29:02', '2022-12-11 03:29:02');
INSERT INTO `student_major` VALUES (959, 959, 4, '2020', 0, '2022-12-11 03:29:02', '2022-12-11 03:29:02');
INSERT INTO `student_major` VALUES (960, 960, 1, '2021', 0, '2022-12-11 03:29:02', '2022-12-11 03:29:02');
INSERT INTO `student_major` VALUES (961, 961, 1, '2022', 0, '2022-12-11 03:29:02', '2022-12-11 03:29:02');
INSERT INTO `student_major` VALUES (962, 962, 1, '2022', 0, '2022-12-11 03:29:02', '2022-12-11 03:29:02');
INSERT INTO `student_major` VALUES (963, 963, 5, '2021', 0, '2022-12-11 03:29:02', '2022-12-11 03:29:02');
INSERT INTO `student_major` VALUES (964, 964, 5, '2019', 0, '2022-12-11 03:29:02', '2022-12-11 03:29:02');
INSERT INTO `student_major` VALUES (965, 965, 1, '2020', 0, '2022-12-11 03:29:02', '2022-12-11 03:29:02');
INSERT INTO `student_major` VALUES (966, 966, 2, '2020', 0, '2022-12-11 03:29:02', '2022-12-11 03:29:02');
INSERT INTO `student_major` VALUES (967, 967, 2, '2020', 0, '2022-12-11 03:29:02', '2022-12-11 03:29:02');
INSERT INTO `student_major` VALUES (968, 968, 4, '2021', 0, '2022-12-11 03:29:02', '2022-12-11 03:29:02');
INSERT INTO `student_major` VALUES (969, 969, 2, '2020', 0, '2022-12-11 03:29:02', '2022-12-11 03:29:02');
INSERT INTO `student_major` VALUES (970, 970, 5, '2020', 0, '2022-12-11 03:29:02', '2022-12-11 03:29:02');
INSERT INTO `student_major` VALUES (971, 971, 1, '2020', 0, '2022-12-11 03:29:02', '2022-12-11 03:29:02');
INSERT INTO `student_major` VALUES (972, 972, 1, '2020', 0, '2022-12-11 03:29:02', '2022-12-11 03:29:02');
INSERT INTO `student_major` VALUES (973, 973, 5, '2019', 0, '2022-12-11 03:29:02', '2022-12-11 03:29:02');
INSERT INTO `student_major` VALUES (974, 974, 1, '2020', 0, '2022-12-11 03:29:02', '2022-12-11 03:29:02');
INSERT INTO `student_major` VALUES (975, 975, 1, '2019', 0, '2022-12-11 03:29:02', '2022-12-11 03:29:02');
INSERT INTO `student_major` VALUES (976, 976, 2, '2019', 0, '2022-12-11 03:29:02', '2022-12-11 03:29:02');
INSERT INTO `student_major` VALUES (977, 977, 2, '2021', 0, '2022-12-11 03:29:02', '2022-12-11 03:29:02');
INSERT INTO `student_major` VALUES (978, 978, 1, '2020', 0, '2022-12-11 03:29:02', '2022-12-11 03:29:02');
INSERT INTO `student_major` VALUES (979, 979, 2, '2019', 0, '2022-12-11 03:29:02', '2022-12-11 03:29:02');
INSERT INTO `student_major` VALUES (980, 980, 4, '2019', 0, '2022-12-11 03:29:02', '2022-12-11 03:29:02');
INSERT INTO `student_major` VALUES (981, 981, 3, '2020', 0, '2022-12-11 03:29:02', '2022-12-11 03:29:02');
INSERT INTO `student_major` VALUES (982, 982, 6, '2019', 0, '2022-12-11 03:29:02', '2022-12-11 03:29:02');
INSERT INTO `student_major` VALUES (983, 983, 3, '2020', 0, '2022-12-11 03:29:02', '2022-12-11 03:29:02');
INSERT INTO `student_major` VALUES (984, 984, 2, '2019', 0, '2022-12-11 03:29:02', '2022-12-11 03:29:02');
INSERT INTO `student_major` VALUES (985, 985, 6, '2022', 0, '2022-12-11 03:29:02', '2022-12-11 03:29:02');
INSERT INTO `student_major` VALUES (986, 986, 3, '2021', 0, '2022-12-11 03:29:02', '2022-12-11 03:29:02');
INSERT INTO `student_major` VALUES (987, 987, 2, '2022', 0, '2022-12-11 03:29:02', '2022-12-11 03:29:02');
INSERT INTO `student_major` VALUES (988, 988, 5, '2019', 0, '2022-12-11 03:29:02', '2022-12-11 03:29:02');
INSERT INTO `student_major` VALUES (989, 989, 4, '2020', 0, '2022-12-11 03:29:02', '2022-12-11 03:29:02');
INSERT INTO `student_major` VALUES (990, 990, 1, '2019', 0, '2022-12-11 03:29:02', '2022-12-11 03:29:02');
INSERT INTO `student_major` VALUES (991, 991, 6, '2021', 0, '2022-12-11 03:29:02', '2022-12-11 03:29:02');
INSERT INTO `student_major` VALUES (992, 992, 2, '2021', 0, '2022-12-11 03:29:02', '2022-12-11 03:29:02');
INSERT INTO `student_major` VALUES (993, 993, 1, '2020', 0, '2022-12-11 03:29:02', '2022-12-11 03:29:02');
INSERT INTO `student_major` VALUES (994, 994, 4, '2019', 0, '2022-12-11 03:29:02', '2022-12-11 03:29:02');
INSERT INTO `student_major` VALUES (995, 995, 6, '2022', 0, '2022-12-11 03:29:02', '2022-12-11 03:29:02');
INSERT INTO `student_major` VALUES (996, 996, 5, '2019', 0, '2022-12-11 03:29:02', '2022-12-11 03:29:02');
INSERT INTO `student_major` VALUES (997, 997, 2, '2019', 0, '2022-12-11 03:29:02', '2022-12-11 03:29:02');
INSERT INTO `student_major` VALUES (998, 998, 1, '2019', 0, '2022-12-11 03:29:02', '2022-12-11 03:29:02');
INSERT INTO `student_major` VALUES (999, 999, 5, '2021', 0, '2022-12-11 03:29:02', '2022-12-11 03:29:02');
INSERT INTO `student_major` VALUES (1000, 1000, 4, '2021', 0, '2022-12-11 03:29:02', '2022-12-11 03:29:02');
INSERT INTO `student_major` VALUES (1001, 1005, 1, '2019', 0, '2022-12-12 04:11:59', '2022-12-12 04:11:59');
INSERT INTO `student_major` VALUES (1002, 1006, 1, '2020', 0, '2022-12-23 01:49:34', '2022-12-23 01:49:34');
INSERT INTO `student_major` VALUES (1003, 1008, 1, '2020', 0, '2022-12-23 20:50:35', '2022-12-23 20:50:35');
INSERT INTO `student_major` VALUES (1004, 1009, 1, '2020', 1, '2022-12-23 20:50:41', '2022-12-27 16:14:56');
INSERT INTO `student_major` VALUES (1005, 1010, 1, '2020', 0, '2022-12-23 20:51:09', '2022-12-23 20:51:09');
INSERT INTO `student_major` VALUES (1006, 1011, 1, '2020', 0, '2022-12-23 20:51:15', '2022-12-23 20:51:15');
INSERT INTO `student_major` VALUES (1007, 1012, 1, '2020', 0, '2022-12-23 20:51:28', '2022-12-23 20:51:28');
INSERT INTO `student_major` VALUES (1008, 1013, 1, '2022', 0, '2022-12-26 18:28:31', '2022-12-26 18:28:31');
INSERT INTO `student_major` VALUES (1009, 1014, 1, '2019', 1, '2022-12-27 02:34:28', '2022-12-27 02:35:12');

-- ----------------------------
-- Table structure for teacher
-- ----------------------------
DROP TABLE IF EXISTS `teacher`;
CREATE TABLE `teacher`  (
  `id` bigint NOT NULL AUTO_INCREMENT COMMENT 'pk_id',
  `name` varchar(30) CHARACTER SET utf8mb4 COLLATE utf8mb4_0900_ai_ci NOT NULL COMMENT '教师姓名',
  `number` char(11) CHARACTER SET utf8mb4 COLLATE utf8mb4_0900_ai_ci NOT NULL COMMENT '工号',
  `password` varchar(255) CHARACTER SET utf8mb4 COLLATE utf8mb4_0900_ai_ci NOT NULL COMMENT '密码',
  `salt` varchar(255) CHARACTER SET utf8mb4 COLLATE utf8mb4_0900_ai_ci NOT NULL COMMENT '密码盐值',
  `is_deleted` datetime NULL DEFAULT NULL COMMENT '逻辑删除(1为已删除 默认为0)',
  `gmt_create` datetime NOT NULL DEFAULT CURRENT_TIMESTAMP COMMENT '创建时间',
  `gmt_modified` datetime NOT NULL DEFAULT CURRENT_TIMESTAMP ON UPDATE CURRENT_TIMESTAMP COMMENT '修改时间',
  PRIMARY KEY (`id`) USING BTREE,
  UNIQUE INDEX `pk_id`(`id`) USING BTREE COMMENT 'pk_id',
  UNIQUE INDEX `index_number`(`number`, `is_deleted`) USING BTREE COMMENT 'uk_number'
) ENGINE = InnoDB AUTO_INCREMENT = 68 CHARACTER SET = utf8mb4 COLLATE = utf8mb4_0900_ai_ci ROW_FORMAT = Dynamic;

-- ----------------------------
-- Records of teacher
-- ----------------------------
INSERT INTO `teacher` VALUES (1, 'test', '20201000000', 'ffa81f19a8f2729b549e8d739a52fb16', 'spqGepL4CM', NULL, '2022-12-11 03:25:33', '2022-12-26 23:54:58');
INSERT INTO `teacher` VALUES (2, '兰映冬', '20201000002', 'a603e457e8b7c956d67a48cc18ea7371', 'XjlXV3fUsx', NULL, '2022-12-11 03:25:33', '2022-12-26 23:54:58');
INSERT INTO `teacher` VALUES (3, '功嘉言', '20201000003', '57c3cb70f14ca167abc6dc3bde5d1cd8', 'hXFkAGtHgP', NULL, '2022-12-11 03:25:33', '2022-12-26 23:54:58');
INSERT INTO `teacher` VALUES (4, '原甘', '20201000004', '57c3cb70f14ca167abc6dc3bde5d1cd8', 'hXFkAGtHgP', NULL, '2022-12-11 03:25:33', '2022-12-26 23:54:58');
INSERT INTO `teacher` VALUES (5, '长鸿朗', '20201000005', '57c3cb70f14ca167abc6dc3bde5d1cd8', 'hXFkAGtHgP', NULL, '2022-12-11 03:25:33', '2022-12-26 23:54:58');
INSERT INTO `teacher` VALUES (6, '么初之', '20201000006', '57c3cb70f14ca167abc6dc3bde5d1cd8', 'hXFkAGtHgP', NULL, '2022-12-11 03:25:33', '2022-12-26 23:54:58');
INSERT INTO `teacher` VALUES (7, '钱泽惠', '20201000007', '57c3cb70f14ca167abc6dc3bde5d1cd8', 'hXFkAGtHgP', NULL, '2022-12-11 03:25:33', '2022-12-26 23:54:58');
INSERT INTO `teacher` VALUES (8, '睢长旭', '20201000008', '57c3cb70f14ca167abc6dc3bde5d1cd8', 'hXFkAGtHgP', NULL, '2022-12-11 03:25:33', '2022-12-26 23:54:58');
INSERT INTO `teacher` VALUES (9, '芒湛娟', '20201000009', '57c3cb70f14ca167abc6dc3bde5d1cd8', 'hXFkAGtHgP', NULL, '2022-12-11 03:25:33', '2022-12-26 23:54:58');
INSERT INTO `teacher` VALUES (10, '桂昊嘉', '20201000010', '57c3cb70f14ca167abc6dc3bde5d1cd8', 'hXFkAGtHgP', NULL, '2022-12-11 03:25:33', '2022-12-26 23:54:58');
INSERT INTO `teacher` VALUES (11, '朴霓云', '20201000011', '57c3cb70f14ca167abc6dc3bde5d1cd8', 'hXFkAGtHgP', NULL, '2022-12-11 03:25:33', '2022-12-26 23:54:58');
INSERT INTO `teacher` VALUES (12, '钞悦爱', '20201000012', '57c3cb70f14ca167abc6dc3bde5d1cd8', 'hXFkAGtHgP', NULL, '2022-12-11 03:25:33', '2022-12-26 23:54:58');
INSERT INTO `teacher` VALUES (13, '融问凝', '20201000013', '57c3cb70f14ca167abc6dc3bde5d1cd8', 'hXFkAGtHgP', NULL, '2022-12-11 03:25:33', '2022-12-26 23:54:58');
INSERT INTO `teacher` VALUES (14, '郜朝旭', '20201000014', '57c3cb70f14ca167abc6dc3bde5d1cd8', 'hXFkAGtHgP', NULL, '2022-12-11 03:25:33', '2022-12-26 23:54:58');
INSERT INTO `teacher` VALUES (15, '邵夏岚', '20201000015', '57c3cb70f14ca167abc6dc3bde5d1cd8', 'hXFkAGtHgP', NULL, '2022-12-11 03:25:33', '2022-12-26 23:54:58');
INSERT INTO `teacher` VALUES (16, '章思松', '20201000016', '57c3cb70f14ca167abc6dc3bde5d1cd8', 'hXFkAGtHgP', NULL, '2022-12-11 03:25:33', '2022-12-26 23:54:58');
INSERT INTO `teacher` VALUES (17, '回越泽', '20201000017', '57c3cb70f14ca167abc6dc3bde5d1cd8', 'hXFkAGtHgP', NULL, '2022-12-11 03:25:33', '2022-12-26 23:54:58');
INSERT INTO `teacher` VALUES (18, '严千风', '20201000018', '57c3cb70f14ca167abc6dc3bde5d1cd8', 'hXFkAGtHgP', NULL, '2022-12-11 03:25:33', '2022-12-26 23:54:58');
INSERT INTO `teacher` VALUES (19, '妫沛凝', '20201000019', '57c3cb70f14ca167abc6dc3bde5d1cd8', 'hXFkAGtHgP', NULL, '2022-12-11 03:25:33', '2022-12-26 23:54:58');
INSERT INTO `teacher` VALUES (20, '芮弘业', '20201000020', '57c3cb70f14ca167abc6dc3bde5d1cd8', 'hXFkAGtHgP', NULL, '2022-12-11 03:25:33', '2022-12-26 23:54:58');
INSERT INTO `teacher` VALUES (21, '喜凌春', '20201000021', '57c3cb70f14ca167abc6dc3bde5d1cd8', 'hXFkAGtHgP', NULL, '2022-12-11 03:25:33', '2022-12-26 23:54:58');
INSERT INTO `teacher` VALUES (22, '薛哲瀚', '20201000022', '57c3cb70f14ca167abc6dc3bde5d1cd8', 'hXFkAGtHgP', NULL, '2022-12-11 03:25:33', '2022-12-26 23:54:58');
INSERT INTO `teacher` VALUES (23, '娄凝荷', '20201000023', '57c3cb70f14ca167abc6dc3bde5d1cd8', 'hXFkAGtHgP', NULL, '2022-12-11 03:25:33', '2022-12-26 23:54:58');
INSERT INTO `teacher` VALUES (24, '掌偲偲', '20201000024', '57c3cb70f14ca167abc6dc3bde5d1cd8', 'hXFkAGtHgP', NULL, '2022-12-11 03:25:33', '2022-12-26 23:54:58');
INSERT INTO `teacher` VALUES (25, '慕容力', '20201000025', '57c3cb70f14ca167abc6dc3bde5d1cd8', 'hXFkAGtHgP', NULL, '2022-12-11 03:25:33', '2022-12-26 23:54:58');
INSERT INTO `teacher` VALUES (26, '计秋', '20201000026', '57c3cb70f14ca167abc6dc3bde5d1cd8', 'hXFkAGtHgP', NULL, '2022-12-11 03:25:33', '2022-12-26 23:54:58');
INSERT INTO `teacher` VALUES (27, '钟离紫杉', '20201000027', '57c3cb70f14ca167abc6dc3bde5d1cd8', 'hXFkAGtHgP', NULL, '2022-12-11 03:25:33', '2022-12-26 23:54:58');
INSERT INTO `teacher` VALUES (28, '后幼', '20201000028', '57c3cb70f14ca167abc6dc3bde5d1cd8', 'hXFkAGtHgP', NULL, '2022-12-11 03:25:33', '2022-12-26 23:54:58');
INSERT INTO `teacher` VALUES (29, '尔清懿', '20201000029', '57c3cb70f14ca167abc6dc3bde5d1cd8', 'hXFkAGtHgP', NULL, '2022-12-11 03:25:33', '2022-12-26 23:54:58');
INSERT INTO `teacher` VALUES (30, '笃泽', '20201000030', '57c3cb70f14ca167abc6dc3bde5d1cd8', 'hXFkAGtHgP', NULL, '2022-12-11 03:25:33', '2022-12-26 23:54:58');
INSERT INTO `teacher` VALUES (31, '营和悌', '20201000031', '57c3cb70f14ca167abc6dc3bde5d1cd8', 'hXFkAGtHgP', NULL, '2022-12-11 03:25:33', '2022-12-26 23:54:58');
INSERT INTO `teacher` VALUES (32, '钭喆', '20201000032', '57c3cb70f14ca167abc6dc3bde5d1cd8', 'hXFkAGtHgP', NULL, '2022-12-11 03:25:33', '2022-12-26 23:54:58');
INSERT INTO `teacher` VALUES (33, '毓黎昕', '20201000033', '57c3cb70f14ca167abc6dc3bde5d1cd8', 'hXFkAGtHgP', NULL, '2022-12-11 03:25:33', '2022-12-26 23:54:58');
INSERT INTO `teacher` VALUES (34, '贺书蝶', '20201000034', '57c3cb70f14ca167abc6dc3bde5d1cd8', 'hXFkAGtHgP', NULL, '2022-12-11 03:25:33', '2022-12-26 23:54:58');
INSERT INTO `teacher` VALUES (35, '富察白容', '20201000035', '57c3cb70f14ca167abc6dc3bde5d1cd8', 'hXFkAGtHgP', NULL, '2022-12-11 03:25:33', '2022-12-26 23:54:58');
INSERT INTO `teacher` VALUES (36, '郗嘉木', '20201000036', '57c3cb70f14ca167abc6dc3bde5d1cd8', 'hXFkAGtHgP', NULL, '2022-12-11 03:25:33', '2022-12-26 23:54:58');
INSERT INTO `teacher` VALUES (37, '堵嘉音', '20201000037', '57c3cb70f14ca167abc6dc3bde5d1cd8', 'hXFkAGtHgP', NULL, '2022-12-11 03:25:33', '2022-12-26 23:54:58');
INSERT INTO `teacher` VALUES (38, '左丘芳苓', '20201000038', '57c3cb70f14ca167abc6dc3bde5d1cd8', 'hXFkAGtHgP', NULL, '2022-12-11 03:25:33', '2022-12-26 23:54:58');
INSERT INTO `teacher` VALUES (39, '柔涵蕾', '20201000039', '57c3cb70f14ca167abc6dc3bde5d1cd8', 'hXFkAGtHgP', NULL, '2022-12-11 03:25:33', '2022-12-26 23:54:58');
INSERT INTO `teacher` VALUES (40, '勾和悦', '20201000040', '57c3cb70f14ca167abc6dc3bde5d1cd8', 'hXFkAGtHgP', NULL, '2022-12-11 03:25:33', '2022-12-26 23:54:58');
INSERT INTO `teacher` VALUES (41, '隆弘毅', '20201000041', '57c3cb70f14ca167abc6dc3bde5d1cd8', 'hXFkAGtHgP', NULL, '2022-12-11 03:25:33', '2022-12-26 23:54:58');
INSERT INTO `teacher` VALUES (42, '卞嘉纳', '20201000042', '57c3cb70f14ca167abc6dc3bde5d1cd8', 'hXFkAGtHgP', NULL, '2022-12-11 03:25:33', '2022-12-26 23:54:58');
INSERT INTO `teacher` VALUES (43, '冷朝雨', '20201000043', '57c3cb70f14ca167abc6dc3bde5d1cd8', 'hXFkAGtHgP', NULL, '2022-12-11 03:25:33', '2022-12-26 23:54:58');
INSERT INTO `teacher` VALUES (44, '操芷兰', '20201000044', '57c3cb70f14ca167abc6dc3bde5d1cd8', 'hXFkAGtHgP', NULL, '2022-12-11 03:25:33', '2022-12-26 23:54:58');
INSERT INTO `teacher` VALUES (45, '丹正奇', '20201000045', '57c3cb70f14ca167abc6dc3bde5d1cd8', 'hXFkAGtHgP', NULL, '2022-12-11 03:25:33', '2022-12-26 23:54:58');
INSERT INTO `teacher` VALUES (46, '开怿', '20201000046', '57c3cb70f14ca167abc6dc3bde5d1cd8', 'hXFkAGtHgP', NULL, '2022-12-11 03:25:33', '2022-12-26 23:54:58');
INSERT INTO `teacher` VALUES (47, '盈寒烟', '20201000047', '57c3cb70f14ca167abc6dc3bde5d1cd8', 'hXFkAGtHgP', NULL, '2022-12-11 03:25:33', '2022-12-26 23:54:58');
INSERT INTO `teacher` VALUES (48, '诸葛涵菡', '20201000048', '57c3cb70f14ca167abc6dc3bde5d1cd8', 'hXFkAGtHgP', NULL, '2022-12-11 03:25:33', '2022-12-26 23:54:58');
INSERT INTO `teacher` VALUES (49, '顿姗姗', '20201000049', '57c3cb70f14ca167abc6dc3bde5d1cd8', 'hXFkAGtHgP', NULL, '2022-12-11 03:25:33', '2022-12-26 23:54:58');
INSERT INTO `teacher` VALUES (50, '门芳蕤', '20201000050', '57c3cb70f14ca167abc6dc3bde5d1cd8', 'hXFkAGtHgP', NULL, '2022-12-11 03:25:33', '2022-12-26 23:54:58');
INSERT INTO `teacher` VALUES (51, '蒙秋华', '20191003044', '4280d89a5a03f812751f504cc10ee8a5', 'D2jFFsZpzl', '2022-12-27 00:21:03', '2022-12-12 03:10:58', '2022-12-27 00:21:03');
INSERT INTO `teacher` VALUES (53, '蒙秋华', '20191003045', 'ba129c13b3f6f6e8fbcdcfc38e9d381c', '1a3LZhSF0g', '2022-12-27 00:21:31', '2022-12-18 19:54:51', '2022-12-27 00:21:31');
INSERT INTO `teacher` VALUES (56, '王泽帆', '20201002959', '11cecc763ff500804e58d41d4521fa80', 'SgPYY5WyXc', NULL, '2022-12-23 01:28:00', '2022-12-26 23:54:58');
INSERT INTO `teacher` VALUES (57, 'wzf', '20201002958', 'db611d6a8eea7b2f2db244653ac69af5', 'G40HtPdrg7', NULL, '2022-12-23 01:28:40', '2022-12-26 23:54:58');
INSERT INTO `teacher` VALUES (58, 'w', '20201002957', '421cfac7359d231aede6ec9a7deda1ae', '78xrE6EsSq', NULL, '2022-12-23 01:29:14', '2022-12-26 23:54:58');
INSERT INTO `teacher` VALUES (59, 'w', '20201002956', 'd7903dc5753756b5256218bcdfb78af0', '7ymFQgIsbo', NULL, '2022-12-23 01:29:56', '2022-12-26 23:54:58');
INSERT INTO `teacher` VALUES (60, 'wzf', '20201002955', '275a2fa29b2b189e985be7bad5f3c661', 'eL5vRYnwY1', NULL, '2022-12-23 15:46:29', '2022-12-27 19:20:45');
INSERT INTO `teacher` VALUES (63, '蒙秋华', '20191003044', '6927764831daf207f7cda52049398a0d', 'QU0aU7cypS', '2022-12-27 00:34:19', '2022-12-27 00:21:36', '2022-12-27 00:34:19');
INSERT INTO `teacher` VALUES (64, '蒙秋华', '20191003044', 'e6a434ff6b7121c49e5586ac2f8ded00', 'UiUYw7gLEl', '2022-12-27 00:47:30', '2022-12-27 00:47:24', '2022-12-27 00:47:30');
INSERT INTO `teacher` VALUES (65, '蒙秋华', '20201003044', '48b6b1a953bf3c355a70a4f6d7eecde2', 'hkm0bQ3zYz', '2022-12-27 00:48:01', '2022-12-27 00:47:38', '2022-12-27 00:48:01');
INSERT INTO `teacher` VALUES (66, '蒙秋华', '20211003044', 'e3d8a39485b6c5a98e91c4311e35548f', '9ufwFYS0M5', NULL, '2022-12-27 00:47:57', '2022-12-27 00:47:57');
INSERT INTO `teacher` VALUES (67, 'test', '20211002959', 'ac18f621c454d7c220b96fdb01f64062', 'lB6RiqUC8m', NULL, '2022-12-27 15:50:08', '2022-12-27 15:50:08');

-- ----------------------------
-- Table structure for teacher_major
-- ----------------------------
DROP TABLE IF EXISTS `teacher_major`;
CREATE TABLE `teacher_major`  (
  `id` bigint NOT NULL AUTO_INCREMENT COMMENT 'pk_id',
  `teacher_id` bigint NOT NULL COMMENT '教师id',
  `major_id` bigint NOT NULL COMMENT '学院id',
  `is_deleted` tinyint NOT NULL DEFAULT 0 COMMENT '逻辑删除(1为已删除 默认为0)',
  `gmt_create` datetime NOT NULL DEFAULT CURRENT_TIMESTAMP COMMENT '创建时间',
  `gmt_modified` datetime NOT NULL DEFAULT CURRENT_TIMESTAMP ON UPDATE CURRENT_TIMESTAMP COMMENT '修改时间',
  PRIMARY KEY (`id`) USING BTREE
) ENGINE = InnoDB AUTO_INCREMENT = 67 CHARACTER SET = utf8mb4 COLLATE = utf8mb4_0900_ai_ci ROW_FORMAT = Dynamic;

-- ----------------------------
-- Records of teacher_major
-- ----------------------------
INSERT INTO `teacher_major` VALUES (1, 1, 6, 0, '2022-12-11 03:33:01', '2022-12-26 23:34:34');
INSERT INTO `teacher_major` VALUES (2, 2, 6, 0, '2022-12-11 03:33:01', '2022-12-11 03:33:01');
INSERT INTO `teacher_major` VALUES (3, 3, 4, 0, '2022-12-11 03:33:01', '2022-12-11 03:33:01');
INSERT INTO `teacher_major` VALUES (4, 4, 6, 0, '2022-12-11 03:33:01', '2022-12-11 03:33:01');
INSERT INTO `teacher_major` VALUES (5, 5, 1, 0, '2022-12-11 03:33:01', '2022-12-11 03:33:01');
INSERT INTO `teacher_major` VALUES (6, 6, 2, 0, '2022-12-11 03:33:01', '2022-12-11 03:33:01');
INSERT INTO `teacher_major` VALUES (7, 7, 4, 0, '2022-12-11 03:33:01', '2022-12-11 03:33:01');
INSERT INTO `teacher_major` VALUES (8, 8, 2, 0, '2022-12-11 03:33:01', '2022-12-11 03:33:01');
INSERT INTO `teacher_major` VALUES (9, 9, 4, 0, '2022-12-11 03:33:01', '2022-12-11 03:33:01');
INSERT INTO `teacher_major` VALUES (10, 10, 1, 0, '2022-12-11 03:33:01', '2022-12-11 03:33:01');
INSERT INTO `teacher_major` VALUES (11, 11, 4, 0, '2022-12-11 03:33:01', '2022-12-11 03:33:01');
INSERT INTO `teacher_major` VALUES (12, 12, 3, 0, '2022-12-11 03:33:01', '2022-12-11 03:33:01');
INSERT INTO `teacher_major` VALUES (13, 13, 1, 0, '2022-12-11 03:33:01', '2022-12-11 03:33:01');
INSERT INTO `teacher_major` VALUES (14, 14, 6, 0, '2022-12-11 03:33:01', '2022-12-11 03:33:01');
INSERT INTO `teacher_major` VALUES (15, 15, 2, 0, '2022-12-11 03:33:01', '2022-12-11 03:33:01');
INSERT INTO `teacher_major` VALUES (16, 16, 1, 0, '2022-12-11 03:33:01', '2022-12-11 03:33:01');
INSERT INTO `teacher_major` VALUES (17, 17, 2, 0, '2022-12-11 03:33:01', '2022-12-11 03:33:01');
INSERT INTO `teacher_major` VALUES (18, 18, 1, 0, '2022-12-11 03:33:01', '2022-12-11 03:33:01');
INSERT INTO `teacher_major` VALUES (19, 19, 5, 0, '2022-12-11 03:33:01', '2022-12-11 03:33:01');
INSERT INTO `teacher_major` VALUES (20, 20, 3, 0, '2022-12-11 03:33:01', '2022-12-11 03:33:01');
INSERT INTO `teacher_major` VALUES (21, 21, 5, 0, '2022-12-11 03:33:01', '2022-12-11 03:33:01');
INSERT INTO `teacher_major` VALUES (22, 22, 1, 0, '2022-12-11 03:33:01', '2022-12-11 03:33:01');
INSERT INTO `teacher_major` VALUES (23, 23, 3, 0, '2022-12-11 03:33:01', '2022-12-11 03:33:01');
INSERT INTO `teacher_major` VALUES (24, 24, 6, 0, '2022-12-11 03:33:01', '2022-12-11 03:33:01');
INSERT INTO `teacher_major` VALUES (25, 25, 4, 0, '2022-12-11 03:33:01', '2022-12-11 03:33:01');
INSERT INTO `teacher_major` VALUES (26, 26, 2, 0, '2022-12-11 03:33:01', '2022-12-11 03:33:01');
INSERT INTO `teacher_major` VALUES (27, 27, 6, 0, '2022-12-11 03:33:01', '2022-12-11 03:33:01');
INSERT INTO `teacher_major` VALUES (28, 28, 1, 0, '2022-12-11 03:33:01', '2022-12-11 03:33:01');
INSERT INTO `teacher_major` VALUES (29, 29, 2, 0, '2022-12-11 03:33:01', '2022-12-11 03:33:01');
INSERT INTO `teacher_major` VALUES (30, 30, 6, 0, '2022-12-11 03:33:01', '2022-12-11 03:33:01');
INSERT INTO `teacher_major` VALUES (31, 31, 2, 0, '2022-12-11 03:33:02', '2022-12-11 03:33:02');
INSERT INTO `teacher_major` VALUES (32, 32, 5, 0, '2022-12-11 03:33:02', '2022-12-11 03:33:02');
INSERT INTO `teacher_major` VALUES (33, 33, 2, 0, '2022-12-11 03:33:02', '2022-12-11 03:33:02');
INSERT INTO `teacher_major` VALUES (34, 34, 4, 0, '2022-12-11 03:33:02', '2022-12-11 03:33:02');
INSERT INTO `teacher_major` VALUES (35, 35, 6, 0, '2022-12-11 03:33:02', '2022-12-11 03:33:02');
INSERT INTO `teacher_major` VALUES (36, 36, 4, 0, '2022-12-11 03:33:02', '2022-12-11 03:33:02');
INSERT INTO `teacher_major` VALUES (37, 37, 1, 0, '2022-12-11 03:33:02', '2022-12-11 03:33:02');
INSERT INTO `teacher_major` VALUES (38, 38, 2, 0, '2022-12-11 03:33:02', '2022-12-11 03:33:02');
INSERT INTO `teacher_major` VALUES (39, 39, 1, 0, '2022-12-11 03:33:02', '2022-12-11 03:33:02');
INSERT INTO `teacher_major` VALUES (40, 40, 1, 0, '2022-12-11 03:33:02', '2022-12-11 03:33:02');
INSERT INTO `teacher_major` VALUES (41, 41, 1, 0, '2022-12-11 03:33:02', '2022-12-11 03:33:02');
INSERT INTO `teacher_major` VALUES (42, 42, 1, 0, '2022-12-11 03:33:02', '2022-12-11 03:33:02');
INSERT INTO `teacher_major` VALUES (43, 43, 6, 0, '2022-12-11 03:33:02', '2022-12-11 03:33:02');
INSERT INTO `teacher_major` VALUES (44, 44, 3, 0, '2022-12-11 03:33:02', '2022-12-11 03:33:02');
INSERT INTO `teacher_major` VALUES (45, 45, 4, 0, '2022-12-11 03:33:02', '2022-12-11 03:33:02');
INSERT INTO `teacher_major` VALUES (46, 46, 3, 0, '2022-12-11 03:33:02', '2022-12-11 03:33:02');
INSERT INTO `teacher_major` VALUES (47, 47, 3, 0, '2022-12-11 03:33:02', '2022-12-11 03:33:02');
INSERT INTO `teacher_major` VALUES (48, 48, 3, 0, '2022-12-11 03:33:02', '2022-12-11 03:33:02');
INSERT INTO `teacher_major` VALUES (49, 49, 6, 0, '2022-12-11 03:33:02', '2022-12-11 03:33:02');
INSERT INTO `teacher_major` VALUES (50, 50, 6, 0, '2022-12-11 03:33:02', '2022-12-11 03:33:02');
INSERT INTO `teacher_major` VALUES (54, 51, 1, 1, '2022-12-12 03:10:58', '2022-12-27 00:21:03');
INSERT INTO `teacher_major` VALUES (55, 53, 1, 1, '2022-12-18 19:54:51', '2022-12-27 00:21:31');
INSERT INTO `teacher_major` VALUES (56, 55, 1, 0, '2022-12-23 01:23:44', '2022-12-23 01:23:44');
INSERT INTO `teacher_major` VALUES (57, 56, 1, 0, '2022-12-23 01:28:00', '2022-12-23 01:28:00');
INSERT INTO `teacher_major` VALUES (58, 57, 1, 0, '2022-12-23 01:28:40', '2022-12-23 01:28:40');
INSERT INTO `teacher_major` VALUES (59, 58, 1, 0, '2022-12-23 01:29:14', '2022-12-27 00:20:52');
INSERT INTO `teacher_major` VALUES (60, 59, 1, 0, '2022-12-23 01:29:56', '2022-12-27 00:20:52');
INSERT INTO `teacher_major` VALUES (61, 60, 1, 0, '2022-12-23 15:46:29', '2022-12-23 15:46:29');
INSERT INTO `teacher_major` VALUES (62, 63, 1, 1, '2022-12-27 00:21:36', '2022-12-27 00:34:19');
INSERT INTO `teacher_major` VALUES (63, 64, 1, 1, '2022-12-27 00:47:24', '2022-12-27 00:47:30');
INSERT INTO `teacher_major` VALUES (64, 65, 1, 1, '2022-12-27 00:47:38', '2022-12-27 00:48:01');
INSERT INTO `teacher_major` VALUES (65, 66, 1, 0, '2022-12-27 00:47:57', '2022-12-27 00:47:57');
INSERT INTO `teacher_major` VALUES (66, 67, 1, 0, '2022-12-27 15:50:08', '2022-12-27 15:50:08');

SET FOREIGN_KEY_CHECKS = 1;
